0,-8.945046488,-8.95627052,-8.967036822,-8.977183511,-8.986837768,-8.995743474,-9.003879616,-9.011029719,-9.016977738,-9.021416566,-9.024000948,-9.024315183,-9.021784998,-9.015734321,-9.005777788,-8.990946533,-8.970438183,-8.94333715,-8.908614992,-8.865085056,-8.811821613,-8.747313227,-8.670349128,-8.579669879,-8.473885313,-8.351742094,-8.211886326,-8.053232046,-7.874560497,-7.674867507,-7.453393264,-7.209462985,-6.94271004,-6.653002226,-6.340283257,-6.005137855,-5.648078972,-5.270184901,-4.872711261,-4.457233773,-4.02575096,-3.580220337,-3.122972659,-2.656641506,-2.183944716,-1.707618346,-1.23067866,-0.755995382,-0.286470821,0.175010545,0.625788521,1.063216848,1.484847314,1.888488987,2.272137509,2.634151296,2.973130053,3.287919934,3.577671517,3.841882308,4.080303956,4.292921826,4.480203093,4.642641293,4.780806666,4.896047945,4.989414906,5.062114692,5.116035073,5.152109335,5.172020215,5.177708649,5.170562709,5.151983233,5.123730034,5.087260765,5.043719078,4.994489361,4.940779191,4.883619908,4.823914042,4.762472816,4.700077385,4.637248761,4.574739616,4.512665019,4.451546975,4.391658988,4.333309762,4.276611498,4.221752922,4.168905904,4.118280394,4.069883082,4.024037871,3.980820012,3.940373995,3.903052658,3.868955747,3.838410786,3.811702364
0,-0.708042501,-0.652675189,-0.592012977,-0.525615443,-0.453029745,-0.37386223,-0.287763735,-0.1944972,-0.09379046,0.014446472,0.13022934,0.253577429,0.384365311,0.522325134,0.667213098,0.818556733,0.975803954,1.138330574,1.305457886,1.476230753,1.649937903,1.82559018,2.002273165,2.17913899,2.355340213,2.530116072,2.702672185,2.872600106,3.039454951,3.202910548,3.362920794,3.519565492,3.673147434,3.823919714,3.972505234,4.1194331,4.265485148,4.411394327,4.557947801,4.705804217,4.855757929,5.008512863,5.164641838,5.324525768,5.488523631,5.656867105,5.829587922,6.00659525,6.187596629,6.372417911,6.560469438,6.751249476,6.944071041,7.13815618,7.332714248,7.526755691,7.719300923,7.909296129,8.09562847,8.27715065,8.452898147,8.621720612,8.782660421,8.934900775,9.077727808,9.210449096,9.332708818,9.444149747,9.544669734,9.634197899,9.712799786,9.780989801,9.838718759,9.886664658,9.925279936,9.955203453,9.976963047,9.991478474,9.999271722,10.00108867,9.997686045,9.989717768,9.977943494,9.962887736,9.945180444,9.925496483,9.90429091,9.882148174,9.859450755,9.836499105,9.813786388,9.791590996,9.770126585,9.749678174,9.730382315,9.712405136,9.695926997,9.681031608,9.667806781,9.65626164,9.64664907
0,11.02837208,11.00985013,10.99938811,10.99685817,11.002709,11.01728117,11.03960351,11.07028188,11.1093077,11.1562476,11.21101353,11.27333796,11.3429225,11.41938979,11.50271329,11.59198181,11.68729839,11.78807497,11.8938787,12.00437799,12.11915722,12.23783382,12.35998987,12.48531645,12.6133849,12.74383718,12.87637576,13.01064025,13.14635928,13.28326915,13.42112496,13.55965256,13.69867175,13.83800804,13.9775026,14.11702249,14.25645867,14.39570478,14.53474457,14.6734969,14.81187563,14.94990893,15.087549,15.2247616,15.36151739,15.49784018,15.63367428,15.76900343,15.90375681,16.03795991,16.17154887,16.30443605,16.43660435,16.56798529,16.69852755,16.82808406,16.95661015,17.08401903,17.21016618,17.33496376,17.45829563,17.58002288,17.6999812,17.81803287,17.93404087,18.0477842,18.15910541,18.26782557,18.37373941,18.4766911,18.57648161,18.67292402,18.76586018,18.8550921,18.94050434,19.02196915,19.09935337,19.17249369,19.24140104,19.30597279,19.3661728,19.42199046,19.4734172,19.52048075,19.56327664,19.60179438,19.63631233,19.66681355,19.69339703,19.7162794,19.7357404,19.75172636,19.76457932,19.77444445,19.78149827,19.7860373,19.78807743,19.78808555,19.78603113,19.78210694,19.77652621
0,-9.548649567,-9.576945074,-9.606533255,-9.637882394,-9.671309514,-9.70739147,-9.74649584,-9.789075238,-9.835666499,-9.886719084,-9.942675511,-10.00409669,-10.07108723,-10.14411091,-10.22334315,-10.30881249,-10.40049292,-10.49816927,-10.60156582,-10.71025409,-10.82369359,-10.94107775,-11.06178821,-11.1850041,-11.30973652,-11.43504823,-11.55992914,-11.6833242,-11.80418761,-11.92145602,-12.03412014,-12.1411829,-12.24170999,-12.33481861,-12.41975169,-12.49591578,-12.56250635,-12.61910553,-12.66528083,-12.7006881,-12.72512928,-12.73832011,-12.74047466,-12.73139719,-12.71114095,-12.68003832,-12.63854592,-12.58670028,-12.52540672,-12.45489313,-12.37594734,-12.28917948,-12.1954108,-12.09525373,-11.98946934,-11.87886299,-11.76430996,-11.64650791,-11.52638,-11.40477053,-11.282513,-11.16051291,-11.03965628,-10.92068471,-10.80446351,-10.69168209,-10.58287424,-10.47878712,-10.37970819,-10.28610964,-10.19831201,-10.11644203,-10.04052139,-9.970630769,-9.906597742,-9.848154129,-9.795042581,-9.746748558,-9.702916976,-9.663018894,-9.626495592,-9.592826224,-9.561478111,-9.531853827,-9.503479618,-9.475840123,-9.448462605,-9.420876243,-9.392919666,-9.364054902,-9.334202291,-9.303203503,-9.270906896,-9.237342757,-9.202603675,-9.166816707,-9.130212567,-9.093131046,-9.055989523,-9.019212681,-8.98338135
0,-8.651319084,-8.50614053,-8.335083118,-8.203313619,-8.108480686,-7.981701535,-7.776522785,-7.517902217,-7.261922894,-7.12241003,-7.164894737,-7.457639627,-7.887340039,-8.332019195,-8.708534826,-9.037618528,-9.35378074,-9.621388691,-9.819683332,-9.974062365,-10.06805907,-10.09143396,-10.07120573,-9.995297166,-9.892472342,-9.832902044,-9.836185189,-9.852865347,-9.842477124,-9.801475307,-9.735353095,-9.668639097,-9.613733229,-9.570606877,-9.573899494,-9.655582339,-9.765453515,-9.846346569,-9.891589429,-9.912975602,-9.90817207,-9.890207571,-9.865151094,-9.816084519,-9.743442543,-9.659311585,-9.585224514,-9.540484885,-9.559638228,-9.677187581,-9.825967566,-9.995191621,-10.2043916,-10.45961102,-10.69470741,-10.75229604,-10.71790869,-10.65746097,-10.57636078,-10.4809243,-10.44811312,-10.6176293,-10.95443304,-11.25127713,-11.37381242,-11.40262584,-11.44118143,-11.5010298,-11.56035757,-11.56654092,-11.54371016,-11.603289,-11.78140078,-11.99898184,-12.16162197,-12.23417732,-12.22707987,-12.2281118,-12.32401149,-12.54091805,-12.82722106,-13.08978877,-13.32640087,-13.51601568,-13.64931918,-13.71236824,-13.76550311,-13.86937388,-14.0317118,-14.24368163,-14.49377003,-14.75365645,-14.95965122,-15.04094475,-14.99602333,-14.88180038,-14.75049353,-14.62670263,-14.48241232,-14.34560408,-14.25625803
0,-9.974601728,-9.986026461,-9.988881609,-9.98331745,-9.969496618,-9.947596272,-9.917331592,-9.879244341,-9.833506285,-9.780212852,-9.719690372,-9.652249052,-9.578138832,-9.497627449,-9.410932051,-9.31871218,-9.220887164,-9.117929709,-9.010102606,-8.897765716,-8.781088092,-8.660451058,-8.536122593,-8.408376076,-8.277488885,-8.143750335,-8.007456653,-7.868866294,-7.728240155,-7.585961872,-7.442321629,-7.297692668,-7.152356987,-7.006728744,-6.86124624,-6.716274608,-6.572286134,-6.429696884,-6.28894322,-6.150557723,-6.015013221,-5.882786968,-5.754390644,-5.630333193,-5.511137321,-5.397199523,-5.289019674,-5.18691321,-5.091621772,-5.003430638,-4.922714747,-4.849783919,-4.784988199,-4.729009521,-4.68106393,-4.642642292,-4.613475404,-4.593071174,-4.582840868,-4.581388363,-4.589811181,-4.607138622,-4.633439254,-4.66889741,-4.713171114,-4.764718897,-4.824169605,-4.890468373,-4.962927991,-5.040927699,-5.123403541,-5.209535368,-5.29849037,-5.389314503,-5.480917787,-5.572384993,-5.662732064,-5.751402665,-5.837076289,-5.919278173,-5.997328476,-6.070378521,-6.138099052,-6.199917227,-6.255551706,-6.304461395,-6.346977558,-6.382533654,-6.411106026,-6.432689193,-6.447293062,-6.455143582,-6.455810056,-6.450343722,-6.437756534,-6.419174979,-6.393535724,-6.362411953,-6.325209109,-6.282145934,-6.233311124
0,-17.86601137,-17.93189498,-18.00321266,-18.07947939,-18.15977444,-18.24314188,-18.32856898,-18.41483444,-18.500801,-18.58507373,-18.66610877,-18.7433086,-18.81458425,-18.87902515,-18.93541387,-18.9826192,-19.01960919,-19.04575249,-19.06017213,-19.06252746,-19.05230954,-19.02952695,-18.99406801,-18.94629927,-18.88646418,-18.81520858,-18.73328497,-18.64150865,-18.54076599,-18.43197412,-18.31641531,-18.19486506,-18.06841019,-17.93807211,-17.80490917,-17.66984466,-17.53381682,-17.3978134,-17.26269433,-17.12935693,-16.99882752,-16.87156677,-16.74872485,-16.63092099,-16.5189392,-16.41329997,-16.3145918,-16.22319491,-16.13944911,-16.06387261,-15.99591236,-15.93597006,-15.88370297,-15.83873289,-15.80055664,-15.76866985,-15.74228366,-15.72067573,-15.70307724,-15.6886709,-15.67669831,-15.66641156,-15.65705702,-15.64821292,-15.63913206,-15.62942834,-15.61878451,-15.60690188,-15.59359191,-15.57874406,-15.56231884,-15.54431698,-15.52491462,-15.50417957,-15.48251798,-15.45999923,-15.43689824,-15.41347509,-15.38989545,-15.36643191,-15.34320648,-15.32037055,-15.29799556,-15.27624575,-15.25520411,-15.23479926,-15.21514252,-15.19627101,-15.1781281,-15.16080803,-15.14436253,-15.12879516,-15.11417719,-15.10050183,-15.08782514,-15.0761686,-15.06538874,-15.05547808,-15.04623889,-15.03753804,-15.02917492
0,-17.38313316,-17.37731679,-17.37183603,-17.3660764,-17.35934627,-17.35070839,-17.33929623,-17.32405127,-17.30399138,-17.27793214,-17.24474768,-17.20354303,-17.15322101,-17.09287335,-17.02212013,-16.94005515,-16.84647857,-16.74119242,-16.62420187,-16.49578044,-16.35610661,-16.20584181,-16.04534111,-15.87543561,-15.69705545,-15.51050168,-15.31677368,-15.11655749,-14.91052541,-14.69932637,-14.48341943,-14.26325775,-14.0391138,-13.81113431,-13.5793103,-13.34365806,-13.10383885,-12.85964474,-12.61053887,-12.35605678,-12.09555352,-11.82830895,-11.55353245,-11.27038229,-10.97807437,-10.67587636,-10.36321998,-10.03961582,-9.704756771,-9.358649155,-9.001433364,-8.633627545,-8.255941791,-7.869301206,-7.474915553,-7.074195226,-6.668832599,-6.260367559,-5.850808364,-5.442064546,-5.036134068,-4.634943817,-4.240444785,-3.854582951,-3.479119793,-3.115590841,-2.765525912,-2.430093924,-2.110366848,-1.807214857,-1.521197114,-1.25288784,-1.00253105,-0.770305609,-0.556363777,-0.360504379,-0.182503669,-0.022025971,0.121162716,0.24788311,0.358904235,0.454402038,0.53566135,0.603122746,0.657928782,0.700993187,0.733320694,0.756012161,0.769900545,0.776745034,0.777290531,0.772721845,0.764260968,0.752907592,0.739692993,0.725601802,0.711504307,0.698070109,0.685912887,0.675655341,0.667379907
0,-0.803102239,-0.775399177,-0.749227928,-0.725276567,-0.703953385,-0.685628896,-0.670786618,-0.659226734,-0.651274535,-0.646552415,-0.64478821,-0.645311964,-0.64744751,-0.650327306,-0.652886209,-0.654069351,-0.65257364,-0.647114807,-0.636760278,-0.619550762,-0.594453132,-0.560097955,-0.515157234,-0.458259826,-0.388285118,-0.304127929,-0.204931088,-0.090369385,0.040180972,0.18684762,0.34926786,0.526586887,0.718274576,0.922858264,1.138985192,1.364964321,1.598925722,1.83898044,2.08304845,2.32934661,2.576066368,2.821486795,3.064197335,3.302866805,3.53641847,3.764022053,3.984756358,4.19807624,4.403303781,4.599889455,4.787256291,4.964910361,5.132378583,5.289101777,5.434428326,5.567731949,5.688375124,5.795566289,5.88887609,5.967429837,6.030681721,6.078630584,6.110669996,6.126637117,6.126948739,6.111305567,6.08101956,6.036240415,5.978064651,5.907685078,5.826453116,5.735851583,5.63746662,5.533191086,5.424538057,5.313063059,5.200435827,5.088122587,4.977339937,4.869249099,4.764634971,4.664547201,4.569518543,4.479872448,4.396076055,4.318394495,4.24684205,4.181409267,4.122011128,4.068510082,4.020667442,3.978183894,3.940835526,3.908264812,3.880106174,3.855845249,3.835367959,3.818016646,3.803604545,3.791738988,3.781902555
0,-7.526087071,-7.506585795,-7.482547872,-7.454124837,-7.421404808,-7.384654136,-7.343571447,-7.298561152,-7.249404531,-7.196092594,-7.13854501,-7.076659714,-7.010406517,-6.939743397,-6.864602577,-6.785095918,-6.701216656,-6.613159842,-6.521099664,-6.425238952,-6.325820475,-6.223113191,-6.117294064,-6.008687869,-5.897416502,-5.783680516,-5.667610189,-5.549254225,-5.428608402,-5.305593237,-5.180174164,-5.051967496,-4.920822325,-4.78639874,-4.64826115,-4.506048372,-4.359288969,-4.207487856,-4.05023231,-3.887032283,-3.717480096,-3.541311782,-3.358355622,-3.168588613,-2.972172325,-2.769605831,-2.561505556,-2.34872084,-2.13251225,-1.914041545,-1.694752136,-1.476102487,-1.259618129,-1.046702108,-0.838720659,-0.636974978,-0.442720227,-0.257066794,-0.081052337,0.084381908,0.238479877,0.380479625,0.509853941,0.626158471,0.728729062,0.817975692,0.893525243,0.954836352,1.003146405,1.037438582,1.059306817,1.068822655,1.066709602,1.053697483,1.030534831,0.9980596,0.957116446,0.908853491,0.85368925,0.793106289,0.727976872,0.659682562,0.589354408,0.518248135,0.447672798,0.378712018,0.312800224,0.250360059,0.192911858,0.140833598,0.094602806,0.05460421,0.020806243,-0.006529433,-0.027970515,-0.043718973,-0.054283405,-0.060260372,-0.062249615,-0.06091765,-0.056774705
0,-1.589070038,-1.56221764,-1.537971863,-1.516490717,-1.497961377,-1.482066542,-1.468550186,-1.456502295,-1.445620522,-1.434963808,-1.423683676,-1.410835122,-1.395557694,-1.376841797,-1.353869599,-1.325558557,-1.290938598,-1.249290787,-1.199109608,-1.139270102,-1.068296082,-0.984704151,-0.886595941,-0.772087574,-0.638960667,-0.485164853,-0.3081228,-0.10569036,0.124505014,0.384681791,0.676700427,1.002427356,1.363013675,1.759454154,2.19214271,2.660694017,3.164203835,3.701280543,4.26957195,4.866293743,5.487778536,6.130313902,6.789502581,7.460745149,8.139083828,8.820207827,9.499331691,10.17245043,10.83566361,11.48580397,12.11996665,12.73622887,13.33260524,13.90839969,14.46315881,14.99641728,15.5085592,16.00063157,16.47322335,16.9272884,17.36390379,17.78404746,18.18883532,18.57887282,18.95497325,19.31750395,19.66684187,20.00278008,20.32556017,20.63470968,20.92990782,21.21059751,21.47617377,21.72610155,21.95925842,22.17550706,22.37384746,22.55327604,22.71371387,22.85401651,22.97366257,23.07261459,23.14992651,23.20554973,23.23922463,23.25087169,23.24048601,23.20834549,23.15455635,23.07990057,22.98463923,22.86983162,22.73628018,22.58505628,22.4174266,22.23489851,22.03905289,21.83163588,21.61463777,21.39003676,21.16007202
0,-0.407785736,-0.421379023,-0.438404138,-0.458962824,-0.483218697,-0.51128247,-0.543261794,-0.579263329,-0.619249199,-0.663249634,-0.711181759,-0.762737316,-0.817511403,-0.875324459,-0.935548793,-0.997622182,-1.060871058,-1.124543916,-1.187860851,-1.249960167,-1.309897616,-1.366740243,-1.41944249,-1.46703725,-1.508458572,-1.542841225,-1.568828638,-1.586318714,-1.593672832,-1.590559892,-1.575799641,-1.550046777,-1.511561011,-1.460583604,-1.397017873,-1.320920006,-1.232632564,-1.132646561,-1.02156437,-0.900356722,-0.770661477,-0.633059462,-0.489311861,-0.340885748,-0.189334793,-0.036240411,0.116918931,0.268713559,0.417815059,0.563071922,0.703458633,0.838051343,0.966171516,1.087189568,1.200756948,1.306533458,1.404471876,1.494557068,1.57679446,1.651465444,1.719084245,1.779756831,1.833768604,1.88214157,1.924945431,1.962908882,1.996526942,2.026299063,2.052825664,2.076643397,2.098256127,2.118159716,2.136651661,2.154327045,2.171428644,2.188337512,2.205378378,2.223004281,2.24116146,2.26034578,2.280589322,2.302150267,2.325240335,2.349897959,2.376267439,2.404262655,2.433988941,2.465330007,2.498191258,2.532476221,2.567897652,2.604431747,2.641853868,2.679795387,2.718086734,2.756491261,2.794610756,2.832374903,2.869324187,2.905234944,2.939836831
0,-3.678411083,-3.693443952,-3.705546931,-3.714603832,-3.720441684,-3.723067587,-3.722299623,-3.71809082,-3.71048084,-3.699252872,-3.684416406,-3.665977959,-3.643955515,-3.618133723,-3.588571308,-3.555210766,-3.517975687,-3.476831717,-3.43163823,-3.382392163,-3.32890943,-3.271114113,-3.208852581,-3.141998395,-3.07039299,-2.993908595,-2.912325418,-2.825556955,-2.733381561,-2.635636635,-2.532253467,-2.423036761,-2.307897531,-2.186759162,-2.05953041,-1.926236266,-1.786833792,-1.641376492,-1.489989225,-1.332823807,-1.170050484,-1.001914798,-0.828760972,-0.650895346,-0.468737675,-0.282707695,-0.093307305,0.09895446,0.293569019,0.489989261,0.687681132,0.886152138,1.084872873,1.283334219,1.481102629,1.67777325,1.872948152,2.066244578,2.257431371,2.446136336,2.632212382,2.815337909,2.995346419,3.17206855,3.345301076,3.514900631,3.680661419,3.842485978,4.000150595,4.153453062,4.302280141,4.446375195,4.585592066,4.719722816,4.848596513,4.972066323,5.089907083,5.201966203,5.308206004,5.408406205,5.50257712,5.590747091,5.6726979,5.748533148,5.818371596,5.882229307,5.940050054,5.992408998,6.039080817,6.080399434,6.116589339,6.147941748,6.174665076,6.197077249,6.215412587,6.230244322,6.241582832,6.249911166,6.255536013,6.258655473,6.259560337
0,-0.725931198,-0.709076862,-0.692837952,-0.67754896,-0.663806217,-0.652033421,-0.643152173,-0.638216932,-0.636457477,-0.640132304,-0.649060187,-0.663943779,-0.685302582,-0.713675284,-0.749400368,-0.792742892,-0.843889016,-0.902968371,-0.96999455,-1.045043018,-1.12774616,-1.2180024,-1.315509823,-1.420056154,-1.531155755,-1.648347129,-1.771098927,-1.898846427,-2.030912457,-2.166533925,-2.30499691,-2.445462151,-2.586929147,-2.728482809,-2.869156719,-3.008019045,-3.144059186,-3.276216101,-3.403605419,-3.525342602,-3.640604233,-3.74864296,-3.848750155,-3.940353436,-4.023025563,-4.096392024,-4.160252185,-4.213883388,-4.258143706,-4.292842472,-4.317671907,-4.333016879,-4.339914512,-4.338047207,-4.328366187,-4.311230631,-4.287161936,-4.257453277,-4.222315584,-4.182715932,-4.139381256,-4.093090925,-4.044649217,-3.994832436,-3.944323297,-3.893782915,-3.843821516,-3.795053313,-3.7479018,-3.702789798,-3.660066801,-3.619988418,-3.582786111,-3.548632663,-3.517572797,-3.48967336,-3.46486826,-3.443171312,-3.424483029,-3.408430123,-3.395262654,-3.384507057,-3.376101921,-3.369754897,-3.365169614,-3.362311858,-3.360711431,-3.360311066,-3.360873065,-3.362130881,-3.363809047,-3.366075662,-3.368549097,-3.371166394,-3.373915006,-3.376786962,-3.379753648,-3.382923272,-3.386412172,-3.390343292,-3.394861354
0,-4.378466886,-4.375611906,-4.376529793,-4.381406768,-4.390476993,-4.404081944,-4.422523233,-4.446120601,-4.475147304,-4.509916466,-4.550656677,-4.597473726,-4.650655199,-4.710434132,-4.776157681,-4.848226184,-4.926504175,-5.010212685,-5.099364092,-5.193320961,-5.291721878,-5.393949152,-5.499447734,-5.607629423,-5.717764021,-5.829336569,-5.941645019,-6.054048868,-6.165900548,-6.276647684,-6.385614743,-6.492211417,-6.595683828,-6.695947416,-6.791940743,-6.883398423,-6.969778185,-7.050598804,-7.125443618,-7.193881508,-7.255589686,-7.310215174,-7.357503483,-7.3973323,-7.429563433,-7.454094154,-7.470070302,-7.479230816,-7.480523187,-7.473746101,-7.459827572,-7.438882879,-7.410905896,-7.376412041,-7.335696578,-7.289157658,-7.237196497,-7.180254161,-7.118838341,-7.053424491,-6.984502211,-6.912637447,-6.838272759,-6.762233711,-6.684836279,-6.606770937,-6.528873745,-6.45097736,-6.374270936,-6.299106215,-6.225893576,-6.155064065,-6.087075775,-6.022191845,-5.960625032,-5.902640081,-5.848280616,-5.797631461,-5.750704412,-5.707355927,-5.667363951,-5.630649577,-5.596860311,-5.565732172,-5.536860447,-5.509931533,-5.484653431,-5.460354861,-5.436840844,-5.413681235,-5.390641201,-5.367402405,-5.343700895,-5.319397477,-5.294506137,-5.268976691,-5.242895609,-5.216427934,-5.189753839,-5.163106563,-5.136883644
0,-1.273898247,-1.269968929,-1.266772795,-1.264194617,-1.261822789,-1.259476347,-1.256482,-1.252520447,-1.247013699,-1.239219856,-1.228515003,-1.214159018,-1.195533538,-1.171752326,-1.1421593,-1.106025998,-1.062706845,-1.011540287,-0.952009003,-0.883555638,-0.805676003,-0.717978736,-0.620171395,-0.511820512,-0.392838386,-0.262772975,-0.121581723,0.030910411,0.194757473,0.370063451,0.556754734,0.754824775,0.964262406,1.184798336,1.416221968,1.658162078,1.910417067,2.172358515,2.443509933,2.723264733,3.010816768,3.305289907,3.605679322,3.911065944,4.220201808,4.531831872,4.84465111,5.157381646,5.468526081,5.776798819,6.080755639,6.379051226,6.670533847,6.953986261,7.228240453,7.492384668,7.745608901,7.987232886,8.216590731,8.433388006,8.637212702,8.82808516,9.005839674,9.170753492,9.322888069,9.462589659,9.590285214,9.706371449,9.811264179,9.905613356,9.989845016,10.06464868,10.13063469,10.18838008,10.23862371,10.28205581,10.31909,10.35080102,10.37749657,10.39984685,10.41863597,10.43424941,10.44732908,10.45831775,10.46771151,10.47590387,10.48324707,10.49016566,10.49693647,10.50385443,10.51115842,10.51900685,10.5275574,10.53693983,10.54712966,10.55829639,10.57022389,10.582853,10.5961558,10.60984613,10.62391164
0,-25.60654516,-25.59723015,-25.60644444,-25.63471443,-25.68179405,-25.74774127,-25.83251932,-25.9354339,-26.05573804,-26.19250345,-26.34458936,-26.51087501,-26.69002919,-26.88073499,-27.08165402,-27.29158589,-27.50918771,-27.73336935,-27.96298846,-28.19702697,-28.43453475,-28.67471022,-28.91671272,-29.15984613,-29.40346316,-29.64691606,-29.88964609,-30.1310976,-30.37072134,-30.60795226,-30.84232162,-31.07329823,-31.30031041,-31.52295109,-31.74057654,-31.95289376,-32.15929618,-32.35945438,-32.55297178,-32.73958928,-32.91897445,-33.09095479,-33.25540168,-33.4122936,-33.56160998,-33.7035573,-33.83826423,-33.96610638,-34.08748628,-34.2027586,-34.31240878,-34.4170969,-34.51738013,-34.61385127,-34.70712017,-34.79782612,-34.88645086,-34.97365079,-35.05964241,-35.14475713,-35.22922473,-35.31313135,-35.39642067,-35.4789587,-35.56039246,-35.64036308,-35.71834745,-35.79389868,-35.86646864,-35.93543836,-36.00036412,-36.06045125,-36.11544846,-36.16489182,-36.20831728,-36.24528767,-36.27606889,-36.30018418,-36.31763407,-36.32829729,-36.33225535,-36.32966433,-36.32076045,-36.30563479,-36.28482916,-36.25846645,-36.22719376,-36.19135196,-36.151558,-36.10822405,-36.06189864,-36.01338979,-35.96289264,-35.91105098,-35.85838881,-35.80541731,-35.75272304,-35.70062563,-35.64967666,-35.60046289,-35.55326837
0,-2.264267054,-2.294462947,-2.32635979,-2.360000125,-2.394981077,-2.430874057,-2.467444865,-2.504013325,-2.54009543,-2.575093104,-2.608321839,-2.63913892,-2.666870016,-2.690932582,-2.71065514,-2.725536033,-2.735034243,-2.738727812,-2.736338023,-2.727565715,-2.712342417,-2.690445863,-2.661968523,-2.627166804,-2.585957487,-2.538577799,-2.485350358,-2.426555024,-2.362406846,-2.29306538,-2.218968596,-2.140233825,-2.057065917,-1.969526781,-1.877893374,-1.782036582,-1.682088314,-1.577882224,-1.469430823,-1.35655529,-1.239093991,-1.116924553,-0.989766772,-0.857582295,-0.720014321,-0.577101575,-0.42867198,-0.274780447,-0.115511151,0.04893576,0.21826819,0.391978145,0.569673116,0.750601172,0.934104506,1.119322178,1.305313696,1.491194097,1.675833651,1.858387017,2.037721162,2.212769626,2.382579204,2.546183023,2.702600949,2.850947701,2.990428544,3.12014086,3.239555025,3.347867241,3.444698991,3.529724227,3.602672899,3.663142253,3.711634214,3.747826608,3.771838459,3.784042139,3.784627681,3.773801398,3.752476326,3.72069454,3.679186653,3.628636049,3.569645062,3.50264636,3.428547714,3.348059382,3.261886459,3.170898887,3.075894829,2.977699142,2.877209781,2.775213239,2.672594799,2.570132648,2.468630405,2.368792626,2.271330609,2.176891562,2.086036383
0,-18.2957606,-18.42788491,-18.55888558,-18.68855687,-18.81616612,-18.94118422,-19.06328978,-19.18201091,-19.29716055,-19.40873345,-19.51652889,-19.62054983,-19.72103621,-19.81795664,-19.91147063,-20.00193315,-20.08951132,-20.17451976,-20.25731052,-20.33812821,-20.4173512,-20.49528954,-20.57226228,-20.64867155,-20.72487262,-20.80127224,-20.87816213,-20.95587979,-21.0348989,-21.1155617,-21.19820698,-21.28317644,-21.37074665,-21.46120637,-21.55479712,-21.65171262,-21.75205405,-21.85576784,-21.9628815,-22.07326432,-22.18666527,-22.30280317,-22.4213475,-22.54181268,-22.66385161,-22.78697386,-22.91063916,-23.0343296,-23.15744968,-23.27943789,-23.39976701,-23.51783915,-23.63307881,-23.74507615,-23.85333571,-23.95738247,-24.0569333,-24.15176186,-24.24143365,-24.32597319,-24.40542132,-24.47942167,-24.54833291,-24.61237121,-24.67111566,-24.72580982,-24.77621333,-24.82250569,-24.8651501,-24.90464458,-24.94118111,-24.97511307,-25.00677098,-25.03641091,-25.06430674,-25.09066108,-25.1156363,-25.13929275,-25.1617325,-25.18304573,-25.20318527,-25.22209504,-25.23970078,-25.25592891,-25.27074912,-25.28400271,-25.29553842,-25.3054903,-25.31365934,-25.31991557,-25.32437416,-25.32681952,-25.32755684,-25.32635969,-25.32381997,-25.31937255,-25.31373132,-25.30673355,-25.29870465,-25.28999506,-25.28069952
0,-6.861900391,-6.876710782,-6.894089912,-6.914213051,-6.937318047,-6.96342869,-6.99259902,-7.024891883,-7.059977069,-7.097794324,-7.137998328,-7.180269568,-7.224204549,-7.269267474,-7.315016342,-7.360875372,-7.406218639,-7.45045945,-7.493054431,-7.533362753,-7.570707293,-7.604805259,-7.634659545,-7.6600513,-7.68063936,-7.695718455,-7.705079336,-7.708335582,-7.705165774,-7.695533779,-7.679148187,-7.655774068,-7.625421668,-7.588248206,-7.543844883,-7.492591558,-7.434451804,-7.369269959,-7.297595315,-7.219086385,-7.134127355,-7.042835279,-6.945286168,-6.841583288,-6.732011292,-6.61679168,-6.496066205,-6.370218287,-6.239603708,-6.104612237,-5.965603235,-5.823195805,-5.677818013,-5.530103139,-5.38063661,-5.230029443,-5.079001616,-4.928199322,-4.778241504,-4.62980293,-4.483463062,-4.339772048,-4.199284275,-4.062469567,-3.929820978,-3.801583239,-3.678248228,-3.560126031,-3.447434705,-3.340368395,-3.239271439,-3.144345566,-3.055561076,-2.973465776,-2.898030476,-2.829350657,-2.767640574,-2.712999332,-2.665724431,-2.625156206,-2.592283874,-2.566250072,-2.547612912,-2.53595337,-2.531449837,-2.533369449,-2.541823969,-2.556451699,-2.576515706,-2.601747772,-2.631345326,-2.664715954,-2.70093376,-2.739121844,-2.778651443,-2.818385626,-2.857504664,-2.895127762,-2.930271519,-2.962277965,-2.990456838
1,-17.31135636,-17.16045441,-17.02421594,-16.90284331,-16.79764676,-16.70886288,-16.63902145,-16.58897484,-16.56019348,-16.55410705,-16.57105356,-16.61130305,-16.67491078,-16.75941164,-16.8642956,-16.98667831,-17.12393018,-17.27326914,-17.43195696,-17.59745429,-17.76756666,-17.94039701,-18.11459988,-18.2892904,-18.46402795,-18.63862146,-18.81332255,-18.98850788,-19.16450017,-19.34165263,-19.52015071,-19.69995575,-19.88089916,-20.06261235,-20.2446374,-20.42639674,-20.60735629,-20.78684107,-20.96416938,-21.13872369,-21.30979246,-21.47703659,-21.63990761,-21.79811774,-21.95159739,-22.10029541,-22.24430912,-22.38380438,-22.51892281,-22.64977132,-22.77635786,-22.8985888,-23.01610468,-23.12840305,-23.23491374,-23.33477588,-23.42712715,-23.51119891,-23.58616341,-23.65139245,-23.70636129,-23.75076017,-23.78487889,-23.80885079,-23.82319578,-23.82873238,-23.82621519,-23.81649381,-23.80028364,-23.77834201,-23.75134299,-23.71960368,-23.68325749,-23.64243747,-23.5969816,-23.54668445,-23.49120169,-23.43053542,-23.36456601,-23.29368221,-23.21854446,-23.14025227,-23.06019858,-22.98011987,-22.90208223,-22.82822723,-22.76082156,-22.7017345,-22.65376392,-22.61788901,-22.59521991,-22.58730186,-22.59386655,-22.61513077,-22.64936825,-22.69597234,-22.75283499,-22.81812578,-22.88956632,-22.9651226,-23.04269297
1,-14.97081827,-15.00077404,-15.05854041,-15.14227036,-15.24828849,-15.37112024,-15.50419979,-15.64065032,-15.77376955,-15.89816079,-16.00936608,-16.10430707,-16.18035105,-16.23593389,-16.27026608,-16.28364501,-16.27758314,-16.25461689,-16.21681538,-16.16720864,-16.10691499,-16.03677831,-15.9575202,-15.86970818,-15.77442523,-15.6722847,-15.56410237,-15.45018876,-15.33037561,-15.20380773,-15.06963701,-14.92712584,-14.7761416,-14.61689368,-14.44966893,-14.27459548,-14.091647,-13.90035171,-13.70016677,-13.49033442,-13.27041872,-13.03978494,-12.79796309,-12.54420071,-12.2781802,-11.99945182,-11.70786772,-11.404212,-11.09041831,-10.76976315,-10.44605224,-10.12368104,-9.806600846,-9.497862718,-9.19912374,-8.910462075,-8.630936816,-8.358575418,-8.091176291,-7.826372692,-7.562377779,-7.297580953,-7.030933912,-6.761293346,-6.488005518,-6.210435294,-5.928521925,-5.642650779,-5.354225943,-5.065102718,-4.777661811,-4.494593689,-4.218583266,-3.952602226,-3.699119199,-3.460035894,-3.236305859,-3.027644398,-2.833518699,-2.65314893,-2.486017835,-2.332070082,-2.191152831,-2.062744007,-1.946363363,-1.841023345,-1.745306964,-1.65780086,-1.577234597,-1.503237712,-1.435977373,-1.376613945,-1.326506534,-1.287326717,-1.259940518,-1.244709347,-1.241465078,-1.249352363,-1.26716397,-1.293330728,-1.325850478
1,-9.10269636,-9.106135463,-9.090858354,-9.057733068,-9.008154432,-8.943669611,-8.86597426,-8.776761119,-8.677582355,-8.56996109,-8.454927395,-8.333370303,-8.205737882,-8.072263935,-7.932945389,-7.787600979,-7.635979195,-7.477963154,-7.313452641,-7.142519601,-6.965312738,-6.782172371,-6.593442585,-6.399575798,-6.200929118,-5.997793318,-5.79036334,-5.578659699,-5.362636089,-5.142065846,-4.916669781,-4.686023355,-4.449738331,-4.207435945,-3.958658082,-3.703054657,-3.440268255,-3.170055362,-2.892186912,-2.606476132,-2.31280706,-2.011175286,-1.701587597,-1.384225465,-1.059334233,-0.727179065,-0.388287096,-0.043186151,0.307449761,0.662854548,1.022240594,1.384595152,1.749026434,2.114535869,2.480087465,2.84462878,3.207239632,3.566949354,3.922819711,4.273959501,4.619554358,4.958949947,5.2913925,5.616271077,5.933037648,6.241209192,6.540442769,6.830357226,7.110692323,7.381266374,7.641888739,7.892522742,8.133067852,8.363458955,8.58372666,8.793835578,8.993800084,9.183671357,9.363418593,9.533193986,9.693144092,9.843414121,9.984258991,10.11601748,10.23900891,10.35374189,10.4607101,10.56046367,10.65353262,10.74052911,10.82203976,10.89865071,10.97082166,11.03898747,11.10368949,11.16517644,11.22370819,11.27948539,11.3325845,11.38302666,11.43070978
1,-18.63120972,-18.69204403,-18.76088346,-18.83699092,-18.92042039,-19.01025895,-19.1051145,-19.20446175,-19.30602815,-19.40845938,-19.5092222,-19.60566068,-19.69398639,-19.7702892,-19.82960746,-19.86709942,-19.87858854,-19.85911701,-19.80505274,-19.71270271,-19.57983871,-19.40468866,-19.18686303,-18.92522758,-18.62042617,-18.27344699,-17.88539586,-17.4576609,-16.99163669,-16.4887885,-15.95105219,-15.38091677,-14.78225632,-14.16021068,-13.52159367,-12.87507566,-12.23089661,-11.60083281,-10.99766118,-10.43420851,-9.923394651,-9.474893952,-9.098763488,-8.800263207,-8.583141101,-8.445605459,-8.385326721,-8.39589261,-8.469052795,-8.594268005,-8.760609368,-8.957978807,-9.17632203,-9.407985218,-9.646474939,-9.887076561,-10.12665797,-10.36272999,-10.59392421,-10.8185968,-11.03543417,-11.24343204,-11.44206923,-11.63056516,-11.80985894,-11.98047423,-12.14351388,-12.30046707,-12.45225507,-12.59961371,-12.74306551,-12.88263321,-13.0182882,-13.14985634,-13.27740853,-13.40055518,-13.5197789,-13.63484263,-13.74536413,-13.85130926,-13.95133516,-14.04426361,-14.1293807,-14.20636989,-14.27524058,-14.33629328,-14.38980852,-14.4354486,-14.4722046,-14.49828349,-14.51211157,-14.51065687,-14.49270992,-14.45686058,-14.40421758,-14.33637925,-14.256064,-14.16669324,-14.0720459,-13.97538663,-13.87958875
1,-4.185824294,-4.393283029,-4.589150175,-4.769585253,-4.930480593,-5.067703632,-5.176829198,-5.254262433,-5.294832876,-5.294757099,-5.250299174,-5.157617386,-5.013300851,-4.813656881,-4.554743094,-4.232957292,-3.844727719,-3.387501214,-2.859727653,-2.26151234,-1.594335263,-0.861103273,-0.066143565,0.785824693,1.689897491,2.64126468,3.636606074,4.672347801,5.746316064,6.856221315,8.000157399,9.175949219,10.38099362,11.61170001,12.8641025,14.13320969,15.41422254,16.70221143,17.99299376,19.2826261,20.56819359,21.84711375,23.11746841,24.37751247,25.62587549,26.86130475,28.0826043,29.28892302,30.47889612,31.65141712,32.805243,33.93892133,35.05100047,36.13975139,37.2032085,38.23908304,39.24487025,40.2179614,41.15581223,42.05593757,42.91614537,43.73435326,44.50852375,45.23722525,45.91941222,46.55475473,47.14341004,47.68612023,48.18392791,48.63828635,49.05036687,49.42133529,49.75182064,50.04147161,50.28950171,50.49354703,50.65263183,50.76320699,50.82199217,50.82609769,50.7727192,50.66006002,50.48579986,50.24941011,49.95117988,49.58997293,49.1666178,48.68083073,48.13448226,47.52980629,46.87115535,46.16458665,45.41839912,44.64271432,43.84850458,43.04736125,42.25062827,41.46850557,40.70959457,39.98073773,39.28630057
1,7.122226677,6.964268932,6.80573129,6.648747176,6.494569938,6.345072881,6.201135847,6.063798775,5.934516715,5.813833162,5.70245449,5.600468936,5.507931777,5.424622273,5.350000968,5.283259325,5.223639299,5.17002616,5.121383319,5.076639576,5.034756373,4.99456094,4.955997996,4.917228763,4.878299705,4.838791896,4.798351235,4.756910228,4.714705647,4.672102214,4.629694983,4.588350553,4.548964778,4.512849812,4.481356032,4.456286464,4.438933259,4.431147987,4.434609168,4.451187717,4.482500277,4.530106679,4.595327049,4.679326028,4.784390289,4.906690906,5.051824053,5.217148429,5.402440444,5.606884634,5.829495742,6.068856304,6.323080546,6.590310761,6.868474745,7.155208343,7.448170006,7.745140648,8.043701296,8.341606362,8.636751918,8.927037337,9.210485707,9.485259711,9.749606376,10.00193662,10.24074002,10.46473557,10.6725556,10.86309872,11.03542602,11.18812973,11.32153186,11.4342054,11.52528073,11.5960985,11.64481105,11.67284232,11.67993939,11.66613589,11.63351437,11.58236209,11.51341959,11.4285638,11.3294063,11.2178544,11.0958928,10.96565668,10.82942323,10.68925912,10.54736225,10.4057429,10.26619936,10.13076868,10.00127727,9.878616003,9.76470018,9.661418748,9.56842225,9.488667708,9.422536546
1,3.084846601,3.392614601,3.650601164,3.865494822,4.031950854,4.143094515,4.213662383,4.215338608,4.16711231,4.047084698,3.855126959,3.606997084,3.304502902,2.954283042,2.573598555,2.167608999,1.750036108,1.321525075,0.888989846,0.456601294,0.030853151,-0.380447548,-0.767392472,-1.126596862,-1.450723075,-1.73894802,-1.989351824,-2.20278929,-2.376046088,-2.493256563,-2.565812849,-2.568961528,-2.50126464,-2.356771436,-2.136020416,-1.841942363,-1.482680731,-1.068563323,-0.612241446,-0.124360242,0.379175721,0.888696717,1.397259686,1.899278247,2.398218892,2.881845226,3.365756987,3.852079113,4.339695239,4.833915534,5.336453316,5.847941372,6.367440739,6.893044812,7.422078176,7.949670854,8.472713729,8.985612238,9.483291904,9.960678797,10.4126328,10.8337576,11.21899019,11.56327259,11.86540672,12.12331,12.33553861,12.49826117,12.61886142,12.69544411,12.73156792,12.73025954,12.69511254,12.62946634,12.5410183,12.4299892,12.30354825,12.16703282,12.02569562,11.88285033,11.74656784,11.61543982,11.49346631,11.37652871,11.26767849,11.1622421,11.05599394,10.94603269,10.82784304,10.69868263,10.55656128,10.40023857,10.22636841,10.03668549,9.829081377,9.601649177,9.354709717,9.088991978,8.806255891,8.505087437,8.194425094
1,0.289184107,0.309140429,0.332224503,0.367798861,0.423941072,0.507020616,0.619998765,0.762899421,0.932491632,1.124178139,1.331972946,1.550282802,1.772184597,1.991888136,2.204206728,2.403707582,2.586708086,2.750577948,2.893757457,3.016890479,3.12146819,3.210668429,3.288496587,3.359541642,3.428365981,3.49957371,3.576948662,3.664071671,3.763849063,3.878712481,4.011077742,4.162797624,4.335288389,4.529767525,4.746090415,4.98441452,5.243693028,5.522160572,5.817681796,6.127176116,6.447104612,6.773356735,7.10179106,7.428117036,7.74768719,8.056486142,8.350210251,8.625520501,8.87910908,9.108777159,9.313504888,9.492953215,9.6498152,9.785464725,9.902690319,10.00456284,10.09301019,10.16956428,10.2343654,10.28702342,10.32691167,10.35379437,10.36801896,10.37147244,10.36658493,10.35621629,10.34278586,10.32786809,10.31131818,10.29217586,10.26772951,10.23538283,10.19169361,10.13455704,10.06112179,9.970572424,9.862030009,9.73562067,9.591551825,9.430139516,9.250767849,9.052426069,8.833837556,8.594110289,8.33347403,8.053503197,7.75719122,7.448179387,7.130773572,6.809109592,6.487266092,6.169289093,5.859056634,5.560355721,5.277419149,5.014331635,4.775604094,4.565413195,4.3878191,4.245304545,4.139371735
1,-21.74044807,-21.68547069,-21.61037172,-21.51709505,-21.40807777,-21.28615776,-21.15440764,-21.01587818,-20.8737029,-20.73112518,-20.59093163,-20.45575511,-20.32793498,-20.20966665,-20.10224085,-20.00699242,-19.92455878,-19.85550474,-19.79944709,-19.75625377,-19.72534662,-19.70556233,-19.69589755,-19.69502606,-19.70162567,-19.71419814,-19.73132484,-19.75184352,-19.77427924,-19.79758543,-19.82075849,-19.84301142,-19.86356765,-19.88170169,-19.89704555,-19.90917503,-19.91765769,-19.92213812,-19.92216993,-19.9175916,-19.90759257,-19.89173352,-19.86967536,-19.84017719,-19.80331119,-19.75801901,-19.70364348,-19.63962687,-19.56538025,-19.48043578,-19.38446794,-19.27743243,-19.15933453,-19.03051761,-18.89143909,-18.74273824,-18.58532867,-18.42002912,-18.24855239,-18.07140766,-17.89024021,-17.70645137,-17.52124419,-17.33600005,-17.15205515,-16.97079463,-16.79339559,-16.62117705,-16.45514199,-16.29676357,-16.14691083,-16.00680051,-15.87744781,-15.75985955,-15.65468635,-15.56266412,-15.48442227,-15.42034097,-15.37027104,-15.33452673,-15.31263778,-15.30382318,-15.30716194,-15.32168727,-15.34598922,-15.37861138,-15.41801473,-15.46270642,-15.51128318,-15.56232132,-15.61461025,-15.66737971,-15.71922276,-15.7699351,-15.81870215,-15.86515344,-15.9090106,-15.94986671,-15.98774689,-16.02243297,-16.05407859
1,3.270018265,3.381713159,3.530846651,3.712908052,3.92273745,4.154635811,4.402385949,4.659814055,4.9204663,5.178282666,5.427371919,5.662480495,5.878951249,6.07258757,6.240799081,6.380667351,6.49111811,6.571184736,6.621352752,6.642123868,6.634611589,6.600881613,6.542990302,6.463486735,6.364913452,6.249882476,6.121160707,5.981277255,5.832402933,5.676854563,5.516682054,5.353466327,5.189038985,5.024708247,4.861927756,4.701863716,4.545759429,4.394682921,4.249711417,4.111784528,3.981924915,3.860903437,3.749090825,3.646994882,3.554859412,3.472391199,3.399417212,3.335302997,3.279461078,3.231074694,3.189289419,3.153284509,3.122074024,3.094850152,3.070786015,3.04925585,3.029530112,3.010840259,2.992506268,2.973917835,2.954049645,2.932546293,2.908790821,2.88213116,2.852473791,2.819302375,2.782775516,2.742823442,2.699758124,2.65385605,2.605575245,2.555401551,2.503640107,2.450981299,2.397670466,2.34406751,2.29028027,2.236530612,2.182765113,2.128792305,2.074482497,2.019655607,1.963943738,1.907257033,1.849453283,1.790698015,1.731120245,1.671375582,1.612543111,1.555362272,1.501120026,1.450506926,1.404312078,1.362752364,1.32604187,1.29355891,1.264860143,1.23920173,1.215811285,1.193879079,1.172953939
1,-4.186638543,-4.023969189,-3.821081273,-3.590040709,-3.345187844,-3.102825146,-2.878670702,-2.683856196,-2.524969709,-2.407684733,-2.325531324,-2.275130751,-2.248345528,-2.233781481,-2.219647654,-2.193934142,-2.144656511,-2.061619068,-1.939481949,-1.770651142,-1.553404682,-1.288718677,-0.979055955,-0.629413337,-0.245860608,0.162296733,0.588037395,1.023095011,1.460355102,1.893801756,2.31938525,2.734540853,3.137783084,3.529210024,3.909397498,4.278219856,4.636384846,4.984744722,5.323128409,5.653078986,5.976042427,6.293694841,6.608988231,6.924585336,7.242748418,7.564862718,7.887299652,8.210187297,8.527788486,8.833414122,9.117928961,9.373867842,9.591575824,9.761592884,9.878730187,9.94036122,9.946211467,9.898457223,9.808447142,9.681950348,9.535907094,9.3865056,9.249448656,9.141248958,9.073411808,9.051814454,9.077865635,9.143918174,9.241359517,9.358255618,9.482713993,9.605487738,9.718483059,9.817434221,9.897410351,9.956545458,9.987221392,9.987804387,9.9545823,9.884369119,9.776415113,9.630986628,9.450922183,9.237040033,8.991646423,8.717685409,8.412795882,8.075632153,7.702795356,7.290674944,6.836919773,6.342579702,5.811488674,5.251562999,4.67586515,4.095611435,3.526682822,2.97862023,2.460173092,1.97634618,1.530684945
1,-17.69189077,-17.73361684,-17.77795585,-17.81486228,-17.83354197,-17.82659213,-17.78932007,-17.72419024,-17.63681214,-17.53833957,-17.44311619,-17.36689198,-17.32341119,-17.32045262,-17.35282064,-17.41243838,-17.4825844,-17.54728942,-17.59199335,-17.60982937,-17.60206469,-17.58006139,-17.56195473,-17.56700051,-17.60899568,-17.69232083,-17.81239652,-17.95462309,-18.10686984,-18.25698813,-18.39836317,-18.529243,-18.65032146,-18.7623119,-18.86594499,-18.96252306,-19.05549093,-19.15047017,-19.25456842,-19.36992974,-19.49498815,-19.62192633,-19.74145181,-19.84562394,-19.93336276,-20.0048495,-20.06232614,-20.10800189,-20.14206081,-20.16836049,-20.19700418,-20.24344249,-20.32340603,-20.45089232,-20.63154992,-20.85822021,-21.11642328,-21.3789439,-21.62178402,-21.82353954,-21.97281821,-22.06918729,-22.12263741,-22.14831986,-22.16042696,-22.16915157,-22.1785615,-22.19104435,-22.20920486,-22.23591903,-22.27390228,-22.3250436,-22.39018102,-22.46695735,-22.55108172,-22.63756441,-22.72145551,-22.79835001,-22.86222975,-22.9088841,-22.93756212,-22.95278425,-22.96346495,-22.98333189,-23.02617495,-23.10298993,-23.21889348,-23.36984112,-23.54032051,-23.70850551,-23.85035491,-23.94959214,-24.00118931,-24.01609345,-24.01379877,-24.0185185,-24.04817663,-24.11099728,-24.20572231,-24.32105052,-24.44149588
1,-6.88179439,-6.914167285,-6.944942002,-7.017751461,-7.143451884,-7.259688966,-7.325281321,-7.381708956,-7.450278882,-7.52732263,-7.631778401,-7.784943261,-7.964021281,-8.13242942,-8.272944562,-8.382761116,-8.464621519,-8.521043508,-8.550271785,-8.569964022,-8.629155688,-8.712041771,-8.781111836,-8.808223313,-8.773347358,-8.696647406,-8.621447231,-8.591213689,-8.607593143,-8.618808807,-8.582881311,-8.483099601,-8.333465968,-8.176201814,-8.0477567,-7.967995968,-7.935647011,-7.941291281,-7.977816133,-8.029297062,-8.056645744,-7.999822552,-7.807065023,-7.47854998,-7.101178571,-6.823861801,-6.750163402,-6.869280994,-7.083297218,-7.287753821,-7.435553267,-7.517253121,-7.528810778,-7.492989666,-7.428435997,-7.346586806,-7.277431598,-7.235819643,-7.19775676,-7.142643925,-7.055391189,-6.928845841,-6.790710521,-6.690944079,-6.664975267,-6.692816664,-6.717265441,-6.717440042,-6.720566745,-6.746962587,-6.77864199,-6.787920523,-6.764152893,-6.726570395,-6.705538001,-6.712085637,-6.731277504,-6.753480043,-6.780431584,-6.806273771,-6.820096016,-6.814928032,-6.792377673,-6.761234739,-6.734728112,-6.727913278,-6.741410457,-6.768862645,-6.804415804,-6.817454779,-6.800417115,-6.803725617,-6.859956732,-6.952796801,-7.046877097,-7.118398164,-7.160871577,-7.190704336,-7.232045204,-7.260384698,-6.879584889
1,-14.01820524,-14.19377063,-14.37940137,-14.56928157,-14.75816176,-14.9403436,-15.11160937,-15.26831165,-15.40755687,-15.52844103,-15.63001335,-15.7134382,-15.77998081,-15.83131557,-15.86988686,-15.89782958,-15.91701847,-15.93001419,-15.9389191,-15.94556463,-15.95202501,-15.95962834,-15.96955999,-15.98287698,-15.99999555,-16.02099619,-16.04494542,-16.070852,-16.09675474,-16.12053283,-16.13976675,-16.15287809,-16.15745651,-16.15265367,-16.13705168,-16.11014511,-16.07118264,-16.01957011,-15.9547356,-15.875825,-15.78278944,-15.67594553,-15.55657477,-15.42603268,-15.28722818,-15.14299197,-14.99644413,-14.85093846,-14.70981461,-14.57576536,-14.45200129,-14.3405831,-14.24338662,-14.16181808,-14.09625453,-14.0472624,-14.0131578,-13.9921091,-13.98358656,-13.9849303,-13.99465743,-14.01144275,-14.03438707,-14.06382256,-14.10101949,-14.14744959,-14.20532292,-14.27718292,-14.36580408,-14.47388231,-14.60416787,-14.75884846,-14.93838264,-15.1453224,-15.37909537,-15.6389284,-15.92383394,-16.23145316,-16.55975092,-16.90605653,-17.26754709,-17.64168681,-18.02604296,-18.41772816,-18.81532995,-19.21594179,-19.61709624,-20.01572047,-20.40777739,-20.78883242,-21.15305727,-21.49699581,-21.81415313,-22.10140975,-22.35454399,-22.5717559,-22.75140552,-22.89371664,-22.99931664,-23.07029919,-23.10996218
1,-12.52615154,-12.58742592,-12.65684592,-12.73269474,-12.814616,-12.90077642,-12.98957723,-13.07922053,-13.16742093,-13.25198963,-13.3310549,-13.40260221,-13.46415387,-13.51378728,-13.54907064,-13.56785741,-13.56815275,-13.54760041,-13.50534749,-13.43959404,-13.35063555,-13.23904696,-13.10631676,-12.95455962,-12.78768734,-12.6089666,-12.42283325,-12.23368802,-12.04579946,-11.86270463,-11.68818043,-11.52342245,-11.37022895,-11.22809285,-11.09534947,-10.96922079,-10.84554918,-10.71919135,-10.58412881,-10.43395933,-10.26210063,-10.06239272,-9.829336793,-9.558947285,-9.249069587,-8.89721912,-8.505396163,-8.073781359,-7.606130852,-7.105971956,-6.576392315,-6.021841329,-5.446743649,-4.855402024,-4.253465261,-3.647471267,-3.044831633,-2.454325917,-1.886166098,-1.347789234,-0.850626569,-0.402569362,-0.009791528,0.323430517,0.594909928,0.80463305,0.955312147,1.050780321,1.096400649,1.098807532,1.068102596,1.00920728,0.932055443,0.844022881,0.753220235,0.666508847,0.589732776,0.528192419,0.486473122,0.467610527,0.473194716,0.50414034,0.559053411,0.634841518,0.725320696,0.824589528,0.924358854,1.016598931,1.093548407,1.148646849,1.176566322,1.174990728,1.142084345,1.077968846,0.986166701,0.868989662,0.732344106,0.581121528,0.421328551,0.257992461,0.096689289
1,-1.687097765,-1.718895834,-1.755688267,-1.794251126,-1.832336306,-1.868271766,-1.900960331,-1.930154577,-1.956348772,-1.980180889,-2.00303553,-2.026596936,-2.052282905,-2.081882689,-2.116864725,-2.158873779,-2.208396155,-2.266491903,-2.333233537,-2.408363054,-2.491344841,-2.580962534,-2.675714076,-2.773891677,-2.873299008,-2.97199524,-3.067494191,-3.157566981,-3.240056459,-3.313352937,-3.376410023,-3.428698112,-3.470821433,-3.503629557,-3.529016395,-3.549315719,-3.567240865,-3.585952108,-3.608164039,-3.637628073,-3.675459113,-3.724982169,-3.78763769,-3.864073846,-3.954472774,-4.058491714,-4.174836347,-4.302181384,-4.438169189,-4.580645713,-4.727119067,-4.874061812,-5.019283377,-5.159810801,-5.293196392,-5.41770251,-5.531275702,-5.63263962,-5.721867698,-5.797117401,-5.859165326,-5.90794167,-5.943417476,-5.96660527,-5.97806992,-5.979041014,-5.970309927,-5.954119946,-5.930879147,-5.90290592,-5.871677729,-5.839132802,-5.80692961,-5.776825958,-5.750686039,-5.730280574,-5.717488215,-5.7138576,-5.720708152,-5.73909476,-5.769578934,-5.811966489,-5.865769233,-5.929743691,-6.002528993,-6.082354776,-6.167414261,-6.255784396,-6.345560057,-6.435606912,-6.524448801,-6.61116263,-6.694884938,-6.774987174,-6.851100405,-6.922713702,-6.989074404,-7.050058124,-7.104875483,-7.15312663,-7.194365003
1,-5.896049114,-6.112576506,-6.329008889,-6.543379432,-6.753767824,-6.958429751,-7.155762013,-7.344606638,-7.524168963,-7.694090318,-7.854510125,-8.005868657,-8.149042524,-8.285033586,-8.414979217,-8.540038529,-8.661344108,-8.779969735,-8.896986119,-9.013276756,-9.129739169,-9.247144803,-9.366025834,-9.486871797,-9.609875154,-9.734855801,-9.861291884,-9.988080359,-10.11357096,-10.23583305,-10.35247658,-10.4609938,-10.55865109,-10.64270135,-10.71054725,-10.75970877,-10.78755065,-10.79184824,-10.77082717,-10.72268158,-10.6458682,-10.53893938,-10.40156234,-10.23278034,-10.03286226,-9.802389421,-9.542381611,-9.253920642,-8.938560911,-8.597770221,-8.233124416,-7.846319339,-7.438997417,-7.012773188,-6.569220413,-6.109782396,-5.635720032,-5.148011352,-4.647625009,-4.135320414,-3.61178715,-3.07785372,-2.534675655,-1.983616475,-1.42650827,-0.865906447,-0.304892349,0.252828988,0.802956955,1.340655036,1.860799605,2.358230185,2.827630576,3.263914568,3.662769689,4.020511533,4.333838223,4.601184744,4.82219803,4.998207187,5.131870905,5.227450241,5.289904428,5.32518201,5.339175094,5.337577885,5.325781846,5.308140301,5.288072947,5.267986767,5.249676868,5.233758481,5.220491542,5.209123796,5.198838101,5.18828948,5.176015795,5.160733899,5.141190905,5.116571444,5.086624943
1,2.616986794,2.571786977,2.525961818,2.479821464,2.433763814,2.388118858,2.343383048,2.300004606,2.258526717,2.219490679,2.183528269,2.151275073,2.123469571,2.100904048,2.084210041,2.074113541,2.071584463,2.077271325,2.091981903,2.116150909,2.150611471,2.195993457,2.252461496,2.320792919,2.40117057,2.493881826,2.599101388,2.717044123,2.847710351,2.991232257,3.147607425,3.316887676,3.499149929,3.69444311,3.902955476,4.124862228,4.360408994,4.61002152,4.874094848,5.153210646,5.44790789,5.758915327,6.087035296,6.433004434,6.797576143,7.181623119,7.585845288,8.010959449,8.457544261,8.92607011,9.416806552,9.929829495,10.46495616,11.02190368,11.59990405,12.19810196,12.81529852,13.44995852,14.10019999,14.76405545,15.43914899,16.12280604,16.81234407,17.50466101,18.19665907,18.88515408,19.56671353,20.23809216,20.89594764,21.53713224,22.15855239,22.75723995,23.33063316,23.87625442,24.39200942,24.87605705,25.32695041,25.74356318,26.12520428,26.47138684,26.78218564,27.05788346,27.29913821,27.50696684,27.68261595,27.82764466,27.94403657,28.03346044,28.09792983,28.14045581,28.16287854,28.16735291,28.15717947,28.13415124,28.10020566,28.05824035,28.00986755,27.95704358,27.9013721,27.84418293,27.7866536
1,3.826074672,3.85964588,4.000215278,4.239959342,4.542211044,4.881832409,5.197534522,5.425464051,5.544270703,5.505882211,5.318051223,5.004742401,4.603193254,4.181525225,3.782532863,3.458361555,3.240982772,3.149488825,3.196901859,3.373199482,3.676555323,4.086299816,4.573342304,5.098364785,5.614450394,6.077549265,6.448344369,6.700231891,6.823065301,6.836554524,6.731692847,6.547764344,6.311404578,6.052280525,5.799368775,5.576155562,5.403977655,5.2974796,5.274635975,5.328868239,5.469341652,5.68911226,5.978829939,6.324479965,6.710984826,7.124166611,7.551323294,7.982504601,8.41045171,8.82946759,9.234894653,9.621955897,9.986410571,10.32453205,10.63363925,10.9128415,11.16264076,11.38438492,11.57941948,11.74799826,11.8893287,12.00197822,12.08329733,12.13034536,12.14135829,12.11198734,12.04354665,11.93370565,11.78520064,11.60323465,11.39296996,11.16237013,10.91915342,10.6703993,10.42149401,10.1760173,9.935228188,9.698196297,9.462514574,9.224760024,8.981362622,8.728646898,8.463715794,8.18458954,7.889882319,7.579294108,7.253149427,6.912963005,6.561208521,6.20175327,5.839367149,5.480168595,5.130984014,4.798394079,4.48833865,4.20533989,3.95226336,3.729509398,3.535165834,3.367231316,3.221943156
1,-16.03630744,-16.52874586,-17.21406517,-18.10023497,-19.14823007,-20.26937509,-21.3477059,-22.27194489,-22.94930835,-23.29334565,-23.2248983,-22.73317968,-22.00943651,-21.41840895,-21.21313549,-21.40670955,-21.88536462,-22.50497568,-23.13218639,-23.652921,-23.98775966,-24.08906112,-23.93570995,-23.52731112,-22.87742591,-22.01330479,-20.9729672,-19.80496036,-18.56022111,-17.28701142,-16.02454298,-14.80080143,-13.63512637,-12.53998117,-11.52563953,-10.60152424,-9.775783681,-9.051998241,-8.42467539,-7.876870707,-7.381582048,-6.908778145,-6.435063896,-5.951909696,-5.468106157,-5.001609707,-4.570487107,-4.184610564,-3.843207716,-3.539716019,-3.266019645,-3.017708643,-2.793996206,-2.594870619,-2.416048191,-2.247248051,-2.074062525,-1.885356859,-1.679202121,-1.466432865,-1.267716728,-1.110168838,-1.020642155,-1.021520071,-1.127359707,-1.339946258,-1.645454149,-2.014924753,-2.407576815,-2.778448976,-3.087643527,-3.306536096,-3.421357969,-3.43293659,-3.353904052,-3.207176755,-3.019508395,-2.816930263,-2.625043363,-2.469432252,-2.377928116,-2.382472999,-2.521127116,-2.820785931,-3.291355856,-3.910903715,-4.631118549,-5.387570796,-6.123362957,-6.79551269,-7.391331913,-7.926369826,-8.438078617,-8.9689498,-9.549881537,-10.18927422,-10.87335704,-11.56681539,-12.21303649,-12.74654317,-13.11846564
1,-0.844310802,-0.920175083,-0.984160714,-1.03634466,-1.077252169,-1.107412474,-1.127415851,-1.138166964,-1.139660935,-1.13296137,-1.118337207,-1.096204376,-1.067067269,-1.031099975,-0.988418019,-0.939656531,-0.884442392,-0.823126623,-0.755679753,-0.682092337,-0.602245912,-0.515977058,-0.423359191,-0.323839483,-0.217321238,-0.103475548,0.018002887,0.147392908,0.284864605,0.430521006,0.584582663,0.746894896,0.917421357,1.095928111,1.282174567,1.475754224,1.676196154,1.883108767,2.095957348,2.314010366,2.536796083,2.763740088,2.994141677,3.227543481,3.463458413,3.701373451,3.941015253,4.181985348,4.424152347,4.667173142,4.910889356,5.155087065,5.399512493,5.643988096,5.888108942,6.131662698,6.374074916,6.614978986,6.85368525,7.089581779,7.321953274,7.549917106,7.77263905,7.989093553,8.198402006,8.399475453,8.591429507,8.773179643,8.943908593,9.102613442,9.248807696,9.381667157,9.500797558,9.605786403,9.69648256,9.772979789,9.835443577,9.88425482,9.919973582,9.943500318,9.955714579,9.957519096,9.9503429,9.935551516,9.914322118,9.888253675,9.858697068,9.827175758,9.795206726,9.764576215,9.735467112,9.710358131,9.690025043,9.675616253,9.668002378,9.668010869,9.676402043,9.693435139,9.719853551,9.755474722,9.800295578
1,-1.803574226,-1.750209117,-1.699310752,-1.652732208,-1.612364686,-1.579363023,-1.55442287,-1.537257849,-1.527110514,-1.52207649,-1.519825907,-1.517656667,-1.512869991,-1.503275516,-1.487383231,-1.464756748,-1.435541687,-1.400563104,-1.360640738,-1.316229216,-1.267637743,-1.214979812,-1.158224047,-1.097301743,-1.032224117,-0.962898118,-0.889472557,-0.812338594,-0.732165146,-0.649509905,-0.564644613,-0.477087886,-0.385908372,-0.289918501,-0.188023876,-0.079309702,0.036769372,0.160520581,0.292052889,0.43139548,0.57799311,0.730913743,0.888311253,1.047620295,1.205950779,1.360633975,1.50960475,1.651326928,1.784410931,1.908083669,2.022137369,2.126934826,2.223093982,2.311227785,2.392305758,2.466909797,2.536081328,2.6010483,2.6633667,2.724457884,2.785601174,2.847789554,2.911503472,2.976833929,3.043775383,3.111965047,3.1811385,3.251217132,3.322778383,3.396769908,3.473974523,3.555294227,3.640333157,3.728582009,3.819261011,3.911540783,4.004184493,4.096562482,4.187805899,4.277411824,4.365193812,4.451110692,4.535184662,4.617175657,4.696492709,4.772409061,4.843573542,4.90893274,4.967414478,5.018112845,5.060438439,5.094086528,5.119176976,5.136257227,5.146247321,5.150444214,5.150644485,5.149167028,5.148769567,5.152426244,5.163128607
1,14.27254356,14.3744885,14.48720088,14.60867877,14.73778894,14.87354329,15.01483068,15.16076037,15.31036174,15.46272736,15.61710943,15.77299046,15.93042751,16.08926851,16.24989089,16.41270761,16.57796042,16.74600954,16.91733891,17.09238571,17.2719067,17.45686638,17.64844121,17.84771616,18.05570628,18.27295585,18.49949159,18.73486977,18.97816492,19.22803988,19.48306709,19.74185029,20.0030403,20.2653925,20.52780536,20.78922093,21.0486095,21.30510836,21.55770648,21.80552489,22.04759051,22.28314047,22.51134584,22.73158309,22.94351543,23.14687495,23.34165012,23.52801508,23.70632159,23.87709259,24.04084962,24.19808562,24.3492044,24.49450081,24.63419408,24.76856802,24.89783514,25.0222524,25.14215317,25.25796945,25.3701988,25.47932464,25.58584852,25.69036667,25.79330426,25.89515158,25.99605604,26.09631095,26.19584105,26.29454051,26.39201616,26.48772578,26.58083812,26.67037748,26.75516171,26.83370421,26.90458141,26.96607937,27.01668638,27.05471562,27.07872641,27.08737871,27.07962485,27.05481417,27.01262856,26.95325843,26.87745387,26.7865642,26.68236499,26.56725395,26.44421102,26.31671474,26.18864622,26.06398274,25.94670926,25.84054855,25.74881222,25.6741913,25.61881714,25.58382528,25.56981937
1,-19.25933369,-19.32111522,-19.37671802,-19.42681304,-19.47218988,-19.5134702,-19.55138559,-19.58663938,-19.61953742,-19.65055595,-19.67959779,-19.70724697,-19.73269835,-19.7559418,-19.77623466,-19.79270495,-19.80431712,-19.80977339,-19.80746669,-19.79587677,-19.77348579,-19.73838795,-19.68961827,-19.62566302,-19.54583862,-19.44947553,-19.33616203,-19.205855,-19.05881883,-18.89553703,-18.7168623,-18.52393111,-18.31813596,-18.10134585,-17.87552301,-17.64295578,-17.40620216,-17.167615,-16.92966183,-16.69486006,-16.4656497,-16.2436954,-16.03098213,-15.82898751,-15.63914857,-15.46157911,-15.29709248,-15.14531639,-15.00574871,-14.87750972,-14.75892954,-14.6484633,-14.54418472,-14.44398234,-14.34577034,-14.24797685,-14.14911673,-14.04830336,-13.94507601,-13.83965209,-13.73205261,-13.62291741,-13.51260955,-13.40168197,-13.29081057,-13.18042983,-13.07145182,-12.96489579,-12.86209235,-12.76458911,-12.67414204,-12.59235659,-12.5201762,-12.4589177,-12.40916189,-12.37038288,-12.34191488,-12.32217175,-12.30893222,-12.29975463,-12.29133264,-12.28197015,-12.26716871,-12.24419016,-12.20986796,-12.16158002,-12.09737629,-12.01503156,-11.91403995,-11.79404171,-11.65535513,-11.49927321,-11.32761623,-11.14281194,-10.9476313,-10.7451142,-10.53841351,-10.33039934,-10.12367027,-9.920310985,-9.721812761
1,-11.30982707,-11.27846451,-11.2549419,-11.2406048,-11.2369763,-11.24548246,-11.26641199,-11.29896674,-11.34105599,-11.38938249,-11.43986043,-11.48736929,-11.52620389,-11.55039729,-11.5535342,-11.52967019,-11.47546802,-11.3875857,-11.26567075,-11.11145064,-10.92876505,-10.72318755,-10.49966171,-10.26288547,-10.01593162,-9.761057888,-9.499686063,-9.232970343,-8.959583819,-8.678524649,-8.388247228,-8.087829342,-7.778018914,-7.460169995,-7.136524747,-6.80948764,-6.481454974,-6.155049184,-5.832589103,-5.516337122,-5.207913402,-4.908213272,-4.617550823,-4.335669635,-4.061909319,-3.795666681,-3.53659095,-3.285063249,-3.041804587,-2.808091722,-2.585501511,-2.374989859,-2.177270713,-1.992278847,-1.819030131,-1.655530415,-1.499461044,-1.348677072,-1.201658972,-1.058641846,-0.920914678,-0.790271222,-0.669044509,-0.559230058,-0.462535581,-0.379811222,-0.311165117,-0.255835524,-0.213135528,-0.182654981,-0.165433411,-0.162980548,-0.176507531,-0.207221798,-0.254565902,-0.317317001,-0.393195404,-0.479289633,-0.571850894,-0.666577124,-0.758878467,-0.844239521,-0.919227548,-0.982065895,-1.032963752,-1.073387818,-1.10649026,-1.135868348,-1.165496104,-1.199162302,-1.239426902,-1.287700819,-1.3433763,-1.405065764,-1.470551254,-1.537535606,-1.604029639,-1.668163731,-1.728338027,-1.783037064,-1.831106042
1,12.36852082,12.49501162,12.61975755,12.74439615,12.8708245,13.00104394,13.13703295,13.28054152,13.43305186,13.59569195,13.76912603,13.95346361,14.14842744,14.35324612,14.56666643,14.78702282,15.012231,15.24006216,15.46811621,15.69385803,15.91480027,16.12867408,16.33346424,16.52743957,16.70930973,16.87811634,17.03330568,17.17464139,17.30234864,17.41703635,17.51958775,17.611106,17.69280675,17.76573875,17.83136995,17.890391,17.94349017,17.99082205,18.03216474,18.06663228,18.09282385,18.10911249,18.11336967,18.10338602,18.07685699,18.03170212,17.96571567,17.87721075,17.76481789,17.62780078,17.4659086,17.27988198,17.07118187,16.84230039,16.59681271,16.33911956,16.07445018,15.80781906,15.5449972,15.29179967,15.05329077,14.8338435,14.6370768,14.46558872,14.321383,14.20506358,14.11768263,14.05717745,14.0220848,14.00975013,14.01660234,14.03911646,14.07338988,14.11506059,14.16179428,14.20679446,14.2491857,14.28366502,14.30735761,14.31770312,14.31313568,14.29272109,14.25726869,14.20864991,14.14957306,14.08310773,14.0127121,13.9411592,13.87068582,13.80252425,13.73727927,13.67382514,13.61366135,13.5526339,13.49103616,13.42750642,13.36127135,13.29228476,13.22099465,13.148179,13.07513331
1,-21.16922623,-21.14085794,-21.07923214,-20.9779038,-20.83057355,-20.6368263,-20.39166902,-20.09634665,-19.75243841,-19.36350011,-18.93386401,-18.46933998,-17.97673207,-17.46307635,-16.93526242,-16.40000855,-15.863437,-15.33116334,-14.80775704,-14.29716775,-13.80237972,-13.32604577,-12.86916713,-12.43276285,-12.0161899,-11.61916239,-11.23965491,-10.87616629,-10.52606423,-10.18755605,-9.858534536,-9.536685348,-9.221043029,-8.910543409,-8.604987704,-8.304311659,-8.008495187,-7.717179607,-7.429295817,-7.143017927,-6.855300352,-6.56203182,-6.259764007,-5.944328926,-5.611688977,-5.259640814,-4.886458839,-4.491717331,-4.076406529,-3.642632717,-3.193628909,-2.73388992,-2.269007487,-1.80488498,-1.348010944,-0.904786875,-0.480804926,-0.081101045,0.290975104,0.633744301,0.947244654,1.233410146,1.495853143,1.739094039,1.968805339,2.191551573,2.413239989,2.641271623,2.881582075,3.141969232,3.426889814,3.740031038,4.079963084,4.43968541,4.804253759,5.153983416,5.470538895,5.739592916,5.954866466,6.117069237,6.230057644,6.299727576,6.331876745,6.332022171,6.305063937,6.255630238,6.187841806,6.106076127,6.014772972,5.918208158,5.82088458,5.728301119,5.642602337,5.567254117,5.503407476,5.453068971,5.416747596,5.395375686,5.389881098,5.401131575,5.429368547
1,-10.06096332,-10.08586947,-10.08385906,-10.05715739,-10.00796184,-9.940344728,-9.856889058,-9.760576593,-9.652935082,-9.534726526,-9.405885553,-9.267705038,-9.118862409,-8.96065921,-8.794192966,-8.621065918,-8.442849894,-8.261229458,-8.077666258,-7.893049622,-7.707345473,-7.520350562,-7.33048798,-7.136254839,-6.935769616,-6.727505175,-6.510381034,-6.284220031,-6.049457091,-5.806491575,-5.557614103,-5.303539533,-5.044573888,-4.77961527,-4.505537853,-4.217531926,-3.909108736,-3.572818352,-3.201190158,-2.788615322,-2.332426255,-1.830221466,-1.284243671,-0.697167911,-0.072635408,0.584505919,1.267893189,1.969921684,2.681955033,3.395614884,4.103252259,4.798057184,5.473966398,6.125785631,6.749577355,7.342440557,7.902101887,8.425851442,8.910108293,9.350643771,9.742188804,10.08129312,10.36348594,10.58653648,10.74983364,10.85522706,10.90334732,10.89920395,10.8474624,10.75414298,10.62559935,10.46787693,10.28694789,10.08633668,9.872596039,9.646179133,9.410130812,9.164788493,8.911615001,8.648923607,8.379412887,8.100562995,7.812326598,7.513984795,7.204774847,6.884184963,6.552082255,6.208200626,5.854298659,5.491562466,5.123425367,4.754539688,4.390234726,4.036630708,3.701464779,3.39200549,3.115197006,2.877100038,2.682550609,2.534839695,2.435538296
1,-12.46427746,-12.5073739,-12.5382277,-12.55485836,-12.5571542,-12.54332999,-12.51392517,-12.46975206,-12.41269283,-12.34441417,-12.26852014,-12.1892,-12.11058859,-12.03749075,-11.97476893,-11.92555103,-11.89629955,-11.88623845,-11.90095657,-11.94012043,-12.00263524,-12.09065431,-12.20113561,-12.3318082,-12.4800224,-12.64235837,-12.81481955,-12.9933345,-13.17365275,-13.35159241,-13.522882,-13.68302333,-13.82892597,-13.95663586,-14.06266177,-14.14335862,-14.19794551,-14.22150958,-14.21533818,-14.17548163,-14.1030052,-13.9965011,-13.85595599,-13.68276215,-13.47836007,-13.24494648,-12.98348415,-12.69660447,-12.38731395,-12.05852034,-11.71292493,-11.35354823,-10.98321441,-10.60428529,-10.21918857,-9.830252945,-9.439389963,-9.048424495,-8.658993256,-8.272659262,-7.890850465,-7.514765964,-7.145713984,-6.784751239,-6.432788877,-6.090673193,-5.759250688,-5.439022793,-5.13055257,-4.834454131,-4.551178277,-4.28095245,-4.024132189,-3.781141488,-3.552130253,-3.337561216,-3.136905876,-2.950872096,-2.779104043,-2.621966335,-2.478472309,-2.349262209,-2.233681366,-2.13136788,-2.042020748,-1.965017836,-1.899833063,-1.845832762,-1.802144323,-1.767989112,-1.742959172,-1.725095065,-1.714046902,-1.709503969,-1.709629147,-1.713462431,-1.720305104,-1.729079772,-1.738738921,-1.748982234,-1.759254253
1,-6.92054615,-6.937070811,-6.944758988,-6.943920294,-6.936634571,-6.92685448,-6.919621467,-6.920396123,-6.933313288,-6.961809409,-7.005993973,-7.065385047,-7.135415462,-7.211030272,-7.28528451,-7.350309416,-7.398379997,-7.42106553,-7.413741774,-7.369379733,-7.285233781,-7.159275088,-6.992468954,-6.784957413,-6.540242354,-6.261614373,-5.953412072,-5.619990662,-5.266800322,-4.897227281,-4.515495683,-4.125390293,-3.72988007,-3.33174741,-2.932891939,-2.535895735,-2.141716024,-1.752653484,-1.370710928,-0.997945155,-0.635869396,-0.284929347,0.053156768,0.379481792,0.695190022,1.00183944,1.302938779,1.602247621,1.904566448,2.215145378,2.538883693,2.880165747,3.242423612,3.627233082,4.034718319,4.464172365,4.914135939,5.381756169,5.864335107,6.358154371,6.858935505,7.361932708,7.862419037,8.355087997,8.837431598,9.306564796,9.762741184,10.20719722,10.64231808,11.07074368,11.49366503,11.9111042,12.32147998,12.71989418,13.0999338,13.45387551,13.77149427,14.04469403,14.26455704,14.42488868,14.52107982,14.55422385,14.526973,14.44348553,14.31221931,14.14150692,13.93999747,13.7166287,13.47799856,13.23148528,12.98259613,12.73564255,12.49111342,12.25219679,12.01511522,11.77866372,11.53917262,11.2940686,11.04207906,10.78287463,10.51698315
1,-8.762187329,-9.256887532,-9.468013525,-9.282728282,-8.71370167,-7.737973762,-6.419454566,-4.892593792,-3.356931515,-2.011341973,-1.041614818,-0.574250668,-0.598989298,-1.089557508,-1.928480722,-2.9446584,-3.984441026,-4.922430818,-5.66500811,-6.137591389,-6.33333848,-6.279738522,-6.010213251,-5.596673199,-5.109839331,-4.596158521,-4.103427206,-3.637818351,-3.205915173,-2.807046733,-2.443528924,-2.108600076,-1.807376973,-1.538329236,-1.314038201,-1.132946507,-1.0071155,-0.930745789,-0.897691431,-0.8975361,-0.91879625,-0.946500898,-0.973557175,-0.9862271,-0.975348583,-0.93675578,-0.867155989,-0.76765707,-0.634701009,-0.472338341,-0.276060357,-0.050337248,0.20665984,0.485650335,0.780905991,1.08332827,1.384350843,1.674841468,1.951534982,2.212343936,2.453251051,2.677078919,2.885795631,3.081862382,3.268015634,3.443818384,3.610562903,3.764301772,3.902502286,4.020770172,4.121449097,4.202907665,4.268612069,4.323600969,4.374752911,4.427883394,4.495496909,4.578557662,4.685438772,4.819756069,4.979830714,5.165233586,5.371749061,5.594176531,5.822852068,6.046825267,6.260113641,6.445367754,6.597961385,6.709694639,6.777154906,6.799938012,6.779549966,6.718928198,6.625919135,6.500574346,6.350450558,6.180593283,5.995811524,5.800614637,5.598568546
1,3.855985369,3.787831591,3.613409394,3.227604945,2.742791431,2.399370873,2.342087074,2.501432958,2.731618714,3.008511092,3.397365206,3.858157465,4.263771013,4.60631869,4.961394933,5.301264606,5.598343091,5.883139441,6.123900231,6.305588945,6.438976989,6.559061844,6.771686439,7.133225637,7.552628537,7.94240405,8.305618949,8.631916615,8.869083456,8.984588042,8.968301832,8.876547651,8.815656916,8.765591674,8.682479934,8.57844376,8.481530688,8.441524879,8.489015619,8.626375077,8.906627307,9.369316074,9.912109373,10.28995683,10.34047478,10.12663449,9.818414826,9.559141217,9.482778557,9.663058348,9.987321016,10.27515418,10.55276745,11.00955838,11.69458621,12.43060039,12.92363216,12.9248715,12.44287179,11.69390055,10.8677067,10.18655342,9.853230223,9.827586892,9.839142369,9.579638302,9.021598013,8.414772018,7.981810524,7.715481432,7.500004266,7.31018304,7.195175897,7.136425894,7.014083993,6.678661201,6.119472562,5.511395255,5.009902828,4.652464494,4.406322838,4.246914673,4.099803633,3.781624476,3.176282171,2.436252001,1.805917041,1.341167365,0.965150296,0.585523304,0.199909632,-0.107839694,-0.275874302,-0.329972349,-0.309996142,-0.176002176,0.163928864,0.643751862,0.968386149,0.877174548,0.434197071
1,-4.959564389,-5.031784484,-5.091504432,-5.139788441,-5.179660797,-5.214156838,-5.248646899,-5.288497883,-5.338270332,-5.400012367,-5.476658118,-5.565972921,-5.665230482,-5.768850428,-5.870617819,-5.963578783,-6.038702161,-6.093630952,-6.118808399,-6.11258136,-6.07320891,-6.000752183,-5.900450784,-5.772033601,-5.620893161,-5.449631999,-5.261449859,-5.058390496,-4.841476045,-4.610796942,-4.365084864,-4.102706858,-3.820949739,-3.516675916,-3.186588656,-2.827363778,-2.43553962,-2.008314986,-1.543457125,-1.039807414,-0.497125022,0.083141319,0.698367388,1.344660927,2.017074828,2.709634377,3.415690933,4.127908964,4.83894768,5.541301903,6.227796615,6.891889081,7.527853346,8.130700951,8.696601183,9.222750119,9.707110182,10.14870242,10.54742937,10.9038643,11.21927614,11.49566529,11.73520504,11.94044334,12.11394237,12.25930246,12.37879839,12.47593394,12.55430101,12.61742303,12.66900994,12.71280096,12.75202649,12.78942292,12.8268521,12.86533273,12.90504506,12.94531604,12.98498835,13.02197389,13.05401828,13.07846187,13.09302556,13.09528971,13.0834323,13.05622789,13.01383836,12.95623347,12.88491106,12.80199689,12.70972782,12.61111401,12.50937169,12.40699732,12.30707579,12.2117481,12.12406734,12.04335854,11.97209799,11.91010838,11.857511
