0,-2.257073626,-2.113011562,-1.913765874,-1.66104234,-1.357894898,-1.006348958,-0.612482381,-0.181721762,0.279847427,0.76585456,1.270036234,1.786437829,2.309707291,2.83519771,3.359203416,3.878893977,4.392376272,4.898589288,5.397331197,5.88891561,6.374156063,6.854029906,7.329491223,7.801236327,8.269472708,8.733616675,9.192331917,9.643277889,10.08316679,10.50785133,10.91246772,11.29170648,11.64000002,11.95227401,12.22378312,12.45031246,12.62952408,12.7598584,12.84188934,12.87640902,12.86843418,12.82098248,12.74092592,12.63413603,12.50780976,12.37001119,12.22797607,12.08783954,11.95742141,11.8415862,11.74533666,11.67174469,11.62429271,11.60286471,11.61016481,11.64481354,11.70577601,11.79147551,11.89950015,12.02698488,12.17178158,12.330432,12.49992777,12.67737872,12.86014615,13.04579542,13.23237775,13.41842103,13.60272592,13.78473178,13.96413777,14.1410699,14.31579533,14.48883637,14.66068152,14.83188414,15.00251165,15.17251775,15.34150314,15.50858633,15.67242334,15.8313102,15.98307553,16.12519884,16.25527588,16.3706818,16.46895217,16.54904393,16.60820093,16.6463815,16.66382931,16.66154502,16.64166998,16.60702825,16.56188618,16.51033365,16.45728803,16.40783056,16.36648239,16.3375374,16.32439418
0,-4.428751362,-4.416380644,-4.372716086,-4.295775468,-4.187972665,-4.049662211,-3.886187817,-3.703777354,-3.509809775,-3.312475232,-3.119847853,-2.939153432,-2.776201219,-2.634891248,-2.516996118,-2.421973528,-2.34752919,-2.290260993,-2.245359262,-2.207832476,-2.172878672,-2.136175689,-2.094398909,-2.045439633,-1.98854135,-1.923605001,-1.851593297,-1.77441705,-1.69397249,-1.612229047,-1.530924212,-1.451226486,-1.373750431,-1.298101626,-1.223310826,-1.147431034,-1.067845632,-0.981528474,-0.885109751,-0.775297317,-0.648783769,-0.502658527,-0.335109082,-0.144791133,0.068538057,0.304365342,0.560634658,0.83571921,1.127384307,1.433383379,1.751974947,2.081807831,2.422278805,2.773095683,3.135047099,3.50885615,3.89547715,4.295562933,4.709868325,5.138358349,5.580687269,6.035950572,6.502921136,6.980190836,7.466452319,7.960234308,8.460317852,8.965352556,9.473968915,9.98450741,10.49505047,11.00324117,11.50658123,12.00241537,12.4880699,12.96112415,13.41929798,13.86064267,14.28356692,14.68684563,15.06939464,15.43043649,15.76927519,16.08554126,16.3788388,16.64920726,16.89650109,17.12114207,17.3233232,17.50355717,17.66128885,17.79799648,17.91366627,18.00866397,18.08418756,18.14233732,18.18602132,18.21934038,18.24773716,18.27760587,18.31628068
0,-1.951218205,-2.116069051,-2.282037578,-2.444021403,-2.596286295,-2.73336104,-2.850350305,-2.940243857,-3.004272851,-3.036234126,-3.036448376,-3.00385838,-2.940854595,-2.849434963,-2.731101378,-2.590696905,-2.430696619,-2.255067517,-2.06726928,-1.870404236,-1.667347205,-1.460256589,-1.250867221,-1.040382445,-0.829507756,-0.618675213,-0.407734476,-0.196904172,0.014219663,0.226361552,0.439143098,0.653578327,0.869686561,1.08749176,1.307015819,1.528076954,1.750448234,1.973810967,2.197741793,2.42167734,2.64475109,2.867734658,3.089257401,3.309320545,3.528047304,3.744985621,3.96051914,4.17474052,4.387980112,4.600671512,4.813587997,5.027378208,5.242282338,5.460365057,5.682556062,5.90799981,6.140313614,6.379912218,6.628300065,6.886780116,7.156891698,7.440125139,7.737825576,8.05091611,8.380269356,8.726945104,9.091383277,9.473911004,9.874479822,10.2929594,10.72888871,11.18161363,11.65011811,12.13301291,12.62866911,13.13507554,13.64973634,14.16986067,14.69227398,15.213452,15.72952616,16.23626852,16.72908782,17.20303502,17.65314123,18.07443564,18.46197549,18.81107446,19.11755699,19.37700129,19.58550663,19.74321372,19.84872873,19.89923176,19.89997312,19.84950019,19.75637742,19.62247997,19.45401936,19.2600832,19.04454145
0,-10.90373784,-10.59570064,-10.28483566,-9.987478596,-9.720862635,-9.501151932,-9.344111751,-9.256602363,-9.249775577,-9.325238827,-9.475828143,-9.698774192,-9.980592825,-10.3082196,-10.66656446,-11.04064365,-11.41624931,-11.78138136,-12.12681956,-12.44657144,-12.73728046,-12.9983448,-13.23074008,-13.43962943,-13.6276807,-13.79897433,-13.96053567,-14.11516022,-14.26658296,-14.41715483,-14.56798485,-14.71948966,-14.87136823,-15.02342056,-15.17583261,-15.32949507,-15.48598518,-15.64762886,-15.81729154,-15.99826872,-16.19319328,-16.40449239,-16.63284353,-16.87827181,-17.13701469,-17.40754581,-17.68299203,-17.95732386,-18.22354215,-18.47390682,-18.70216191,-18.90223209,-19.06941745,-19.20039268,-19.292283,-19.34542404,-19.35742167,-19.32822981,-19.26074643,-19.15457328,-19.01143628,-18.83538365,-18.62930683,-18.39740981,-18.14371089,-17.87350671,-17.59128722,-17.30152101,-17.00861414,-16.71627588,-16.42756347,-16.14499232,-15.87007117,-15.60395076,-15.34702319,-15.09970753,-14.86197249,-14.6337511,-14.41525992,-14.20664322,-14.00746048,-13.81875089,-13.64080076,-13.4743026,-13.32063135,-13.18005692,-13.05540712,-12.9481574,-12.85965526,-12.79122975,-12.74292366,-12.7144714,-12.70441673,-12.70991321,-12.7289269,-12.75740464,-12.79101576,-12.82618958,-12.85857692,-12.88497451,-12.90314439
0,3.659740618,3.939213604,4.292735894,4.776229151,5.398746759,6.145282029,6.97865882,7.836470907,8.666085201,9.386036441,9.930204278,10.31503768,10.60193842,10.78935497,10.85943075,10.85031466,10.83200123,10.84645417,10.90074825,10.98778409,11.06284671,11.12911283,11.22339686,11.36796584,11.54681236,11.75869352,12.00218793,12.23625908,12.44424486,12.63497277,12.7809022,12.85124583,12.82761231,12.74680262,12.6234985,12.45370078,12.2400977,12.02370811,11.82355137,11.60483756,11.35086952,11.12839127,10.98173014,10.92828259,10.94198102,10.9784055,10.9914273,10.91963764,10.68958002,10.36189627,10.01266432,9.701861374,9.410528968,9.107507135,8.813871527,8.589518773,8.448834407,8.351332928,8.295305071,8.293134822,8.329279907,8.374048431,8.424942422,8.477666383,8.532360731,8.581417618,8.625469265,8.678462893,8.74186612,8.799278068,8.832807478,8.84687348,8.850933163,8.847658268,8.828158617,8.802833975,8.791074912,8.795158323,8.842321846,8.939494615,9.065479347,9.206939577,9.349055976,9.488095411,9.62396817,9.772312343,9.944461656,10.14898143,10.38356876,10.64329713,10.93006552,11.2539998,11.63572144,12.06586369,12.54212848,13.08063793,13.64810291,14.09123822,14.32866327,14.44140812,14.56610222
0,-13.29143556,-13.32639706,-13.30209843,-13.21903308,-13.07975177,-12.88828559,-12.64858549,-12.37041079,-12.06170756,-11.73254046,-11.39338814,-11.05439913,-10.72614407,-10.41667981,-10.13485343,-9.886687014,-9.676932306,-9.508062165,-9.383630871,-9.299219284,-9.252552016,-9.242424376,-9.261724422,-9.301545311,-9.356171124,-9.417134511,-9.476601117,-9.526946627,-9.562302712,-9.577476422,-9.567944325,-9.532168739,-9.469589086,-9.381062932,-9.268699689,-9.135496001,-8.985326206,-8.821615611,-8.648599693,-8.470180504,-8.287912342,-8.103755003,-7.919304178,-7.734552264,-7.54747166,-7.358913262,-7.16436446,-6.96245041,-6.750845363,-6.527328661,-6.289787652,-6.036019762,-5.765350829,-5.476113901,-5.167741475,-4.839830932,-4.492213351,-4.124938404,-3.738440497,-3.333491372,-2.910916496,-2.471510321,-2.016271072,-1.546329245,-1.062869274,-0.567199831,-0.060567859,0.455741682,0.980267024,1.511488023,2.047587955,2.586874596,3.127394858,3.667034187,4.203748715,4.735592528,5.260600462,5.777085735,6.283610923,6.77894467,7.262340123,7.733428414,8.192325958,8.639405764,9.07524677,9.500641615,9.916699711,10.32441124,10.72462182,11.11785307,11.50444968,11.88419472,12.25650841,12.62013806,12.9731685,13.31331916,13.63760118,13.94229825,14.22284096,14.47523336,14.69551664
0,-5.565650818,-5.500552478,-5.400763811,-5.265888737,-5.095245369,-4.888301947,-4.644391643,-4.362923048,-4.044618101,-3.689496975,-3.298855226,-2.872356427,-2.413893826,-1.921152335,-1.396814535,-0.842066039,-0.258358772,0.351952192,0.985328159,1.636677039,2.299069091,2.963773724,3.620669187,4.258768087,4.86726064,5.435816788,5.956970948,6.425347276,6.837875718,7.195349146,7.500643581,7.758853586,7.976220466,8.160768311,8.320348546,8.462565255,8.595810676,8.726421928,8.860756146,9.002218671,9.155502078,9.323147557,9.505457703,9.705169195,9.923803495,10.16289296,10.42595873,10.71643393,11.03960012,11.39760667,11.79531158,12.2280335,12.6897538,13.16909128,13.65021231,14.11857871,14.56054439,14.96923988,15.34147256,15.68118463,15.98957301,16.27580498,16.54428254,16.79944421,17.04457195,17.27968643,17.50788735,17.72750387,17.93947636,18.14075637,18.3346085,18.51986109,18.69731712,18.86747735,19.03241426,19.19199755,19.34757024,19.50302557,19.65629716,19.81043329,19.96664932,20.12576662,20.28794166,20.45266582,20.61841231,20.78317872,20.94360511,21.09751248,21.2413713,21.37224497,21.48710366,21.58299331,21.65843181,21.7113374,21.74231511,21.7522445,21.7456254,21.72539117,21.69774246,21.66873187,21.64470504
0,1.631732371,1.690747526,1.763541136,1.848711305,1.940831077,2.038370925,2.135339075,2.226983522,2.308699635,2.376496119,2.427632814,2.460120381,2.473887614,2.469853563,2.44997287,2.417358819,2.374022615,2.325333042,2.273357976,2.221392382,2.1705459,2.123348767,2.080553178,2.043552436,2.011293523,1.985521986,1.965744024,1.954123194,1.949929436,1.95466416,1.969437396,1.996159588,2.03429736,2.086638073,2.154190151,2.237855092,2.338861019,2.458520722,2.598235689,2.759505834,2.944308194,3.152994149,3.388224243,3.649904518,3.938072129,4.250855539,4.586250845,4.940767644,5.309875261,5.688352426,6.070760209,6.451396717,6.824341028,7.185679503,7.531320996,7.857719035,8.163861273,8.448248162,8.711366973,8.954422158,9.179505614,9.386522364,9.582596029,9.767628689,9.945607074,10.11920387,10.29139847,10.46407898,10.63895569,10.81706902,10.99939735,11.18683025,11.37873066,11.57624592,11.77933045,11.98826919,12.20260225,12.42160164,12.64464929,12.86968984,13.09450985,13.31620548,13.53147731,13.73650849,13.92725329,14.09963714,14.24983879,14.37423408,14.46928477,14.53300175,14.56281266,14.56152486,14.52662401,14.46206647,14.37143467,14.25943288,14.13352137,13.99931628,13.86467069,13.7362673,13.62161544
0,-14.630807,-14.24235947,-13.80348167,-13.31802543,-12.79143298,-12.23042729,-11.64166907,-11.03465862,-10.42155097,-9.810957986,-9.212404955,-8.635985951,-8.091158389,-7.583015334,-7.112033301,-6.680450176,-6.285523093,-5.922869471,-5.586094344,-5.268237362,-4.961678685,-4.658824676,-4.353254638,-4.0377286,-3.707580491,-3.362626397,-3.00117121,-2.623281875,-2.23518931,-1.84222534,-1.453555206,-1.07573096,-0.718628421,-0.389261079,-0.094561943,0.160361748,0.373238607,0.542666633,0.670278702,0.759189749,0.812913818,0.837718772,0.840102822,0.826571206,0.803895156,0.778607988,0.755909842,0.740312557,0.735381087,0.74339139,0.766834582,0.804525768,0.859288897,0.931525562,1.022273125,1.134048353,1.270448232,1.432052594,1.62580763,1.85495316,2.12447874,2.438500598,2.800309062,3.212004663,3.675077696,4.188222219,4.747804423,5.348259953,5.982588484,6.639861116,7.308212051,7.973714222,8.624379968,9.246656224,9.830072277,10.36591963,10.8498822,11.27971089,11.65671005,11.98582412,12.27366647,12.528254,12.75837037,12.97303197,13.17973464,13.38406876,13.58840238,13.79269277,13.99267673,14.18212103,14.35157401,14.48898368,14.59011497,14.64261373,14.64489719,14.59402549,14.49537764,14.35735565,14.19253231,14.01511406,13.84044398
0,-14.36213338,-14.21320319,-14.01223437,-13.757669,-13.44983181,-13.09100826,-12.68539357,-12.23828108,-11.75541729,-11.24459683,-10.71232054,-10.16635915,-9.615644915,-9.068392374,-8.534614918,-8.024575139,-7.551318846,-7.127227218,-6.763977806,-6.471821328,-6.254269659,-6.116722745,-6.054115195,-6.056465618,-6.120121542,-6.22644433,-6.362653179,-6.513933456,-6.665051163,-6.80400506,-6.923062851,-7.015762895,-7.08006519,-7.117205956,-7.132702919,-7.128580365,-7.112759222,-7.09188734,-7.071658062,-7.056909867,-7.052052672,-7.05955353,-7.081345413,-7.116670118,-7.16335012,-7.218986114,-7.279844259,-7.34225654,-7.400975902,-7.452885667,-7.493803227,-7.520426581,-7.529876482,-7.520474043,-7.490329869,-7.439271795,-7.366098974,-7.270452379,-7.151947641,-7.010435994,-6.845682647,-6.657892298,-6.445581155,-6.212251471,-5.957201543,-5.682317792,-5.38963336,-5.081573246,-4.760743085,-4.429895876,-4.091529148,-3.748965453,-3.404231552,-3.060231539,-2.719564934,-2.384765451,-2.058193698,-1.741852926,-1.436849321,-1.144871775,-0.865738769,-0.598851659,-0.343635293,-0.098778086,0.136746997,0.363551453,0.581532178,0.789792599,0.986899452,1.168219151,1.334242174,1.479237916,1.59976304,1.692729335,1.755231021,1.786889167,1.786353963,1.753953193,1.694260468,1.610711386,1.508641937
0,-34.37410321,-34.20906641,-33.96503077,-33.63689464,-33.22331138,-32.72661256,-32.15349077,-31.51426941,-30.82326449,-30.09665039,-29.35248425,-28.60646042,-27.87395586,-27.16373642,-26.48413905,-25.83532354,-25.21572813,-24.62005021,-24.04127648,-23.47104296,-22.90171118,-22.32681266,-21.74206515,-21.14383356,-20.53151792,-19.90591265,-19.26857073,-18.62174621,-17.96830758,-17.31052875,-16.65078229,-15.99121021,-15.33360583,-14.68005565,-14.03270747,-13.39424217,-12.76794103,-12.15755413,-11.56682713,-10.999269,-10.45688237,-9.940339638,-9.448101241,-8.976121014,-8.517772136,-8.067111897,-7.615178158,-7.154586316,-6.679012734,-6.183815737,-5.668147202,-5.133537412,-4.584726176,-4.02956277,-3.477502087,-2.939363615,-2.424838601,-1.94149275,-1.49426178,-1.083865578,-0.707870175,-0.360748713,-0.03466627,0.279044207,0.589216337,0.904027524,1.229439619,1.570413282,1.928376896,2.304284083,2.697117508,3.105537797,3.52722146,3.961227424,4.405620922,4.858596887,5.318077199,5.781007462,6.24222142,6.696743494,7.136434144,7.552738728,7.936205888,8.277202833,8.566706444,8.796377405,8.961658891,9.057851791,9.086244484,9.046061871,8.941807939,8.778871561,8.563240869,8.303762436,8.007532889,7.683060048,7.339881826,6.984404814,6.62478518,6.267525268,5.918307629
0,-2.628979904,-2.746657856,-2.825483798,-2.861151771,-2.858608956,-2.814452549,-2.736871101,-2.632535289,-2.509736258,-2.378563418,-2.248152578,-2.127163411,-2.023022528,-1.941711119,-1.88749897,-1.863138273,-1.867857042,-1.902355842,-1.960739832,-2.041037672,-2.13683672,-2.241774126,-2.349160524,-2.452274214,-2.544125904,-2.618993802,-2.670151591,-2.697582825,-2.694927788,-2.660915168,-2.598358393,-2.505926747,-2.387049329,-2.24426013,-2.083860521,-1.906996367,-1.71939489,-1.525338308,-1.328714444,-1.13299749,-0.940977482,-0.754585697,-0.574959115,-0.402296191,-0.236077451,-0.074933936,0.082775878,0.241232234,0.402354902,0.5698721,0.747322312,0.937866943,1.144564563,1.368799318,1.612301908,1.875493512,2.157884749,2.458237172,2.774516444,3.10409983,3.444749375,3.792250855,4.144759517,4.499404248,4.853923655,5.206882223,5.557245782,5.904834525,6.249995925,6.593670825,6.937140917,7.282060903,7.630214624,7.983502174,8.343725736,8.712429746,9.09098044,9.480282944,9.880804492,10.29249222,10.71496655,11.14733168,11.58831241,12.03639386,12.48972546,12.94612677,13.40329596,13.85885747,14.31025836,14.75497049,15.19039928,15.61409841,16.02364123,16.41680529,16.79157599,17.14622405,17.47954773,17.79080481,18.079772,18.34657433,18.59181577
0,-4.427799554,-4.51322962,-4.519670457,-4.440930129,-4.27760663,-4.032858558,-3.711838629,-3.324288682,-2.882519099,-2.401706915,-1.897351958,-1.385445172,-0.88088394,-0.397529556,0.052838408,0.460984882,0.819717354,1.126613164,1.378458156,1.577031544,1.725053896,1.825762036,1.887875708,1.914763178,1.913999244,1.89264208,1.857925374,1.813128435,1.764685773,1.716636095,1.672002041,1.632830704,1.600885946,1.576944773,1.561365915,1.553517318,1.553061673,1.558944482,1.570183714,1.585962214,1.605296697,1.627076143,1.650829492,1.676421536,1.703232076,1.730965505,1.76020094,1.791272959,1.824862181,1.862044099,1.904286426,1.953465964,2.011058021,2.080144833,2.163770077,2.262524226,2.382029178,2.524674683,2.69193437,2.888641999,3.115855507,3.375386327,3.668066557,3.993818931,4.351555419,4.739219086,5.153658106,5.591044449,6.047158871,6.517437537,6.997420568,7.482833531,7.969767807,8.455351428,8.937131057,9.413550567,9.883745824,10.34732997,10.80419223,11.25453146,11.69854902,12.13627128,12.5674902,12.99143135,13.4067212,13.81045498,14.20262665,14.57818557,14.93437521,15.26778694,15.57485471,15.85207281,16.09614086,16.30765661,16.48205678,16.62299771,16.73045093,16.80874681,16.86264638,16.89791013,16.92045325
0,3.142047539,3.201181702,3.364208617,3.61702276,3.976873589,4.418344289,4.929136194,5.486486373,6.068133354,6.65071046,7.210869185,7.726753462,8.180719549,8.558309128,8.85700614,9.063459452,9.186801843,9.228859264,9.195198389,9.100816448,8.955463229,8.770517714,8.561499207,8.338440804,8.112624789,7.893443304,7.688017539,7.501710432,7.337926603,7.198291394,7.082350261,6.988676863,6.914546426,6.858033013,6.814462088,6.781347305,6.755273508,6.733165263,6.71286041,6.692848063,6.672218273,6.651505551,6.629597373,6.609798687,6.593375983,6.582411012,6.579423604,6.58796275,6.60952279,6.647291328,6.703079542,6.779251432,6.874359024,6.990971646,7.128319573,7.286500606,7.462506167,7.655523587,7.863856585,8.08452188,8.316599782,8.557510049,8.805101712,9.05740977,9.312723043,9.569439023,9.826144428,10.08169171,10.33539575,10.58692171,10.83650679,11.0848919,11.33342894,11.58404475,11.83933385,12.1023579,12.37670193,12.66631706,12.97503224,13.30642505,13.66419515,14.0511495,14.46868725,14.91683502,15.39447042,15.89890412,16.42551737,16.96768762,17.5174917,18.06526641,18.60420343,19.12201389,19.61186929,20.06348923,20.4733673,20.83613699,21.15069998,21.41790654,21.64148421,21.82734159,21.98258281
0,-7.513417521,-7.649855428,-7.769031801,-7.868102555,-7.945188181,-7.999781127,-8.032799455,-8.045994962,-8.044292607,-8.02929606,-8.006879544,-7.982405754,-7.959884442,-7.94326828,-7.935532104,-7.938761383,-7.953268299,-7.97778556,-8.010813052,-8.048160165,-8.085568289,-8.114901284,-8.135080414,-8.134048256,-8.109207351,-8.05140344,-7.956303499,-7.820047415,-7.63771604,-7.408179684,-7.131428493,-6.808320187,-6.44292602,-6.037878363,-5.598869976,-5.132138924,-4.644054321,-4.141247218,-3.630355726,-3.117996015,-2.61001558,-2.111694174,-1.627707442,-1.162040433,-0.717818632,-0.297299635,0.098046244,0.467193309,0.809670045,1.125276404,1.416162585,1.681211445,1.923964499,2.143293041,2.341551404,2.520530627,2.682183844,2.828307266,2.96124287,3.083559738,3.19817289,3.308157969,3.416780596,3.527201625,3.643107845,3.767845409,3.904275489,4.054999107,4.222454771,4.409153748,4.615308512,4.840969569,5.086361775,5.350292143,5.630968246,5.9257787,6.231405656,6.544055153,6.859381174,7.176490431,7.488246008,7.792977295,8.087423895,8.368768982,8.634776323,8.883212283,9.111714801,9.31740567,9.495945751,9.648108214,9.767287919,9.850966852,9.899526843,9.906644877,9.873213082,9.799892522,9.687949795,9.540960345,9.364640908,9.165798103,8.951718811
0,-6.881592246,-6.715044134,-6.528427963,-6.327771291,-6.120330056,-5.914431323,-5.718995895,-5.543185042,-5.394991609,-5.280982858,-5.207017119,-5.175537846,-5.185333239,-5.237334483,-5.324469392,-5.440934242,-5.578650984,-5.728879482,-5.88284868,-6.032359179,-6.170222014,-6.291027059,-6.390420893,-6.465982942,-6.517335284,-6.545439216,-6.552520473,-6.541469323,-6.516208824,-6.480889615,-6.439780557,-6.39734355,-6.358199076,-6.326777414,-6.305890288,-6.300684986,-6.313143701,-6.345290493,-6.397577915,-6.468870442,-6.556561901,-6.656627191,-6.763161812,-6.86920176,-6.967219213,-7.049096513,-7.106838823,-7.132860261,-7.122780983,-7.070812147,-6.976290619,-6.838662289,-6.659961486,-6.443504685,-6.194292824,-5.917681377,-5.619553078,-5.305613354,-4.980839838,-4.649184396,-4.313345415,-3.974491616,-3.632188129,-3.284335336,-2.927502268,-2.558108046,-2.17058805,-1.760161984,-1.322300608,-0.853404728,-0.351188063,0.184939801,0.75356302,1.351053532,1.971679,2.607607333,3.249527282,3.886961217,4.508769963,5.104067409,5.662928338,6.176859058,6.639308226,7.046301815,7.395852844,7.689927863,7.929609008,8.124593089,8.277551347,8.395678454,8.488959417,8.560902042,8.618011301,8.664458863,8.703227584,8.737392009,8.767805751,8.796832868,8.826701633,8.856498508,8.888249301
0,-21.66871681,-21.48623545,-21.24081121,-20.93482911,-20.57681801,-20.1732846,-19.73868072,-19.28728906,-18.83459956,-18.39598781,-17.98556998,-17.61567059,-17.29617115,-17.03518608,-16.83447641,-16.69747796,-16.61956833,-16.59797713,-16.62558577,-16.6949723,-16.79434946,-16.9175882,-17.05104654,-17.18738761,-17.31747303,-17.43314655,-17.52816653,-17.59759829,-17.63747883,-17.64750415,-17.62631284,-17.57572653,-17.49883479,-17.39988787,-17.28418572,-17.15767732,-17.02729841,-16.8993477,-16.78077276,-16.67735795,-16.59471823,-16.53618619,-16.5039634,-16.50029037,-16.52485095,-16.57552588,-16.65002632,-16.74528005,-16.85700762,-16.98116521,-17.11407093,-17.2515926,-17.39044315,-17.52792936,-17.66207968,-17.79156642,-17.91580597,-18.03455157,-18.14827373,-18.25733818,-18.36150892,-18.4613454,-18.55581892,-18.64329009,-18.72217093,-18.78924484,-18.84187397,-18.87706541,-18.89216038,-18.88479352,-18.85333331,-18.7964009,-18.71385634,-18.60410977,-18.46923904,-18.30999677,-18.1256814,-17.91889259,-17.69151673,-17.44661002,-17.18909845,-16.92355733,-16.6578942,-16.40026309,-16.15852411,-15.94414984,-15.76667695,-15.63689412,-15.56210435,-15.54948782,-15.60396102,-15.72753648,-15.91654152,-16.16788272,-16.47153087,-16.81579343,-17.18665186,-17.56774515,-17.9430619,-18.29664484,-18.61410196
0,-24.90920078,-24.71276649,-24.48152513,-24.21633936,-23.9189925,-23.59222591,-23.23989936,-22.8668335,-22.47853336,-22.08135496,-21.68210052,-21.28760935,-20.90475137,-20.53992429,-20.19849045,-19.88489154,-19.60206426,-19.35120618,-19.13203184,-18.94342678,-18.78244936,-18.64560762,-18.52814384,-18.42561936,-18.3328463,-18.24457241,-18.15643547,-18.06429511,-17.96481174,-17.85559742,-17.73628873,-17.60597652,-17.46603994,-17.3182161,-17.16539283,-17.01081695,-16.85813642,-16.71113902,-16.57361851,-16.44947776,-16.34200393,-16.25295937,-16.18555944,-16.14065683,-16.11875707,-16.11854446,-16.1401883,-16.18097077,-16.23952658,-16.31330386,-16.40104321,-16.5006596,-16.61056997,-16.72938319,-16.85551843,-16.98734797,-17.12316481,-17.25979193,-17.39479313,-17.52485136,-17.64546964,-17.75268621,-17.84062865,-17.90460627,-17.93801322,-17.93546189,-17.89126852,-17.80111024,-17.66047893,-17.47028852,-17.22721623,-16.9338245,-16.59383061,-16.21303313,-15.79880161,-15.36240752,-14.91216758,-14.46026161,-14.01770744,-13.59541603,-13.20359789,-12.85147134,-12.5462231,-12.29238437,-12.09552556,-11.95740911,-11.87902013,-11.85693419,-11.89261016,-11.98164065,-12.11923844,-12.30054084,-12.52074847,-12.77231353,-13.04522648,-13.33584865,-13.63369607,-13.93163195,-14.22267224,-14.50092969,-14.76003052
0,-16.12823478,-16.05025048,-15.94248004,-15.79814973,-15.62156149,-15.40914263,-15.16539729,-14.89293664,-14.59702148,-14.28582037,-13.96504992,-13.64302519,-13.32595245,-13.01991703,-12.72955281,-12.45906723,-12.21060302,-11.98363017,-11.78122845,-11.59583618,-11.43189381,-11.28354911,-11.14865225,-11.02526148,-10.91088631,-10.80456519,-10.70496049,-10.61342834,-10.53168558,-10.45999652,-10.40392997,-10.36354308,-10.34681018,-10.35551759,-10.39478835,-10.46960485,-10.58400957,-10.73576191,-10.93528266,-11.17969346,-11.4714574,-11.8082263,-12.19018278,-12.61431207,-13.07585073,-13.57064415,-14.09342413,-14.63684606,-15.1939851,-15.75792803,-16.31993582,-16.87230778,-17.40756163,-17.91677449,-18.39364655,-18.83217576,-19.22476274,-19.56328328,-19.85079128,-20.0828759,-20.25053564,-20.36064473,-20.40459002,-20.39093946,-20.31689683,-20.18059815,-19.9908757,-19.74295312,-19.44963779,-19.10280808,-18.71031115,-18.27633588,-17.80047956,-17.29143876,-16.74886829,-16.17854683,-15.58385998,-14.96957922,-14.34040807,-13.70085988,-13.05638429,-12.41296126,-11.77591232,-11.15077437,-10.54452128,-9.963625109,-9.414122666,-8.902101819,-8.433415481,-8.012647921,-7.649507158,-7.343388929,-7.101779363,-6.922105761,-6.813907109,-6.770075378,-6.792271798,-6.881726202,-7.034119099,-7.242697971,-7.51260216
0,-17.17674318,-17.12229646,-16.992893,-16.80386507,-16.55604274,-16.26252973,-15.93478074,-15.59088585,-15.2402393,-14.89958966,-14.57955859,-14.28990735,-14.04045423,-13.83641905,-13.68254272,-13.58069572,-13.53037454,-13.52820272,-13.57417819,-13.66213289,-13.78749963,-13.94623138,-14.13489391,-14.34212058,-14.57105672,-14.81492654,-15.07068076,-15.33625145,-15.61024842,-15.89219912,-16.18214349,-16.48049909,-16.7882673,-17.10654592,-17.43669313,-17.77973843,-18.13672506,-18.50811527,-18.89393412,-19.29368865,-19.70604745,-20.12918306,-20.56079936,-20.99828291,-21.43852307,-21.87823324,-22.31418528,-22.7431571,-23.1619719,-23.56716481,-23.95679101,-24.32635046,-24.67303041,-24.99336551,-25.28343334,-25.54101727,-25.76217311,-25.94324443,-26.08280303,-26.17702411,-26.22295463,-26.22212501,-26.17142565,-26.0690261,-25.91464224,-25.711655,-25.45733779,-25.1533721,-24.80003506,-24.40259148,-23.96081155,-23.47884003,-22.96061498,-22.41109822,-21.83602709,-21.24163653,-20.634905,-20.02363284,-19.4158731,-18.82025907,-18.24550601,-17.69983613,-17.19108684,-16.7263814,-16.31539705,-15.95444567,-15.65776562,-15.42027696,-15.24377545,-15.12969331,-15.07073669,-15.0647517,-15.10749814,-15.19213275,-15.30879727,-15.45387609,-15.61848632,-15.79959482,-15.98461612,-16.17684865,-16.37101931
1,-4.003269189,-4.247412635,-4.318529009,-4.227295775,-3.968534668,-3.592883789,-3.149813906,-2.699080479,-2.302218673,-2.010286161,-1.858246934,-1.883815653,-2.091487914,-2.479361518,-3.029284212,-3.70295609,-4.454964055,-5.234298431,-5.992918774,-6.689921519,-7.29497105,-7.787621072,-8.164255902,-8.419533574,-8.574226121,-8.637783852,-8.634524716,-8.591633913,-8.52775972,-8.459883433,-8.398655445,-8.34830702,-8.307435041,-8.269928809,-8.224942131,-8.165454458,-8.080185094,-7.956556019,-7.793067465,-7.587381455,-7.337109496,-7.038993707,-6.692981147,-6.295205332,-5.839828779,-5.319753622,-4.725495994,-4.057380242,-3.302775105,-2.465886599,-1.55207924,-0.573661832,0.4505584,1.498119433,2.541086931,3.555084551,4.516066197,5.406862805,6.216299951,6.940025156,7.580751924,8.141360919,8.640713915,9.085325695,9.488069594,9.865946623,10.22664177,10.58139619,10.94054402,11.30663326,11.68644286,12.08192275,12.49242577,12.91706357,13.35392056,13.80042346,14.25291571,14.71187384,15.17527505,15.64320426,16.11694613,16.59940675,17.09517553,17.61109023,18.15538073,18.73715289,19.36530734,20.0466269,20.78395755,21.57382781,22.40644806,23.26509336,24.12842477,24.97345145,25.77963567,26.53282587,27.22568513,27.85985469,28.44402978,28.99123192,29.51475653
1,43.95726904,44.33283901,44.85914672,45.54836196,46.40818982,47.44240501,48.64824293,50.00749498,51.47687611,52.98497086,54.43965096,55.7419914,56.80383503,57.56395035,58.0009269,58.1334464,58.02289515,57.75841375,57.44380179,57.1780795,57.03976964,57.07810399,57.30527487,57.6934428,58.18201942,58.69406747,59.15211101,59.49725703,59.70145197,59.76523648,59.71831567,59.60197218,59.45690769,59.31115789,59.17783861,59.05638633,58.94399735,58.83960816,58.7471458,58.67727514,58.64550272,58.66969487,58.76590647,58.93981925,59.1815118,59.46376106,59.74913092,60.00069107,60.19163286,60.30966209,60.35643354,60.34317073,60.28867339,60.21219111,60.12991428,60.0530215,59.9852359,59.92409199,59.86442565,59.80304556,59.74200387,59.686324,59.63905173,59.59585177,59.54578784,59.47650687,59.38002012,59.25827798,59.12451368,58.99909857,58.90022067,58.83426821,58.79115754,58.74911956,58.68700686,58.59504127,58.47692634,58.345822,58.2181132,58.10636401,58.01209921,57.92300195,57.81728657,57.67326432,57.47475,57.20975961,56.86818367,56.44714049,55.95676928,55.42560389,54.89191491,54.39042616,53.93997357,53.54223157,53.18765763,52.86572028,52.57000621,52.30349005,52.07580092,51.90003228,51.78267948
1,-4.89442435,-4.976637893,-5.038267861,-5.072595329,-5.072611139,-5.043517224,-4.978117648,-4.879118105,-4.755446313,-4.607113363,-4.443136119,-4.270359322,-4.095928266,-3.926409962,-3.767507846,-3.623648668,-3.49806196,-3.392641619,-3.308057498,-3.243967678,-3.199639909,-3.172255811,-3.161214186,-3.164026079,-3.178775476,-3.203475533,-3.237169594,-3.278905664,-3.327902733,-3.384646243,-3.449319347,-3.522756731,-3.605173839,-3.698328218,-3.802633771,-3.918607087,-4.04639736,-4.185656966,-4.335529046,-4.49463858,-4.661236881,-4.833193649,-5.008294578,-5.184279344,-5.359135045,-5.530992103,-5.698423891,-5.860409005,-6.016201634,-6.165342717,-6.307685981,-6.442797801,-6.571225502,-6.692198733,-6.805563945,-6.910527879,-7.006552795,-7.092889832,-7.167988654,-7.232190261,-7.283549853,-7.322135348,-7.345949363,-7.355719847,-7.350405793,-7.329674186,-7.294185997,-7.242445767,-7.176091627,-7.093524589,-6.994930218,-6.879885894,-6.748024683,-6.598501321,-6.430659484,-6.243975226,-6.037678384,-5.811127501,-5.564115004,-5.296602516,-5.009819279,-4.704912142,-4.383388141,-4.04826066,-3.703198768,-3.352554992,-3.001418417,-2.655445683,-2.32050292,-2.00238637,-1.706200851,-1.436328004,-1.195701756,-0.985708888,-0.805425214,-0.652956028,-0.523645691,-0.411995218,-0.310528508,-0.212078535,-0.109232031
1,-13.17376123,-12.75329356,-12.16571573,-11.3797406,-10.36980953,-9.125413846,-7.657558063,-6.003180046,-4.216986986,-2.361092024,-0.503861576,1.289829812,2.957760548,4.426961184,5.683980018,6.702811146,7.492749246,8.095472005,8.562844315,8.93912359,9.275751185,9.60470605,9.959283029,10.35697211,10.80044752,11.29105717,11.82469076,12.39757013,13.01493558,13.68174183,14.40003837,15.16443292,15.95044683,16.72662508,17.45217803,18.09039821,18.60322287,18.97433014,19.18626701,19.24475958,19.16530405,18.98178443,18.73917097,18.4865459,18.27041261,18.12239404,18.05961249,18.08149848,18.18114706,18.34957922,18.59033033,18.91433994,19.34446086,19.91082008,20.63705242,21.54305401,22.62657615,23.86531084,25.22591332,26.66518359,28.135728,29.59208904,30.98303579,32.27307717,33.43716124,34.47243887,35.3996204,36.25047481,37.06154496,37.85345649,38.62088018,39.34548315,40.00243331,40.56556938,41.01907717,41.3566053,41.59053156,41.743173,41.8431084,41.90024385,41.91052756,41.8478212,41.67638765,41.35988404,40.873427,40.21407344,39.40980392,38.50362414,37.56270932,36.65771778,35.84360453,35.15771359,34.61274018,34.19605825,33.87944282,33.62293922,33.39200796,33.15468476,32.88716335,32.58098609,32.23276921
1,15.71507319,15.72406257,15.71542962,15.69332559,15.64803148,15.56448365,15.42781751,15.22915699,14.97031876,14.657779,14.3005234,13.91044669,13.50436337,13.10336674,12.73252184,12.41619565,12.17125566,12.00572721,11.91389699,11.87593487,11.85949887,11.82644957,11.73914372,11.56905312,11.29678417,10.91710325,10.44309353,9.897080979,9.307531915,8.700258955,8.095594466,7.506175069,6.938297315,6.393497484,5.869372216,5.363941378,4.875973821,4.406422016,3.959432689,3.536958858,3.142637306,2.780934827,2.454896608,2.165261309,1.909320797,1.685267688,1.491678557,1.331598957,1.206991244,1.121280729,1.072851032,1.059543712,1.078024785,1.127915248,1.206669178,1.322523838,1.482487633,1.691974854,1.94878687,2.241316612,2.553850344,2.874824574,3.201176509,3.537540743,3.890571626,4.264375256,4.658714069,5.06777588,5.490436826,5.928663107,6.388347413,6.881899302,7.424826253,8.029046671,8.698385591,9.42505294,10.18957854,10.96366168,11.71629837,12.4241154,13.07686523,13.6763636,14.22830611,14.74045355,15.2264653,15.70641144,16.19986842,16.71807437,17.25446856,17.78421612,18.27350288,18.69263232,19.02659277,19.2742477,19.43782655,19.52658096,19.5535401,19.54319504,19.53352264,19.56507472,19.66347313
1,6.511962583,6.196298474,6.033730631,5.999955216,6.043767788,6.098153884,6.107323077,6.031468182,5.858063952,5.59165786,5.254113698,4.873434319,4.474053079,4.073170316,3.681731899,3.307971558,2.947555896,2.59892949,2.257894746,1.920478855,1.588181099,1.260597291,0.941168877,0.630413918,0.336309663,0.067994901,-0.163902417,-0.358691845,-0.50903681,-0.620515793,-0.703939343,-0.774083802,-0.84544917,-0.928366495,-1.024711138,-1.129677644,-1.233222186,-1.325755884,-1.394504603,-1.428143402,-1.41755138,-1.354061579,-1.230516364,-1.045632351,-0.798758691,-0.495411504,-0.140990585,0.255140133,0.678136226,1.112793936,1.543466966,1.956289756,2.341821309,2.69637003,3.022699866,3.327064015,3.61831878,3.905333749,4.198372627,4.497264967,4.817100569,5.153393827,5.512657793,5.89514994,6.299294479,6.720988344,7.153930162,7.59106902,8.022125555,8.440726507,8.840576732,9.219130742,9.573603459,9.903951464,10.20905923,10.48651283,10.73316132,10.94489909,11.12273973,11.27109639,11.39775394,11.51802086,11.6516844,11.82362786,12.06060253,12.39158399,12.83372842,13.40295661,14.11342337,14.96153036,15.93549547,17.01243649,18.15516015,19.31786379,20.44910402,21.50084345,22.43795624,23.24366576,23.9216417,24.49149988,24.98197729
1,6.223900934,6.598661911,7.122372644,7.749647918,8.372533105,8.949524487,9.422840677,9.78592618,10.05541415,10.25524074,10.45231549,10.71378746,11.08332791,11.62617578,12.38218081,13.35018938,14.5514239,15.95747639,17.53474592,19.23295204,20.98983594,22.74163355,24.41052209,25.98384543,27.37515318,28.59390461,29.59535321,30.40072858,30.99867543,31.44281153,31.73308284,31.92111766,32.00797573,32.06048607,32.08448937,32.09680654,32.09102388,32.03174164,31.90564235,31.61898247,31.14683036,30.41637399,29.43196864,28.16516075,26.66891732,24.985451,23.20039735,21.40795317,19.6924544,18.10934956,16.6826511,15.39474246,14.23965722,13.15930497,12.13334657,11.12465972,10.11203989,9.10603853,8.114554829,7.162197348,6.29742088,5.54279856,4.959825185,4.578574245,4.427828117,4.480153226,4.785255266,5.28814702,5.970414201,6.795468283,7.703798591,8.638297496,9.553875954,10.41934996,11.21758722,11.94047308,12.59604224,13.19739216,13.76158759,14.3210297,14.90602466,15.54373182,16.24893176,17.026688,17.88441976,18.81288934,19.79654582,20.80824372,21.79466431,22.71772862,23.4805434,24.04087659,24.32456178,24.33560777,24.05631049,23.52841314,22.84121923,22.09019134,21.38020521,20.84761367,20.60041533
1,-13.20455397,-13.01970445,-12.7872454,-12.48566302,-12.09490225,-11.59345444,-10.96288224,-10.1799013,-9.221248181,-8.060752052,-6.676832441,-5.05711056,-3.204708616,-1.145246689,1.079891119,3.41083189,5.786468149,8.146798326,10.43969437,12.63007802,14.69284404,16.61568325,18.3935673,20.01991234,21.48265356,22.76091466,23.83224552,24.67029512,25.24739586,25.54159151,25.54962337,25.27181333,24.72604443,23.92498306,22.895926,21.66563541,20.26683381,18.7279342,17.08331138,15.3657989,13.60243599,11.81752429,10.03080746,8.244049665,6.47654816,4.731136957,3.017185997,1.342275283,-0.283097651,-1.8477065,-3.33636844,-4.730415328,-6.008150782,-7.143776085,-8.115433604,-8.900873376,-9.500403523,-9.90217514,-10.12848642,-10.19994461,-10.14716075,-10.00426454,-9.79152369,-9.549907487,-9.283491541,-9.001470568,-8.706520021,-8.395470533,-8.073736335,-7.766476033,-7.51230378,-7.37586003,-7.400626599,-7.631370883,-8.084725515,-8.756830899,-9.625811419,-10.65799503,-11.80319485,-13.00958457,-14.22099603,-15.39282892,-16.48915359,-17.4830499,-18.35700438,-19.09707937,-19.69143705,-20.1368071,-20.44086723,-20.61056824,-20.66241137,-20.61963909,-20.50147208,-20.3265835,-20.12047533,-19.90162434,-19.6900098,-19.50159952,-19.35035586,-19.24363041,-19.18362232
1,8.02031468,8.453442443,8.985493698,9.578926761,10.2101509,10.86957897,11.56419563,12.31466888,13.15397973,14.11887944,15.23813379,16.52565771,17.9761663,19.56828795,21.26843655,23.03908376,24.84253217,26.64164219,28.41390861,30.12439126,31.74862855,33.25107373,34.60130663,35.77910768,36.75748478,37.53132624,38.10629067,38.48577785,38.69747731,38.74611566,38.6655598,38.48729148,38.24475644,37.96929452,37.69601201,37.44053714,37.21388575,37.01319049,36.82348722,36.62554321,36.40025612,36.13285314,35.81516089,35.44510907,35.02988552,34.57468118,34.09240001,33.59011455,33.07635477,32.5542713,32.02538377,31.49155198,30.95687311,30.42755555,29.91288145,29.42036796,28.95216809,28.49904553,28.04028385,27.54761764,26.99205577,26.35172222,25.61707263,24.79358705,23.90104891,22.96936419,22.03089622,21.11081202,20.2198059,19.3534638,18.49862864,17.64336822,16.78505696,15.93316686,15.10677388,14.32789753,13.62935294,13.04002569,12.59297472,12.31836533,12.24899921,12.40328298,12.79240511,13.40729516,14.23038772,15.22381565,16.3339611,17.49284547,18.62474741,19.6519791,20.50457529,21.13128392,21.50592721,21.62246794,21.50277247,21.18804077,20.74464177,20.2419533,19.75755832,19.35994241,19.10194929
1,-20.8789642,-20.83433075,-20.71150315,-20.51914298,-20.27609162,-20.0024089,-19.71677694,-19.43381259,-19.16325759,-18.90960958,-18.67373965,-18.45255874,-18.2416959,-18.03579482,-17.8296559,-17.61885801,-17.39918198,-17.16710855,-16.91913737,-16.65274062,-16.36582512,-16.05723777,-15.72641276,-15.37253029,-14.99703135,-14.60063711,-14.18572382,-13.75525863,-13.31231036,-12.86021147,-12.40216072,-11.94142651,-11.48137863,-11.02566188,-10.57761927,-10.14014577,-9.714904883,-9.30205004,-8.90005945,-8.506081163,-8.116462506,-7.727480543,-7.335775548,-6.939197083,-6.536828327,-6.129178216,-5.71730761,-5.304393301,-4.894027362,-4.490251028,-4.09793635,-3.720757147,-3.361976911,-3.022444845,-2.701474314,-2.396889267,-2.105892409,-1.824410257,-1.548214859,-1.271664176,-0.98836085,-0.692486209,-0.377927863,-0.041613934,0.317186762,0.694491624,1.082989805,1.472057461,1.849369761,2.203794521,2.523515409,2.804166447,3.042230226,3.241529407,3.410688464,3.560292915,3.702984587,3.848208812,4.00591601,4.176548226,4.365920308,4.574463389,4.801502322,5.047770268,5.312515464,5.593599007,5.885641053,6.179266201,6.464067789,6.726428139,6.958472532,7.152128835,7.304806766,7.422169246,7.512120784,7.589350859,7.667026463,7.758717084,7.871640952,8.011992114,8.175795867
1,7.482057538,6.506584967,5.833649274,5.500134225,5.497500889,5.780668248,6.292404314,6.99055236,7.845610342,8.847097021,9.99893758,11.30627078,12.77226396,14.38638764,16.11406814,17.9077709,19.72117619,21.51632428,23.26013805,24.95276455,26.57105671,28.12077835,29.60397884,31.04172136,32.43971451,33.81831074,35.18673418,36.54252136,37.86001875,39.11284545,40.27133777,41.3179137,42.24492445,43.07280855,43.78411944,44.39251003,44.86524418,45.16661731,45.24448533,45.06444366,44.65900164,44.13616633,43.65885327,43.38308133,43.34659033,43.55892916,43.94124625,44.36225508,44.70767119,44.86510731,44.74258409,44.24509089,43.31152645,41.9273553,40.10993601,37.94575909,35.55631672,33.09141836,30.69933284,28.49232231,26.53834704,24.82250371,23.3054504,21.96360455,20.80245552,19.87260109,19.19759906,18.79066241,18.5772502,18.46978567,18.44134184,18.48250521,18.61198497,18.84625143,19.19624756,19.63539512,20.10600431,20.55461861,20.95711226,21.3280637,21.70644366,22.13190878,22.64382651,23.24351985,23.93506205,24.7063202,25.51883081,26.34737047,27.17277673,27.96894812,28.72054397,29.41240092,30.05361676,30.66123666,31.24928985,31.81975239,32.36547389,32.87760383,33.35111573,33.78118714,34.15872963
1,-22.88545501,-22.74355025,-22.53276951,-22.25473723,-21.90775019,-21.49379569,-21.0044075,-20.44392043,-19.81798272,-19.1348485,-18.41038859,-17.66343377,-16.92715475,-16.24237924,-15.65110984,-15.17668309,-14.79942304,-14.50638727,-14.26643117,-14.07147039,-13.91794838,-13.81743842,-13.78817843,-13.81673905,-13.87780879,-13.92923276,-13.9332863,-13.87543112,-13.75571162,-13.57116915,-13.31388699,-12.96877256,-12.51955681,-11.95940138,-11.29901737,-10.56412179,-9.79193989,-9.029856957,-8.299180295,-7.675084304,-7.215792659,-6.992926518,-7.053500311,-7.404433091,-7.992209184,-8.705676028,-9.416942003,-10.02071967,-10.46311843,-10.72626051,-10.80040679,-10.69213622,-10.43400537,-10.10785039,-9.867724452,-9.806944544,-9.960254254,-10.28187631,-10.67755122,-11.03801586,-11.29979997,-11.37130659,-11.2078452,-10.82103944,-10.30867725,-9.770285113,-9.287924951,-8.872731264,-8.459911358,-7.980840164,-7.35242778,-6.557171392,-5.630455111,-4.634012563,-3.617189433,-2.609072909,-1.607408932,-0.634390366,0.309441406,1.21807559,2.08723284,2.910952684,3.679321662,4.386750059,5.040845628,5.657875303,6.250834784,6.80694559,7.305629122,7.726134638,8.063530127,8.322477505,8.509197892,8.641906182,8.721609423,8.765354345,8.78274824,8.779999513,8.751142894,8.685374406,8.559917362
1,26.7393485,27.16038099,27.89327917,28.70860547,29.32831607,29.60840673,29.99531638,30.60881886,31.09275811,31.02902459,30.17704225,29.32636138,28.99688047,29.29029848,29.97026599,30.62645217,31.17192151,31.64708618,32.12685048,32.80897818,33.53507375,33.91757842,34.0470977,34.08144438,34.1074459,34.09630531,34.03359379,34.08422973,34.19008475,34.22677144,34.18298535,34.16919247,34.20998326,34.17297607,34.01299474,33.79163172,33.52557645,32.97722481,31.96552774,30.72938382,29.80140253,29.40272486,29.1693253,28.89564471,28.74219362,28.8120863,29.04480752,29.42039116,29.98190692,30.5503617,30.86956433,30.88837674,30.79694072,30.85201625,31.07540322,31.16436998,30.62022685,29.29924876,27.80511298,27.00886028,26.98480474,27.05096409,26.83382422,26.45156668,26.14977423,26.19198754,26.58906616,27.12467722,27.64637227,28.08960395,28.49542196,28.9719002,29.43932246,29.72683456,29.6276131,29.0952404,28.55928508,28.30862125,28.21221935,28.29328312,28.58698292,28.88489032,29.0800477,29.19909138,29.30742953,29.45031702,29.51489386,29.38440953,29.14893407,28.87632812,28.5319844,28.07491027,27.61012939,27.20246536,26.717959,26.25873338,26.14591375,26.35587956,26.57516161,26.64344805,26.5999793
1,15.36317936,15.2361542,15.14207732,15.079288,15.03789073,15.00737699,14.96959261,14.91285703,14.83417818,14.73569197,14.62759929,14.5215819,14.42528026,14.34406954,14.28472389,14.25781652,14.2732388,14.33462234,14.43855033,14.57462154,14.72420207,14.86794331,15.00315753,15.15201647,15.34555437,15.60234361,15.91975896,16.27948033,16.6618829,17.05852458,17.47342795,17.91522045,18.38242406,18.85946529,19.32726879,19.78114933,20.24045968,20.73516718,21.28151979,21.87254911,22.48712557,23.10243213,23.69764483,24.25622524,24.77041184,25.23940351,25.66632467,26.05760329,26.41578657,26.73665632,27.01163506,27.23302523,27.3985252,27.51565895,27.60512836,27.68988384,27.78618835,27.89694559,28.01242938,28.11907659,28.21284623,28.30716909,28.41870606,28.55638588,28.71434686,28.87397094,29.00933588,29.10053422,29.14012535,29.13695721,29.10093903,29.03548136,28.93836591,28.8190501,28.70965385,28.65181247,28.668349,28.74922206,28.85962187,28.95554218,29.00052125,28.96193117,28.82285248,28.58875633,28.290231,27.98249823,27.73688263,27.61262075,27.62315642,27.72820378,27.85514234,27.932081,27.91481527,27.79209018,27.58416464,27.32433587,27.05266547,26.81336889,26.64545541,26.57031712,26.58860698
1,44.72908468,45.42213308,46.22354207,47.10739353,48.06726907,49.09111649,50.18671944,51.35948873,52.617366,53.96026189,55.38246825,56.86944935,58.39603289,59.93095065,61.4374385,62.87871122,64.22070581,65.44827631,66.53960311,67.49580623,68.32038755,69.01913829,69.59338255,70.05009853,70.3819108,70.58638961,70.6582769,70.59891658,70.40336026,70.07406263,69.61966244,69.05313267,68.39469658,67.67106099,66.91062772,66.13893863,65.37287288,64.61688419,63.8644621,63.1013957,62.31536911,61.49871437,60.65585563,59.79855993,58.94617198,58.12342355,57.35791356,56.66553585,56.06462723,55.56090848,55.14792746,54.81174049,54.52775296,54.27153178,54.02113556,53.75890068,53.4776577,53.17718263,52.86555471,52.55544269,52.26433729,52.00936461,51.80780019,51.67728486,51.63439203,51.69013298,51.85118527,52.11802099,52.48220354,52.92848035,53.43417917,53.97238793,54.51376835,55.04051089,55.54015057,56.0154569,56.48063728,56.94705678,57.42691371,57.92754024,58.44766514,58.97822304,59.50599672,60.02021427,60.51895488,61.01106038,61.50934439,62.0231835,62.55403876,63.09490844,63.6342697,64.16372172,64.6785439,65.17993684,65.67746979,66.1754469,66.67670221,67.18081593,67.68641798,68.19666931,68.71934147
1,0.876009096,0.715821723,0.875291238,1.363521319,2.107141789,3.042573755,4.084756413,5.157260564,6.201700505,7.178178458,8.067660073,8.8578379,9.550777395,10.15379422,10.67249015,11.10704957,11.46137722,11.73466979,11.93129426,12.06925365,12.17322495,12.27875839,12.42788722,12.6539664,12.97061963,13.38856781,13.89519874,14.47003808,15.089604,15.72318815,16.33735249,16.90266968,17.3927722,17.78402914,18.06817849,18.25351917,18.3577,18.416463,18.46365833,18.54054366,18.68052819,18.91589115,19.26695205,19.74549181,20.33805336,21.03476,21.80424644,22.60376308,23.38694168,24.108109,24.73050933,25.21470879,25.53534302,25.6729741,25.6102103,25.33722709,24.8681055,24.22087076,23.44046669,22.58198997,21.71158086,20.89223975,20.1745483,19.5820349,19.1319436,18.80580501,18.5871107,18.44273677,18.34969235,18.28479699,18.24362125,18.21795129,18.212274,18.22175517,18.23699178,18.2532255,18.27145098,18.2971665,18.34454754,18.4285966,18.56916833,18.78131249,19.07629439,19.47009929,19.9501376,20.51448401,21.14135604,21.80262195,22.46572587,23.10320466,23.6932021,24.22309137,24.68843855,25.08241455,25.39616503,25.62374933,25.75917553,25.79434028,25.74217302,25.61762217,25.45310907
1,0.857306404,0.665886937,0.443830214,0.199000436,-0.067922976,-0.365151483,-0.709977445,-1.122264852,-1.616673159,-2.198555701,-2.857749313,-3.574812848,-4.324462431,-5.081522874,-5.826093447,-6.543978885,-7.229264614,-7.879731251,-8.500117907,-9.099183659,-9.688445127,-10.280231,-10.88663451,-11.51802343,-12.18114792,-12.87852966,-13.60522709,-14.3481798,-15.08892127,-15.8090468,-16.49692172,-17.15135128,-17.78155124,-18.4013655,-19.02331765,-19.65340191,-20.28914197,-20.92024056,-21.53233674,-22.11194588,-22.65079644,-23.14758856,-23.60777568,-24.04101235,-24.45666738,-24.85983594,-25.25314195,-25.62869265,-25.9776464,-26.28508767,-26.53174711,-26.70254544,-26.78735821,-26.78282613,-26.69113155,-26.51703713,-26.26642767,-25.9412546,-25.54503728,-25.07613963,-24.53205558,-23.90840044,-23.19929102,-22.39881867,-21.50836468,-20.53263354,-19.48742596,-18.39436991,-17.27838544,-16.16423314,-15.0737213,-14.02151514,-13.01657809,-12.0601697,-11.1459824,-10.26319668,-9.400791306,-8.552918878,-7.719835868,-6.9126566,-6.147379371,-5.443042326,-4.818963533,-4.289167167,-3.861300694,-3.53637997,-3.308563497,-3.167737997,-3.099278612,-3.084797317,-3.104108256,-3.139018773,-3.177086357,-3.213276769,-3.251590481,-3.303423432,-3.385177616,-3.513799427,-3.702337466,-3.952808839,-4.262725258
1,10.43071832,10.39935237,10.39270877,10.42184794,10.49549601,10.62008176,10.801428,11.04432709,11.35044591,11.72008992,12.15417926,12.63923079,13.17614844,13.75295293,14.3588086,14.98194089,15.60996629,16.23059957,16.83190292,17.40290196,17.93369434,18.41588972,18.84260276,19.20862756,19.5103048,19.74434479,19.91481971,20.01580971,20.0522197,20.02504629,19.93856582,19.79708688,19.60239458,19.35939837,19.07212132,18.74403826,18.37945408,17.98203463,17.55490373,17.10174284,16.62599412,16.13127727,15.62131165,15.09994872,14.57119051,14.03896157,13.50716189,12.97948442,12.45925221,11.94998513,11.45300569,10.97210257,10.50818866,10.06259314,9.636047049,9.229049728,8.841644804,8.473791749,8.125803737,7.797641994,7.489936941,7.20376801,6.940710534,6.703040683,6.493583991,6.316174424,6.174274213,6.070647767,6.01264635,5.998823883,6.03429985,6.119897753,6.259034403,6.441396173,6.670701843,6.938639371,7.237389103,7.557384196,7.886999119,8.213448461,8.522979479,8.801438441,9.035601691,9.210550404,9.318612551,9.350280867,9.29567194,9.154579733,8.924677235,8.61607052,8.229288428,7.778401035,7.277450775,6.744407178,6.199006663,5.66238832,5.156195709,4.70563374,4.319861096,4.02810623,3.838678545
1,32.59411766,32.24182165,32.01287978,31.90366048,31.89687069,31.96546045,32.08260204,32.21975088,32.35436842,32.46979497,32.557665,32.61142024,32.63170224,32.62013374,32.58165865,32.51931451,32.43905594,32.34712094,32.24845762,32.14703969,32.04711571,31.950986,31.86165544,31.77887198,31.70346295,31.63477593,31.57432258,31.52080531,31.47334311,31.42991084,31.388306,31.34627428,31.30193667,31.25709855,31.2127435,31.1727962,31.14097665,31.11988335,31.10978357,31.10918158,31.11425633,31.12073719,31.12584594,31.12866547,31.13119773,31.13758193,31.1531158,31.18338789,31.23296297,31.30397183,31.39587462,31.50460929,31.62330226,31.74399899,31.85945592,31.96845401,32.06881661,32.16892149,32.27662157,32.4027995,32.5537218,32.73540847,32.95051857,33.20059468,33.48765793,33.81331329,34.17789165,34.58190322,35.01972647,35.48526831,35.97062886,36.46636838,36.96518269,37.46214313,37.95482892,38.44177298,38.92244946,39.39480995,39.85552601,40.29898933,40.71872509,41.10867125,41.46331478,41.77721117,42.04667133,42.26947121,42.45729369,42.6037764,42.72380876,42.82896334,42.93771909,43.07225326,43.25521267,43.50160655,43.81672641,44.19739954,44.62648099,45.08975972,45.56728488,46.04189468,46.50107296
1,-7.155507834,-6.757092839,-6.233581994,-5.693215956,-5.264220176,-5.030244355,-4.993315477,-5.059698708,-5.061072012,-4.859588307,-4.411840855,-3.730038866,-2.830417714,-1.744103068,-0.539443578,0.717009037,1.991809553,3.251336508,4.416668586,5.385649299,6.071621092,6.441083791,6.494920545,6.256717994,5.747460865,5.003561191,4.049930644,2.951552036,1.803869082,0.719417169,-0.213322957,-0.964513784,-1.566216377,-2.087469271,-2.593672268,-3.131519705,-3.722947099,-4.37016532,-5.064211114,-5.793860024,-6.544784658,-7.302776239,-8.056704084,-8.797941999,-9.509698119,-10.1554917,-10.67946188,-11.03200446,-11.19395411,-11.17708159,-11.01269658,-10.74368571,-10.41743794,-10.07398693,-9.736728848,-9.409248705,-9.085912876,-8.756887256,-8.40711169,-8.016869885,-7.565748181,-7.035075787,-6.413010673,-5.709236741,-4.955373182,-4.192635762,-3.444100054,-2.714578293,-2.002635397,-1.298239571,-0.564133486,0.2614351,1.22656793,2.334643397,3.543751027,4.783739226,5.97776226,7.063989513,8.012556679,8.833390103,9.571728151,10.28836238,11.03582213,11.82652077,12.6268725,13.38013605,14.04483496,14.62480701,15.15918145,15.68339875,16.19363354,16.65196948,17.02656537,17.31749829,17.54722398,17.73518958,17.88435715,17.99733002,18.07757799,18.13297374,18.16948544
1,-52.04095524,-52.62913657,-52.99107386,-53.10160534,-52.89499126,-52.39555339,-51.59759999,-50.54683716,-49.29115397,-47.90002609,-46.44576296,-44.99991537,-43.62404149,-42.36806748,-41.27082416,-40.34712238,-39.60800211,-39.04632119,-38.64848909,-38.38756642,-38.23002685,-38.14866595,-38.1105585,-38.08521746,-38.06118263,-38.02345333,-37.96940484,-37.89712,-37.81359177,-37.72282477,-37.62976556,-37.53800238,-37.44972657,-37.36579121,-37.2863123,-37.21384367,-37.14562287,-37.08615492,-37.0372391,-37.0019147,-36.98312477,-36.98338143,-37.00402397,-37.04509584,-37.10522933,-37.18207236,-37.27274777,-37.37956289,-37.49493742,-37.62864281,-37.78057546,-37.96180661,-38.1749186,-38.42610419,-38.71762389,-39.04777186,-39.40731709,-39.78245275,-40.16020703,-40.52462915,-40.86193697,-41.16080216,-41.4132839,-41.62050091,-41.77846107,-41.89368357,-41.97142197,-42.01726241,-42.03793594,-42.03877616,-42.02409413,-41.99483658,-41.9551735,-41.90048702,-41.82801297,-41.73128671,-41.59947646,-41.42036218,-41.17855736,-40.85625994,-40.43364896,-39.89021691,-39.20575538,-38.35939019,-37.34403849,-36.13881464,-34.76005689,-33.21097062,-31.51611391,-29.7118611,-27.84643372,-25.97742252,-24.16807395,-22.48142981,-20.97257493,-19.68164845,-18.62961713,-17.81508811,-17.21729836,-16.78477801,-16.47441292
1,-17.27398072,-17.20227401,-17.09985971,-16.98174682,-16.86279137,-16.75385925,-16.6712145,-16.63872074,-16.68726481,-16.84811745,-17.14606872,-17.58771334,-18.17410263,-18.88461731,-19.68299762,-20.51497189,-21.32015283,-22.03803952,-22.61950556,-23.03629511,-23.28328064,-23.37806207,-23.35245001,-23.24131036,-23.07421444,-22.87294707,-22.65010821,-22.40911285,-22.14823814,-21.86198591,-21.54889147,-21.21554362,-20.88131603,-20.57272232,-20.31950402,-20.1461107,-20.0667364,-20.08205582,-20.17974859,-20.33768081,-20.52606504,-20.7119536,-20.86555576,-20.96630283,-21.00551608,-20.98914606,-20.9354697,-20.86288322,-20.78753648,-20.72333887,-20.68220074,-20.6737669,-20.70596599,-20.78472276,-20.91161623,-21.08067148,-21.27549585,-21.47280649,-21.64799515,-21.779901,-21.85096127,-21.8486637,-21.76472301,-21.59609765,-21.34489119,-21.01816576,-20.62891544,-20.19833345,-19.75449727,-19.32711124,-18.93885935,-18.59761699,-18.29601759,-18.01442779,-17.72732706,-17.4114957,-17.05224505,-16.65101429,-16.22316216,-15.79324793,-15.38601604,-15.01942127,-14.70112455,-14.43036182,-14.20192988,-14.01038381,-13.85136619,-13.72081515,-13.61213043,-13.51744437,-13.43049493,-13.34956724,-13.27975499,-13.22838186,-13.2036338,-13.21194049,-13.26218548,-13.36174873,-13.50873763,-13.68472946,-13.85111039
1,29.85767852,30.17159716,31.11416213,32.76748069,35.14577213,38.18160861,41.71107801,45.49515077,49.25397603,52.72303519,55.69212023,58.02732145,59.67024781,60.64094921,61.02771269,60.97180438,60.64038537,60.19541993,59.76252394,59.42164429,59.20416863,59.11589861,59.1385227,59.24725722,59.41976195,59.63914112,59.89350334,60.17337551,60.46902697,60.76541587,61.04700304,61.29461106,61.49122587,61.62611089,61.69877369,61.72341466,61.72617832,61.74068349,61.79801823,61.91792566,62.10717863,62.36368954,62.67635502,63.04183909,63.45257889,63.89718281,64.35871785,64.8189392,65.25932784,65.6615197,66.0079955,66.28148971,66.46518103,66.54585346,66.51589218,66.37759359,66.14263368,65.82894242,65.46099836,65.06715112,64.67275479,64.29741777,63.95046389,63.63225853,63.33794001,63.0625173,62.80311751,62.56028875,62.33793951,62.1354332,61.94941188,61.77389063,61.6021895,61.42776493,61.24474874,61.05083016,60.8454065,60.63151098,60.41368819,60.19779443,59.99029883,59.79638779,59.61854066,59.45495215,59.29917097,59.14057682,58.96391945,58.75013526,58.47820715,58.12703496,57.67748759,57.11231365,56.42069059,55.59735177,54.64541995,53.58301583,52.44737692,51.29858662,50.21543046,49.28563597,48.59116221
1,7.616160457,7.824357078,8.046521501,8.253198487,8.423570861,8.544831184,8.618764555,8.651224247,8.666626833,8.693588949,8.767404253,8.923591028,9.194832403,9.597738165,10.14573831,10.83138698,11.63687578,12.52767822,13.46351446,14.4068499,15.32900157,16.21695396,17.07151241,17.90920029,18.75055158,19.6231737,20.54214662,21.52156403,22.55640926,23.63623828,24.74062716,25.8488069,26.94254003,28.01029213,29.04351196,30.03638774,30.98470106,31.88275425,32.72100364,33.48566525,34.16186313,34.73619334,35.20072202,35.54849465,35.79118935,35.92569887,35.97141436,35.94140535,35.84855339,35.70635684,35.52120671,35.29674313,35.03348004,34.73498505,34.41034544,34.06882488,33.73979718,33.44095716,33.18802357,32.98658509,32.83117296,32.71642643,32.63728846,32.58405171,32.52805099,32.4362813,32.27276617,32.01096344,31.65373808,31.22138337,30.74628164,30.26244149,29.79501097,29.36434584,28.98256725,28.66165252,28.39444243,28.15123759,27.89520255,27.58539633,27.18838114,26.68244036,26.06953515,25.36469241,24.60108272,23.83676081,23.11703425,22.48787295,21.97247427,21.58141876,21.30008207,21.09602742,20.95443923,20.83755949,20.72908846,20.62109961,20.52702139,20.46261939,20.43912288,20.44756079,20.48696742
1,-4.466868744,-3.920127145,-3.141620261,-2.162309814,-1.053365264,0.077171289,1.114651757,1.945063258,2.483822809,2.672576936,2.500662496,1.998488386,1.25386721,0.392194944,-0.446955475,-1.141078665,-1.621162586,-1.875230542,-1.931648179,-1.842356774,-1.659180622,-1.430275888,-1.186548684,-0.962090336,-0.79102399,-0.70534637,-0.734709495,-0.892568022,-1.174361772,-1.568958536,-2.072438147,-2.672948491,-3.332646315,-3.962412976,-4.43007562,-4.613585714,-4.434818206,-3.89867016,-3.092863346,-2.179018138,-1.338321059,-0.734131902,-0.458489161,-0.53097868,-0.899790274,-1.468322782,-2.130014869,-2.776239162,-3.323429506,-3.72302415,-3.962380307,-4.059261201,-4.049510798,-3.97455437,-3.882740571,-3.805573807,-3.757164984,-3.726052415,-3.698406544,-3.687641353,-3.730790761,-3.879614693,-4.174792466,-4.633353182,-5.23791402,-5.945221641,-6.678955693,-7.353207282,-7.882004799,-8.206061715,-8.298708631,-8.159265536,-7.797543595,-7.225321561,-6.465124768,-5.550154381,-4.532921081,-3.488415745,-2.504033345,-1.661380811,-1.011269824,-0.573736745,-0.327908678,-0.242981757,-0.279658386,-0.426027517,-0.670702141,-1.010390692,-1.43237184,-1.92178795,-2.46290226,-3.036444016,-3.619477678,-4.180562271,-4.688188096,-5.118567447,-5.456245264,-5.702570457,-5.878417136,-6.015662333,-6.154955165
1,11.46462653,11.76192818,11.96502802,12.0994122,12.14154265,12.12530881,12.07412603,12.01850338,11.99230672,12.02628728,12.14307533,12.3544946,12.66064788,13.05541051,13.51439396,14.03093048,14.57730604,15.13169399,15.67267183,16.17943224,16.63471802,17.02685791,17.34985132,17.60369609,17.79406594,17.93263878,18.03293554,18.10850501,18.17339048,18.23660158,18.3031301,18.37215133,18.43612563,18.49148035,18.52316361,18.52047409,18.47276295,18.36858081,18.21335126,18.00017824,17.73320635,17.41848948,17.06374773,16.67788139,16.27019151,15.85214962,15.4380137,15.05204981,14.69805939,14.41370029,14.20817914,14.0978186,14.08840771,14.17192737,14.34782129,14.59594418,14.89407495,15.21522636,15.53370281,15.82663289,16.07331606,16.26350745,16.39969933,16.4804085,16.51499099,16.51566002,16.49590113,16.47573343,16.4605708,16.46965275,16.50681542,16.56820667,16.64348275,16.71595954,16.76221081,16.7593617,16.68898144,16.53489917,16.28621233,15.93654985,15.48458531,14.93916757,14.2823832,13.52237677,12.66455494,11.708351,10.65758199,9.523344478,8.324658676,7.087807175,5.84993629,4.659959902,3.566703123,2.611422659,1.816970134,1.210698508,0.774901497,0.51605091,0.4010581,0.416699409,0.523727253
1,17.39727083,17.92857288,18.43565911,18.91962974,19.37621712,19.79804487,20.17631235,20.50486616,20.78020388,21.00254268,21.1759935,21.30508538,21.39512266,21.45198829,21.47950137,21.48172471,21.46137357,21.4287163,21.39412521,21.37410225,21.38430218,21.43099012,21.51861621,21.64048685,21.78399306,21.93069439,22.06134243,22.15799115,22.20482508,22.19154383,22.11211952,21.96433917,21.74623208,21.45267667,21.07523746,20.60107986,20.02075421,19.33186495,18.53813811,17.65185096,16.68795672,15.66377628,14.59348144,13.489284,12.35583314,11.19427633,10.00290558,8.781802448,7.536856976,6.281539038,5.037161499,3.825452412,2.665119766,1.570586722,0.548827178,-0.395564229,-1.262029859,-2.051705254,-2.769276882,-3.419978935,-4.012381457,-4.556128899,-5.062098579,-5.538275225,-5.98808751,-6.412934665,-6.81166391,-7.188261758,-7.543895814,-7.894519185,-8.243628693,-8.597293743,-8.951474222,-9.299203334,-9.630055945,-9.936779982,-10.21516098,-10.46331124,-10.6834922,-10.87259536,-11.02828662,-11.14732678,-11.22758286,-11.26949317,-11.27684598,-11.2574439,-11.22161994,-11.17877696,-11.13588092,-11.0994981,-11.07696742,-11.08305528,-11.13942595,-11.26612009,-11.46565357,-11.70860164,-11.93559048,-12.07171811,-12.05424463,-11.84217888,-11.43620664
1,43.85953104,44.48729074,45.10143357,45.73648735,46.41660077,47.14562204,47.90875213,48.68542248,49.46124115,50.23375566,51.01193916,51.81225516,52.65117426,53.53855068,54.47249612,55.44211785,56.43127962,57.42290726,58.40059276,59.34867177,60.25499302,61.10923894,61.90888166,62.64704167,63.3185277,63.9203599,64.45515618,64.93669103,65.38207251,65.81432136,66.24521407,66.68114135,67.11200557,67.5201742,67.88408252,68.18657846,68.41075574,68.55517122,68.61543792,68.59158215,68.4870718,68.30401185,68.05716992,67.74773619,67.38478338,66.9628912,66.4709403,65.89582675,65.22160911,64.43499076,63.53453567,62.51677108,61.39733624,60.19767386,58.94434118,57.66652795,56.39332872,55.15379377,53.9737071,52.87206764,51.85828528,50.94315958,50.10911032,49.36520085,48.7011499,48.1106444,47.58818908,47.13325024,46.75504183,46.47086559,46.29356538,46.25182256,46.34120847,46.56408967,46.91904032,47.39312865,47.97104489,48.64067066,49.393857,50.22574943,51.11137633,52.0560956,53.03251193,54.02538416,55.02896377,56.02885905,57.03034052,58.02862458,59.0105954,59.94381957,60.80380501,61.57645142,62.26682965,62.88890614,63.45328359,63.94839455,64.35789169,64.66221094,64.85470849,64.9557468,64.99762959
1,16.90686813,16.84018364,16.9085366,17.12548131,17.49898059,18.03051959,18.71730527,19.54074235,20.47900039,21.50377417,22.58221049,23.67935715,24.76442552,25.8102235,26.79428898,27.69945664,28.51276334,29.22708226,29.83964899,30.35170944,30.76656818,31.0859529,31.32275405,31.47692991,31.56678448,31.59670044,31.57574097,31.51201157,31.41179625,31.28156461,31.12614795,30.94894468,30.75148368,30.53158019,30.29299562,30.0291496,29.73799765,29.41625638,29.05847922,28.66682299,28.24198712,27.79011785,27.32020053,26.84379774,26.37198299,25.9191374,25.4993328,25.1230236,24.79807684,24.53301865,24.33008853,24.19051928,24.11218692,24.09756369,24.12076524,24.19308449,24.29551065,24.41989885,24.55854358,24.70561706,24.85565279,25.00360645,25.15015084,25.28966952,25.42427422,25.55448064,25.68103153,25.80620336,25.93169745,26.05982143,26.1923976,26.32917823,26.47320396,26.62371385,26.7800122,26.94497648,27.11670994,27.29637672,27.48950271,27.68733765,27.894514,28.11474569,28.3324758,28.54290656,28.73154051,28.87800835,28.96748537,28.96973886,28.8590019,28.62860753,28.25496983,27.74379899,27.0967908,26.33867567,25.5030878,24.63154137,23.77492559,22.98363803,22.31197336,21.77228029,21.4067291
1,-1.233624611,-1.729623043,-2.180822994,-2.573160193,-2.894675766,-3.132604723,-3.285644945,-3.356290031,-3.354155028,-3.29387981,-3.187032426,-3.045306446,-2.867414079,-2.655505417,-2.411688737,-2.134020208,-1.827489835,-1.502715018,-1.178528854,-0.873092308,-0.604282777,-0.376858495,-0.170195955,0.065130131,0.40581154,0.926839779,1.666889619,2.605730451,3.657432564,4.704074407,5.663407448,6.495530407,7.168063266,7.693818087,8.076581168,8.338672873,8.518738767,8.66922916,8.850317967,9.105250787,9.481406367,9.992446333,10.64168459,11.39204675,12.20895324,13.01830981,13.74753257,14.32847779,14.7130031,14.88435061,14.86479284,14.69462955,14.41466857,14.06342638,13.67138607,13.26017586,12.84140892,12.42772885,12.02955899,11.65727918,11.32220016,11.03353152,10.78718428,10.57136954,10.38283593,10.23218145,10.14644534,10.16295283,10.30499658,10.58324108,10.98683219,11.4898835,12.0612281,12.65423085,13.27771962,13.97070749,14.79819268,15.77982462,16.90556121,18.15109395,19.51387884,21.00122936,22.62478737,24.37270634,26.1960202,28.02735878,29.79927517,31.46516864,33.00967177,34.44517241,35.79725699,37.08651657,38.31898689,39.46208223,40.43977347,41.19246707,41.69302221,41.98460393,42.15678506,42.31424315,42.55376716
1,49.54492554,49.70718572,49.95529807,50.28959369,50.71271396,51.19020985,51.70153623,52.21535656,52.70583048,53.15504598,53.55389723,53.9029039,54.21037466,54.49326092,54.76441397,55.04362183,55.35260745,55.68992105,56.05690416,56.44679039,56.84249814,57.22351297,57.56901393,57.86228604,58.08589501,58.24058385,58.32197468,58.33111889,58.2748551,58.15981841,57.99348648,57.78579175,57.54875664,57.27764639,56.99062914,56.68709158,56.36969136,56.03943751,55.69632695,55.34073168,54.97446074,54.60039427,54.22743422,53.86056486,53.50945371,53.18303429,52.88284434,52.61708185,52.38319795,52.18069577,52.00744836,51.86160579,51.74328054,51.65472036,51.60071284,51.58922011,51.62753177,51.72507233,51.88865304,52.12335173,52.42773455,52.79746646,53.22214167,53.6875706,54.17778089,54.67619671,55.16572602,55.63016678,56.05557693,56.4281515,56.73802314,56.98048703,57.15755597,57.27863469,57.35536278,57.40673276,57.43764977,57.45599498,57.46408639,57.46354093,57.45744334,57.45275214,57.45887243,57.48876064,57.55212243,57.65499642,57.79725825,57.97120536,58.16689806,58.36812868,58.56920011,58.75396021,58.91881795,59.06160889,59.1858331,59.29775089,59.40812026,59.52830752,59.6684555,59.83332173,60.02574294
1,-4.58560209,-4.335099673,-3.695690181,-2.885227761,-2.130406348,-1.565961805,-1.360257901,-1.668438194,-2.943531233,-4.503705691,-5.557817422,-4.789677674,-3.089377897,-2.101181274,-1.050114705,0.141205283,0.24242768,0.281573315,0.577899856,1.401575248,1.633972932,1.415218686,1.354273228,1.139346418,0.039135225,-1.344661552,-2.244506357,-2.388576799,-2.296512861,-2.964388369,-3.781029399,-4.445768544,-5.123534498,-6.101488662,-7.1086256,-8.12243596,-9.021810111,-9.601949035,-9.76134873,-9.447391368,-9.001215143,-9.450977248,-9.994252375,-10.4878883,-11.21803589,-11.16437296,-9.84667952,-8.897494475,-8.674356629,-11.18407998,-9.251227906,-7.944466015,-6.665554418,-7.675725924,-10.26752026,-10.07779663,-8.074907612,-4.926784372,-4.139960248,-5.692468928,-6.724328359,-5.865020056,-4.161296639,-2.886149627,-1.644417126,-0.583422101,0.102402991,0.973918416,1.819689435,2.15680967,1.552461825,0.298731413,-1.301540836,-2.198110905,-1.722425222,-0.397161632,1.17046814,2.485863377,2.50895045,0.595848223,-1.356583382,-0.753505816,0.048125011,0.337803311,0.590765159,0.125491309,-0.849447948,-1.580025626,-2.06394648,-1.83227952,-0.842660617,0.068208482,0.771303724,1.189732507,1.70003817,2.724324698,3.806750584,4.184933874,4.248825642,4.134092617,3.851886604
1,45.69584904,45.5162343,45.39694696,45.2897423,45.17383113,45.05466998,44.94490731,44.8488402,44.76236932,44.67745297,44.57940748,44.44037122,44.22418871,43.9083447,43.51442099,43.11023622,42.76214086,42.47559997,42.22101023,42.06524071,42.16302988,42.53264642,42.99797338,43.41300136,43.75433374,44.04518513,44.28443322,44.44408625,44.48977338,44.42451871,44.30383807,44.20368767,44.17398358,44.22345949,44.32485051,44.43335711,44.50350291,44.50711181,44.43986377,44.31916874,44.16733092,44.00260758,43.82712991,43.63498157,43.42413927,43.20137113,42.97198491,42.74234567,42.52773957,42.34177625,42.19187633,42.0784321,42.00483885,41.97009046,41.96772456,41.99548387,42.05282092,42.13586314,42.23277095,42.32482717,42.39008318,42.41182209,42.37820255,42.28851489,42.15101402,41.98071012,41.7889018,41.58401798,41.39115001,41.25301425,41.2063974,41.26157912,41.39351592,41.56121793,41.72581576,41.86344791,41.966466,42.03766996,42.08592482,42.12231357,42.15545064,42.18996602,42.22214209,42.24096638,42.23197042,42.18707674,42.11090868,42.01668695,41.91909057,41.83054599,41.76080649,41.71651331,41.70135044,41.71304786,41.74013057,41.76057508,41.75177211,41.70678611,41.64080969,41.58461047,41.57289823
1,-20.85145529,-20.88186239,-20.72000203,-20.32926248,-19.69722797,-18.83566448,-17.78527164,-16.60363187,-15.35934378,-14.1171197,-12.93388042,-11.85155109,-10.89458675,-10.07144969,-9.377221246,-8.791014216,-8.283556632,-7.819719841,-7.361967588,-6.87670186,-6.33926966,-5.738452066,-5.077226674,-4.375724239,-3.665441579,-2.982868798,-2.365101017,-1.838940068,-1.419681267,-1.1131423,-0.911375964,-0.796516086,-0.756243433,-0.772039622,-0.831289142,-0.933245558,-1.078037783,-1.273194759,-1.528293868,-1.852996764,-2.254673078,-2.737448206,-3.302676837,-3.942915435,-4.648225068,-5.409137615,-6.210807554,-7.041755155,-7.894829004,-8.768118311,-9.665744837,-10.59641684,-11.57107392,-12.5987011,-13.68315785,-14.82069236,-15.99788855,-17.19255296,-18.37673756,-19.51812925,-20.58468653,-21.54707171,-22.37708364,-23.0562292,-23.57298537,-23.92222137,-24.10528597,-24.12719264,-24.00772414,-23.75619258,-23.39454075,-22.93839982,-22.40148446,-21.79866655,-21.13623879,-20.42887482,-19.68386456,-18.91391717,-18.13333619,-17.35923145,-16.6102838,-15.90335839,-15.25256347,-14.6657683,-14.15288337,-13.70752801,-13.32713348,-13.01637101,-12.77530112,-12.61270869,-12.54943487,-12.60191378,-12.79473821,-13.13808042,-13.63552542,-14.26930242,-15.0023309,-15.78555719,-16.56152311,-17.27689566,-17.88289385
