0,8.012291801,7.960308792,7.880246635,7.773439339,7.641842192,7.490122418,7.321496274,7.141742997,6.956756795,6.772787075,6.596197756,6.433226163,6.289708967,6.170810578,6.081419723,6.025339117,6.00309713,6.01668146,6.066378072,6.149729041,6.263929031,6.404725253,6.566948536,6.744602599,6.931172201,7.120030313,7.304621756,7.47894972,7.637644127,7.776421326,7.892198469,7.983254572,8.049119476,8.091101718,8.111373411,8.113164203,8.100690124,8.078241261,8.050232703,8.021305283,7.994804807,7.973586181,7.959486997,7.953669904,7.955383287,7.963464433,7.975767147,7.98959394,8.001823928,8.009020547,8.008518175,7.997244009,7.97301032,7.934132356,7.88046756,7.810930227,7.72679505,7.6293426,7.520644079,7.40339157,7.280408509,7.155025597,7.030503121,6.910068452,6.796930327,6.693120586,6.601305944,6.522894378,6.458393622,6.408859433,6.373155948,6.350815844,6.340612466,6.340814578,6.349323505,6.36395357,6.382725703,6.403429025,6.424063766,6.44288025,6.458449099,6.469053912,6.474298749,6.472948445,6.464858534,6.449790591,6.427332558,6.397883983,6.361803679,6.319980499,6.272845839,6.221632245,6.167903438,6.113095247,6.059302288,6.008873,5.964549257,5.928331598,5.903957049,5.893360589,5.899604123
0,8.092397663,8.085717876,8.084833401,8.089771515,8.099890052,8.114716797,8.133835609,8.15670966,8.182912401,8.21204682,8.243754089,8.277666546,8.313512154,8.350763284,8.389220656,8.428647136,8.468694129,8.509201751,8.550109978,8.591567481,8.633876852,8.677370062,8.722669023,8.770176666,8.820385362,8.87356449,8.929854719,8.989125351,9.051081238,9.115158117,9.180603548,9.246518334,9.311873215,9.375646688,9.436856375,9.494706145,9.548653027,9.59846362,9.644239888,9.686350265,9.725452583,9.76220466,9.797995423,9.833636164,9.870374987,9.909452148,9.95207947,9.999390103,10.05242454,10.11198341,10.17857305,10.25208013,10.33249001,10.41895002,10.51032988,10.60540831,10.70268631,10.80050187,10.89744438,10.9922262,11.08380268,11.17143224,11.25464189,11.33316186,11.4069084,11.47595004,11.54050435,11.60072517,11.65693846,11.70939837,11.75880185,11.8054203,11.8500396,11.89339977,11.93616235,11.97922608,12.02283696,12.06745764,12.11321496,12.1598184,12.20670659,12.2530581,12.29781486,12.3399148,12.37840385,12.4122578,12.44121199,12.46623899,12.48615049,12.5024721,12.5162953,12.52815711,12.53948382,12.55148624,12.56493105,12.58086407,12.59987163,12.62290025,12.65058958,12.68445583,12.72455194
0,3.137335498,3.106510177,3.073984185,3.037736087,2.995364992,2.946184814,2.889218459,2.822975682,2.747724011,2.663691701,2.57162535,2.472662457,2.368322874,2.260469502,2.151210137,2.042851285,1.93778437,1.838490009,1.747492276,1.66693282,1.599184095,1.547549216,1.511737809,1.49439069,1.497992829,1.523189261,1.571411224,1.641920218,1.736544592,1.854561277,1.995463315,2.158276303,2.341519698,2.543378266,2.761610138,2.994086708,3.236865409,3.488025033,3.744097508,4.002127252,4.259424056,4.513539612,4.762387798,5.004254227,5.237947345,5.462880133,5.678937543,5.886460093,6.086209649,6.279213232,6.466787134,6.650364032,6.831401442,7.011333513,7.191374472,7.372975182,7.556779699,7.743689243,7.934141785,8.12849759,8.326934521,8.529358507,8.735601767,8.945371845,9.158278452,9.373794575,9.591285358,9.809966227,10.0289247,10.24705793,10.46301535,10.67529589,10.88220663,11.08189338,11.27245215,11.45172912,11.6176025,11.76805414,11.90119944,12.01543021,12.10876581,12.1805594,12.22981769,12.25429889,12.25680849,12.23506342,12.19119181,12.12543007,12.04084613,11.93819273,11.82082398,11.69193876,11.55501312,11.41466245,11.27346335,11.13758429,11.01087584,10.89780887,10.80243623,10.72847984,10.67757578
0,-5.343095351,-5.401105662,-5.462904696,-5.527434174,-5.593112952,-5.657698252,-5.718944535,-5.77393844,-5.819272283,-5.851673647,-5.868144161,-5.865421569,-5.840911749,-5.793223155,-5.72188368,-5.626248509,-5.50857859,-5.370776824,-5.215742043,-5.046730911,-4.867258958,-4.680181659,-4.489894042,-4.298810099,-4.11025383,-3.926710052,-3.751340614,-3.585828839,-3.431718077,-3.289789601,-3.159852484,-3.040437904,-2.92903617,-2.822012415,-2.714869703,-2.60263723,-2.4802066,-2.343600424,-2.188213216,-2.013543938,-1.818903614,-1.606277945,-1.379625463,-1.142304163,-0.899741067,-0.655964793,-0.414569542,-0.177703743,0.054166458,0.281675535,0.507042381,0.733327269,0.964864269,1.204056346,1.454817278,1.718899601,1.997079829,2.288869356,2.592815337,2.906173266,3.225608163,3.547506826,3.868086815,4.183854612,4.49126613,4.787092744,5.068480373,5.332650958,5.578030086,5.801905053,6.002892736,6.179587259,6.330977924,6.456682198,6.556815516,6.632021668,6.683952317,6.71343333,6.724811467,6.719013742,6.699328768,6.667738566,6.626108933,6.575707971,6.517280231,6.451552726,6.378974896,6.300370143,6.216578995,6.129027918,6.039369208,5.948925792,5.859593957,5.772267346,5.688070354,5.608010377,5.532490343,5.461783699,5.396147765,5.334715298,5.277064781
0,14.03075435,13.91649777,13.77917369,13.60944551,13.41615228,13.23051081,13.10635159,13.05404952,13.04650275,13.07388288,13.13438173,13.20753289,13.29697641,13.39020934,13.4911985,13.60449049,13.72735334,13.84970204,13.97006176,14.09129918,14.19545168,14.30160409,14.41809902,14.4850381,14.47485323,14.43254727,14.39560104,14.40647002,14.46886303,14.55025414,14.60277211,14.62986416,14.63416766,14.59894019,14.53979081,14.46212862,14.36600828,14.27423609,14.22560919,14.20609786,14.14519874,13.99189518,13.77397752,13.56433031,13.36011159,13.12136312,12.85303214,12.52361393,12.11146762,11.62717211,11.08572699,10.52134928,9.964431063,9.405578939,8.810186385,8.190898851,7.579789159,6.990782869,6.438294511,5.932676271,5.481806014,5.0757775,4.684864879,4.286095962,3.858247433,3.407961096,2.979924671,2.607313385,2.271338368,1.931391559,1.56707543,1.185442274,0.816377179,0.476050847,0.16134639,-0.130568628,-0.406281805,-0.691547576,-0.992670038,-1.285886577,-1.55105481,-1.771888869,-1.950729998,-2.106826279,-2.280656091,-2.479571136,-2.694655563,-2.913854852,-3.12833777,-3.324762565,-3.490339655,-3.62384191,-3.71881303,-3.789150198,-3.86180053,-3.949319483,-4.000470596,-3.949376329,-3.784124752,-3.60460571,-3.50154842
0,3.473435638,3.407641319,3.369538597,3.358151406,3.378787509,3.431802964,3.515544798,3.632635325,3.780711196,3.960047405,4.16796428,4.402200141,4.660166004,4.938987211,5.235538771,5.546636237,5.869194061,6.200165925,6.536471469,6.875104399,7.213061385,7.547404592,7.875100274,8.193195773,8.498821209,8.789326764,9.062178667,9.315029513,9.54594364,9.753549189,9.936859426,10.09492138,10.22790028,10.33707095,10.42198959,10.48578091,10.52860721,10.55528925,10.56755479,10.56952272,10.5649275,10.55800945,10.55227111,10.55216264,10.56115423,10.58238083,10.6183924,10.67102872,10.74167227,10.83048793,10.93686517,11.06055205,11.19961632,11.35235835,11.51636735,11.69022049,11.86932474,12.05364714,12.23859483,12.42379137,12.60625642,12.78474779,12.95794093,13.12484778,13.28501967,13.43796658,13.58394839,13.72272507,13.85490832,13.98079279,14.10075369,14.2149118,14.32339052,14.42611469,14.52267121,14.61257306,14.69506745,14.76916517,14.83391027,14.88819519,14.93093515,14.96101594,14.9783452,14.98140023,14.96991163,14.94500501,14.90704724,14.85643045,14.79616968,14.72691037,14.65298258,14.57719684,14.50347686,14.43597244,14.37898276,14.33682307,14.3135339,14.31262129,14.33673514,14.38778101,14.46579739
0,5.739871816,5.733851638,5.728051573,5.720119618,5.708763171,5.69242998,5.669647422,5.638212005,5.596866459,5.542765461,5.473192855,5.384445658,5.273760375,5.13550783,4.966652561,4.764005933,4.526159279,4.252696468,3.947064031,3.614677553,3.263356979,2.903009084,2.544996486,2.200624589,1.8796951,1.59042908,1.338186823,1.125284838,0.950848366,0.810827735,0.700734363,0.614518941,0.545987027,0.487258772,0.433716631,0.379238078,0.317853524,0.248401557,0.165804854,0.068493015,-0.04400033,-0.171050946,-0.312741028,-0.465755299,-0.62552279,-0.788223603,-0.948043556,-1.10099158,-1.243899093,-1.375287446,-1.49489648,-1.603907643,-1.704043844,-1.798919646,-1.889579623,-1.980612753,-2.074711876,-2.173832746,-2.280439856,-2.394827712,-2.517350269,-2.646401225,-2.779886404,-2.914509457,-3.046924543,-3.173866987,-3.292841916,-3.401417382,-3.500512437,-3.589320312,-3.670433459,-3.746561263,-3.821016897,-3.897157074,-3.978673549,-4.066898926,-4.164930623,-4.272828603,-4.390216497,-4.515637079,-4.646783206,-4.781057431,-4.914068812,-5.042858059,-5.164385686,-5.275851542,-5.377663112,-5.46862372,-5.551631407,-5.629515936,-5.705794534,-5.783714017,-5.865555878,-5.951284595,-6.039719271,-6.128097414,-6.212687573,-6.289665684,-6.355522631,-6.406492208,-6.439909068
0,-2.624458057,-2.722318933,-2.827671168,-2.940275791,-3.059713817,-3.185086009,-3.315567107,-3.449775557,-3.585810173,-3.721621754,-3.854840705,-3.983070162,-4.102011382,-4.210994545,-4.306275239,-4.385685294,-4.447201847,-4.489011696,-4.509669557,-4.509211155,-4.485697788,-4.440663109,-4.373338448,-4.28523754,-4.177567479,-4.051546679,-3.909015657,-3.752225171,-3.583738306,-3.406078126,-3.221952499,-3.034141207,-2.845376618,-2.658190724,-2.474479306,-2.295927422,-2.12304991,-1.955906583,-1.793199467,-1.633287141,-1.473505066,-1.310495364,-1.140524554,-0.959724903,-0.764585957,-0.552178506,-0.320490825,-0.067258712,0.205604524,0.498307437,0.808239706,1.132193542,1.466247803,1.806123819,2.146992516,2.485505775,2.815756306,3.13467149,3.438953179,3.725378509,3.992370051,4.238369637,4.462648413,4.665124785,4.846270231,5.006851374,5.148116066,5.271382975,5.378191439,5.469757322,5.547451848,5.612530805,5.665274292,5.707860995,5.73990618,5.762940838,5.776901816,5.783246528,5.783121233,5.777138851,5.766726492,5.753880979,5.738453655,5.722554683,5.706628553,5.692968753,5.680823704,5.672103389,5.667381607,5.667195386,5.67201976,5.682328123,5.698261274,5.719610258,5.746140495,5.777105063,5.81168771,5.848661929,5.886730561,5.924999075,5.962379909
0,-0.821076379,-0.963714588,-1.11135814,-1.265301678,-1.426492379,-1.597568888,-1.776486394,-1.963296677,-2.155981762,-2.351728452,-2.547259181,-2.738826778,-2.922539596,-3.094626934,-3.251195902,-3.388654358,-3.503228184,-3.592783603,-3.6540363,-3.68647488,-3.689586532,-3.66487535,-3.61489309,-3.54247948,-3.45173197,-3.34712074,-3.23330238,-3.114867762,-2.996066092,-2.880828987,-2.772291959,-2.672902777,-2.584018539,-2.506196941,-2.438829692,-2.380881036,-2.328965831,-2.28182561,-2.234489252,-2.184514196,-2.127544835,-2.061508333,-1.98453611,-1.895891309,-1.796011843,-1.686176504,-1.569126576,-1.448058198,-1.325427139,-1.204071851,-1.086716207,-0.974859285,-0.869206982,-0.769678744,-0.675971442,-0.586962913,-0.501889259,-0.420141821,-0.341726511,-0.266936114,-0.196265631,-0.131643302,-0.073556117,-0.023662246,0.016002964,0.046166549,0.06519413,0.073201298,0.070141433,0.058892184,0.040377175,0.017344653,-0.007155841,-0.029943741,-0.047845636,-0.057982391,-0.058018577,-0.0461557,-0.021003007,0.016901938,0.068135863,0.132101083,0.208241181,0.295235702,0.393522086,0.502058519,0.620153188,0.747827681,0.883736199,1.026550238,1.174429025,1.324702816,1.474081831,1.618741061,1.754615002,1.877762516,1.984817748,2.073224554,2.141689189,2.190370294,2.220683487
0,-2.804789447,-2.878538029,-2.957958069,-3.043051259,-3.133852447,-3.229780796,-3.3310154,-3.435167773,-3.543945945,-3.656175151,-3.772149652,-3.889958448,-4.010537705,-4.131551681,-4.251215442,-4.365914421,-4.472346194,-4.566789185,-4.645714207,-4.703726734,-4.73992995,-4.750299524,-4.732965875,-4.688129469,-4.616525887,-4.518945965,-4.40006095,-4.261533482,-4.110257905,-3.947691374,-3.780472699,-3.611344814,-3.444915759,-3.284145916,-3.131389878,-2.987841242,-2.855619217,-2.735297448,-2.627251469,-2.531465985,-2.446909575,-2.373456661,-2.31011954,-2.254597122,-2.206144212,-2.162469842,-2.122317306,-2.084612924,-2.048086036,-2.012352735,-1.977230311,-1.942994563,-1.910263382,-1.879829742,-1.851566968,-1.82748891,-1.806903578,-1.790441617,-1.778029671,-1.769636344,-1.764941457,-1.764072947,-1.765598311,-1.771088113,-1.779357812,-1.790220366,-1.803411925,-1.818561889,-1.835093445,-1.852419769,-1.870337298,-1.888402273,-1.907084161,-1.926197169,-1.946724633,-1.969617938,-1.996246384,-2.027830653,-2.065756904,-2.111224223,-2.164027164,-2.225981275,-2.29608178,-2.374550294,-2.460899274,-2.554068305,-2.652843411,-2.755806012,-2.860898963,-2.967276045,-3.071903847,-3.173337644,-3.269804547,-3.359742749,-3.441740096,-3.514785106,-3.57828461,-3.632005827,-3.676068208,-3.71076284,-3.736644975
0,7.141433231,7.092394095,7.002332178,6.863986583,6.672784537,6.42732269,6.129478166,5.785906122,5.406647694,5.005054741,4.596630679,4.196588981,3.82056957,3.480900955,3.187518172,2.947087676,2.763320233,2.635380574,2.561236801,2.535165553,2.551888406,2.60332456,2.682119298,2.780701672,2.891521335,3.007880797,3.123161796,3.231377249,3.327370609,3.407863447,3.468064248,3.506873004,3.523903257,3.519767067,3.497440897,3.459634829,3.412378325,3.35845197,3.303960415,3.253765256,3.212170275,3.182414155,3.167044772,3.167245488,3.18254204,3.210693357,3.249701695,3.296438922,3.346727769,3.398902809,3.450857119,3.503028471,3.556641954,3.614489589,3.679548876,3.754763935,3.841989148,3.942004427,4.054482941,4.178226264,4.31198569,4.454408639,4.605111206,4.763409267,4.930084594,5.105937262,5.292183139,5.489798302,5.699270003,5.920228994,6.151600844,6.390987123,6.635627919,6.881931419,7.126621502,7.365680894,7.595923313,7.814498968,8.018716878,8.206896323,8.377870797,8.53071393,8.665381413,8.782262927,8.882149807,8.966161349,9.036090084,9.093755812,9.141552437,9.182734952,9.219599809,9.25581425,9.294263799,9.337905494,9.388710387,9.448252421,9.517095321,9.595020877,9.680840986,9.772775979,9.868532599
0,-6.370448608,-6.424019689,-6.506490266,-6.61752042,-6.756379871,-6.916967209,-7.097411395,-7.291240852,-7.492255397,-7.694078928,-7.89051631,-8.075826068,-8.24497267,-8.393926161,-8.519103885,-8.61839416,-8.690850821,-8.73604669,-8.754262966,-8.746669699,-8.714977786,-8.6612544,-8.588666133,-8.499111401,-8.396305269,-8.28245674,-8.160737623,-8.033946524,-7.9044382,-7.774617131,-7.646274559,-7.520970709,-7.399763081,-7.283182965,-7.171236623,-7.06337132,-6.958426678,-6.855162979,-6.751315929,-6.645017382,-6.533730842,-6.41473267,-6.2866101,-6.146191942,-5.992158323,-5.823141836,-5.638296132,-5.437266885,-5.220315378,-4.988272393,-4.742469618,-4.484753175,-4.217347911,-3.942652201,-3.66323585,-3.381729146,-3.100761396,-2.822833465,-2.55016124,-2.284686509,-2.027745441,-1.780345747,-1.542975543,-1.315517863,-1.097427894,-0.888241635,-0.686523638,-0.490650642,-0.299915835,-0.111952797,0.074088233,0.259274781,0.444340137,0.629614611,0.815033314,1.000097418,1.183705431,1.364738518,1.541517067,1.712161207,1.87485117,2.027771096,2.169376722,2.29738964,2.413117147,2.513329291,2.598905896,2.669842704,2.726528316,2.769553815,2.799868553,2.817900592,2.825750941,2.823143044,2.811257219,2.790728889,2.761567159,2.725148483,2.680828208,2.629389741,2.571572694
0,-2.365245455,-2.30158892,-2.266834684,-2.265407042,-2.300190049,-2.371570521,-2.480525596,-2.622855221,-2.7939384,-2.987056038,-3.194725846,-3.408941636,-3.621822124,-3.825888839,-4.014545296,-4.182186228,-4.323616005,-4.436605719,-4.519684174,-4.569349155,-4.587217463,-4.574345223,-4.53273143,-4.465142223,-4.374392641,-4.266551324,-4.142392002,-4.008035034,-3.867374655,-3.724131196,-3.581914243,-3.443863357,-3.312635093,-3.19021476,-3.078002393,-2.976737514,-2.886505883,-2.806830748,-2.736762427,-2.67503046,-2.619959381,-2.569545194,-2.522118791,-2.475758243,-2.429150209,-2.38071432,-2.329439153,-2.274534332,-2.21578731,-2.153350299,-2.087549995,-2.019418096,-1.950522714,-1.88157487,-1.815629975,-1.754298645,-1.699685458,-1.653342735,-1.616342314,-1.590043393,-1.572846707,-1.564878272,-1.564057345,-1.568967711,-1.575755975,-1.583911166,-1.590800091,-1.594908219,-1.594884312,-1.591250688,-1.581167794,-1.564993821,-1.542078894,-1.511890641,-1.474074015,-1.428763591,-1.376484544,-1.318366205,-1.256133738,-1.191833147,-1.128921071,-1.069119181,-1.015904502,-0.971750336,-0.939014794,-0.919153789,-0.913030638,-0.921120047,-0.943081013,-0.977883863,-1.024033422,-1.079524305,-1.141889735,-1.208223874,-1.275178308,-1.34012039,-1.39872147,-1.447867573,-1.484294673,-1.505394339,-1.509197012
0,3.416105701,3.505213722,3.558954192,3.57975919,3.571281633,3.537049103,3.485662845,3.423660124,3.359578542,3.300552658,3.251445634,3.218331462,3.203691821,3.20933667,3.23699368,3.286140017,3.356011974,3.445441284,3.552629876,3.675823559,3.812774168,3.961539847,4.118199166,4.281717082,4.44905383,4.618589343,4.788745839,4.958315619,5.126618124,5.293387466,5.458497143,5.622023165,5.784387113,5.945742247,6.106062119,6.265656754,6.424448969,6.582258606,6.738860478,6.894076153,7.047772049,7.199726471,7.349688993,7.497481709,7.642922572,7.785591835,7.925677743,8.061223824,8.194805949,8.323429681,8.447826666,8.567828316,8.682814301,8.793103115,8.89844776,8.999068056,9.095218274,9.187255796,9.27561152,9.360500697,9.441360637,9.51980617,9.594431824,9.665536692,9.733181321,9.79629902,9.854782666,9.908245112,9.956030036,9.997808285,10.03324088,10.06161622,10.08250401,10.09603691,10.10088974,10.09685493,10.08277992,10.05810703,10.02218009,9.973846416,9.913386935,9.839526503,9.752297797,9.651876868,9.537950745,9.413003857,9.274926433,9.12794413,8.972432752,8.811223755,8.646717306,8.481317066,8.322174849,8.170181194,8.032876109,7.910446933,7.811639172,7.740189044,7.701295772,7.692317303,7.725398721
0,3.849309516,3.841612227,3.814253264,3.766963017,3.700345739,3.61471056,3.512092043,3.395608837,3.268005738,3.132999017,2.994565166,2.85698633,2.724976596,2.602237493,2.492631372,2.400075855,2.328371214,2.277127558,2.250600503,2.248550142,2.272337673,2.319911841,2.392445366,2.488854988,2.608146937,2.748004213,2.908560751,3.087673854,3.283929442,3.495614642,3.720946928,3.957887548,4.20436317,4.457781631,4.715937971,4.975920915,5.235083647,5.490707021,5.740135886,5.980929634,6.210737797,6.427705785,6.629086646,6.816308334,6.985820715,7.138153297,7.273126676,7.390934715,7.492126467,7.577462221,7.648005737,7.704817729,7.749752795,7.784063436,7.808260348,7.825407692,7.834889205,7.838116503,7.835537731,7.827223504,7.812228532,7.790870721,7.762013639,7.72335575,7.674763161,7.614174625,7.540220424,7.451352458,7.346241591,7.223880782,7.08349181,6.924583843,6.74706161,6.551342764,6.337991992,6.108918845,5.865224563,5.609334856,5.343251729,5.069531991,4.790646618,4.508885474,4.226396307,3.944886875,3.665875963,3.390669166,3.120413677,2.855890188,2.597676151,2.346207314,2.101652686,1.863967153,1.63302432,1.408541015,1.190177453,0.977718834,0.771192198,0.571104891,0.378096535,0.193186821,0.017556652
0,-9.680269862,-9.778262104,-9.882794864,-9.99327809,-10.10900538,-10.22912244,-10.35253897,-10.47826648,-10.60463556,-10.73032139,-10.8536122,-10.97273232,-11.08583491,-11.19106068,-11.28665644,-11.37098989,-11.44273921,-11.50088292,-11.54473627,-11.57372233,-11.58850941,-11.58870886,-11.57605881,-11.55044587,-11.51399186,-11.46819893,-11.41436658,-11.35424011,-11.28941915,-11.221381,-11.15143683,-11.08076405,-11.00994563,-10.93960448,-10.87014007,-10.80117415,-10.73219572,-10.66231555,-10.5909714,-10.51585154,-10.43631171,-10.35167636,-10.26015388,-10.16116905,-10.05488252,-9.940825285,-9.819385377,-9.691269263,-9.55739697,-9.418945621,-9.277533592,-9.133977914,-8.990361597,-8.848311256,-8.709493633,-8.575055539,-8.447407045,-8.327949956,-8.218196115,-8.119362886,-8.032027152,-7.956267088,-7.890920712,-7.834341493,-7.784402058,-7.736569058,-7.687589517,-7.63276857,-7.568803315,-7.490697806,-7.395176845,-7.279076372,-7.141323577,-6.979414171,-6.793776215,-6.585369579,-6.356086774,-6.108714818,-5.846900399,-5.574972451,-5.297568793,-5.019607003,-4.745924074,-4.481117657,-4.229245551,-3.993787716,-3.777462619,-3.581995556,-3.408762694,-3.258799792,-3.130368721,-3.024093856,-2.938697787,-2.87241771,-2.824359991,-2.792393252,-2.775277536,-2.771097001,-2.778089235,-2.794536753,-2.818606099
0,-5.521464958,-5.517407394,-5.544474382,-5.602235821,-5.687220814,-5.795520061,-5.921831616,-6.060420821,-6.205020703,-6.349417199,-6.487468836,-6.61376865,-6.723598568,-6.812888618,-6.878943646,-6.91982585,-6.933412196,-6.921769946,-6.883867443,-6.821279515,-6.73528244,-6.628770013,-6.502948231,-6.360049185,-6.20234737,-6.03177512,-5.850239572,-5.659203611,-5.460233539,-5.254581718,-5.043384596,-4.827548363,-4.607912676,-4.38519158,-4.159978565,-3.932895381,-3.704509947,-3.475401138,-3.246174562,-3.017453096,-2.789779051,-2.563691048,-2.339685746,-2.118157506,-1.89948474,-1.684038745,-1.472173778,-1.264347234,-1.061199536,-0.863035456,-0.671069645,-0.485748881,-0.308124851,-0.138172643,0.023619557,0.177212985,0.32300517,0.461660927,0.594178847,0.721710692,0.845441165,0.966574079,1.086213018,1.204401266,1.322931953,1.441541528,1.559519756,1.677288537,1.794809459,1.911457688,2.027029869,2.141136219,2.253495568,2.363617883,2.471114157,2.575667391,2.676865486,2.774458787,2.868423201,2.95899774,3.046684689,3.132559581,3.216814293,3.300741081,3.384550182,3.468361531,3.551058797,3.63220597,3.708946149,3.779034582,3.840285662,3.889701762,3.925260237,3.945090754,3.949264218,3.937312727,3.911151587,3.873500726,3.828019318,3.779485753,3.733112167
0,-0.979322851,-1.030039983,-1.095301372,-1.174250205,-1.265338806,-1.366494563,-1.47482866,-1.586940864,-1.699148461,-1.807577167,-1.908462651,-1.998360028,-2.074185492,-2.133753631,-2.174529974,-2.195864192,-2.196697204,-2.177275235,-2.137758218,-2.079424561,-2.003143316,-1.910400026,-1.802942752,-1.682812041,-1.551998291,-1.413563949,-1.269274774,-1.1221051,-0.974513189,-0.829002415,-0.687773875,-0.552876913,-0.425986492,-0.308524097,-0.201390443,-0.105302976,-0.020483627,0.053063039,0.11622655,0.169470501,0.214128294,0.251610154,0.283639561,0.31188733,0.338019221,0.364282506,0.391703869,0.421850612,0.455640285,0.493895052,0.53641641,0.583329757,0.63407917,0.688054591,0.744565139,0.80306303,0.862508657,0.923131127,0.984344234,1.046207454,1.108736198,1.172635932,1.238190186,1.306113173,1.377145091,1.451793347,1.530739973,1.614421306,1.702794623,1.795590126,1.89220499,1.991633537,2.092761227,2.194239644,2.29429438,2.392300095,2.486860876,2.577181502,2.662608436,2.742765776,2.81802295,2.888761854,2.95509878,3.017670643,3.0773573,3.134703964,3.190669363,3.245881492,3.300544768,3.355299425,3.409879223,3.463885989,3.516324728,3.566028513,3.611390724,3.65084447,3.682742697,3.705825006,3.719158453,3.722423737,3.715890459
0,3.32510918,3.210529295,3.080474038,2.934321816,2.776480244,2.611646222,2.443531405,2.277739404,2.119454288,1.973829566,1.846563372,1.741106917,1.663593693,1.614673144,1.598040921,1.609518031,1.659362623,1.735475282,1.841473974,1.974029583,2.129712496,2.303996134,2.493672883,2.694925773,2.904384743,3.119018829,3.336441864,3.555047791,3.773426857,3.991158607,4.208234759,4.425012197,4.642435751,4.861417262,5.083348045,5.309611541,5.541546001,5.780521951,6.027522045,6.283667196,6.549582103,6.82532158,7.1109497,7.406148632,7.710026786,8.021166563,8.33835861,8.65983544,8.983012827,9.305936687,9.626026493,9.940605576,10.24696198,10.54243321,10.82499615,11.09185375,11.34099841,11.57149174,11.7815607,11.96997256,12.1371425,12.28265843,12.40571093,12.50769249,12.58835808,12.65097281,12.69157636,12.71554453,12.72151117,12.71083946,12.68289724,12.63971144,12.58356417,12.51092008,12.42439361,12.32322221,12.20789825,12.07832225,11.93351467,11.77278293,11.59755211,11.40668376,11.20086105,10.98110252,10.748443,10.50510723,10.25277514,9.995005311,9.735672091,9.477766223,9.225559247,8.984558194,8.758325452,8.551235836,8.368602596,8.212837749,8.090442852,8.000112214,7.945354611,7.930255586,7.952534308
0,12.42870489,12.40910652,12.39597205,12.38973037,12.39078271,12.39861704,12.41262307,12.43199769,12.45598837,12.484025,12.51662942,12.55297029,12.59434991,12.64172471,12.69645232,12.7595749,12.83187293,12.91519548,13.00941145,13.11453958,13.23003937,13.3548963,13.48766792,13.62676672,13.76993044,13.91513575,14.06083393,14.20481921,14.34517571,14.48090063,14.60963107,14.73103959,14.84411479,14.94807449,15.04227613,15.12757703,15.20329146,15.26960669,15.32805125,15.37885495,15.422959,15.46100015,15.4939669,15.52357143,15.55028821,15.57589665,15.6009408,15.6286881,15.65766998,15.69167847,15.73083412,15.77642583,15.82913424,15.88924694,15.95717819,16.03239965,16.11398378,16.20128632,16.29145541,16.38234293,16.47382291,16.56024023,16.64028765,16.71105784,16.77051806,16.81874312,16.85168342,16.87036509,16.87449353,16.8643036,16.84036897,16.80348988,16.75474401,16.69540881,16.62691743,16.5505436,16.46791282,16.3800227,16.28750729,16.19140247,16.09091707,15.98562004,15.87459822,15.75571424,15.63021068,15.49491508,15.35043036,15.19630926,15.03332783,14.86300574,14.687295,14.50846471,14.32914553,14.15207264,13.97994389,13.81531544,13.66044048,13.51782353,13.38765296,13.27295025,13.17394126
1,-7.193909084,-7.07437591,-7.083119811,-7.219940879,-7.470286801,-7.828352217,-8.283580249,-8.826386589,-9.446951947,-10.1326594,-10.86722328,-11.63182359,-12.40724223,-13.1763057,-13.9255118,-14.64523329,-15.32924255,-15.97366928,-16.57553071,-17.13149795,-17.63757282,-18.08898001,-18.48054569,-18.80748904,-19.06790057,-19.2579953,-19.38414467,-19.4528864,-19.47088227,-19.45071531,-19.40779459,-19.34728618,-19.27802557,-19.20386367,-19.12821964,-19.05107274,-18.97108239,-18.88085286,-18.77533929,-18.64429703,-18.47928104,-18.27192282,-18.01605903,-17.7084463,-17.34838393,-16.93921197,-16.48692868,-16.00110889,-15.49202132,-14.97180223,-14.45315645,-13.94880333,-13.47066358,-13.02802689,-12.62599649,-12.27162044,-11.95694892,-11.68332698,-11.44181624,-11.22067116,-11.01558525,-10.81421589,-10.60976547,-10.39646311,-10.16963103,-9.923946123,-9.65507924,-9.357684299,-9.028161936,-8.664144457,-8.265712895,-7.838783137,-7.39118517,-6.935795659,-6.487796767,-6.063903349,-5.680282029,-5.351033932,-5.085967181,-4.890816232,-4.770279477,-4.716967124,-4.72690604,-4.789270661,-4.895024997,-5.029206139,-5.185198344,-5.35766843,-5.535503962,-5.715463364,-5.890990423,-6.05596379,-6.204161195,-6.330472996,-6.428430177,-6.49368267,-6.520279454,-6.504796124,-6.443906652,-6.336636744,-6.185158227
1,-14.55783719,-14.67812229,-14.774228,-14.83499697,-14.85651376,-14.84317729,-14.80595489,-14.75837078,-14.71080904,-14.66731625,-14.62537345,-14.58038593,-14.53046985,-14.47580738,-14.41738728,-14.36081437,-14.31565918,-14.29787958,-14.32200609,-14.39266757,-14.50329302,-14.63960481,-14.78631823,-14.93312676,-15.06889898,-15.18277046,-15.26233691,-15.29490121,-15.27188766,-15.19210386,-15.06417673,-14.90663834,-14.74584344,-14.61314392,-14.5368759,-14.53664183,-14.61407498,-14.75433448,-14.92652796,-15.09605959,-15.23655846,-15.33527809,-15.39179279,-15.41544957,-15.42058525,-15.42231152,-15.4304578,-15.4475573,-15.46447575,-15.46490506,-15.43060911,-15.34850581,-15.2155037,-15.03748913,-14.82280447,-14.57490215,-14.28629654,-13.94372214,-13.53515381,-13.05976974,-12.53098522,-11.97324441,-11.41253008,-10.8703592,-10.36317565,-9.90334233,-9.500683363,-9.164478775,-8.903717632,-8.724495183,-8.62364524,-8.583212695,-8.572697979,-8.552002276,-8.488306304,-8.364266168,-8.182406359,-7.96157706,-7.727530526,-7.504516121,-7.306304813,-7.132162045,-6.972453505,-6.81717484,-6.666696212,-6.532600964,-6.436794376,-6.403323248,-6.447640366,-6.572882338,-6.766771532,-7.002287087,-7.240502743,-7.438488428,-7.561481262,-7.591050823,-7.529190642,-7.398937216,-7.239315473,-7.094239536,-6.998447541
1,24.34500772,24.15548686,24.00228731,23.88601052,23.80733164,23.76505858,23.75641048,23.7770007,23.82314069,23.88948999,23.97107872,24.06339235,24.16226778,24.26427717,24.36672915,24.46774003,24.56615861,24.66150772,24.753878,24.84376379,24.93204367,25.01939941,25.10719596,25.19638281,25.28790386,25.3826507,25.48140446,25.58426945,25.69304359,25.8064791,25.92545627,26.05002049,26.18014381,26.31576529,26.45677805,26.60294999,26.75451745,26.91097295,27.0723811,27.23861291,27.40952243,27.58498953,27.76489446,27.94908113,28.13737219,28.32948735,28.52498587,28.72319741,28.92313136,29.12359732,29.32335228,29.52028197,29.71267266,29.89853528,30.07587266,30.24286387,30.39786523,30.54031164,30.66813928,30.78254815,30.88352188,30.97223625,31.05029295,31.11973699,31.18287697,31.24225733,31.3002313,31.35911083,31.42106291,31.48788849,31.56107095,31.64182509,31.73148736,31.83038572,31.93920247,32.05814169,32.18723385,32.32628468,32.47496357,32.63291579,32.79820869,32.97090977,33.14909804,33.33105794,33.51468529,33.69762193,33.87708617,34.04988766,34.21332493,34.36398845,34.49908062,34.61556918,34.71307119,34.78922708,34.8453171,34.88312513,34.90609697,34.9192018,34.9285807,34.94163245,34.9658395
1,10.51726104,10.29036084,10.04364293,9.776402083,9.494602665,9.2093972,8.934913079,8.684924055,8.470088552,8.298570833,8.175872791,8.104276057,8.085364227,8.11945962,8.202494504,8.329813118,8.492926296,8.67970757,8.877436137,9.076856503,9.273197961,9.465974221,9.653225437,9.834098152,10.00542176,10.16895619,10.32770008,10.48069814,10.6210801,10.73579811,10.81313842,10.84404662,10.82868557,10.77725563,10.7063224,10.63652168,10.58380124,10.55413119,10.5364397,10.50922305,10.44709248,10.33991753,10.18710318,10.00336371,9.807067004,9.619488636,9.461452582,9.354967085,9.313556504,9.340257706,9.423687726,9.540417222,9.670192259,9.800541357,9.926241311,10.04763146,10.15890982,10.26344759,10.35761835,10.43427834,10.47749933,10.46712114,10.38205574,10.2164163,9.98018725,9.694262405,9.378552934,9.048253058,8.715082017,8.393504037,8.09367756,7.833917208,7.628469184,7.482647882,7.40419215,7.376436086,7.386435323,7.414092375,7.453215601,7.499460203,7.544164994,7.579203837,7.598268686,7.596781523,7.57211195,7.52657807,7.467274159,7.405550782,7.352878766,7.319727088,7.309299053,7.321503215,7.35563069,7.408972773,7.477151514,7.554495382,7.635567202,7.712160037,7.779862184,7.835179256,7.877703049
1,5.217568893,4.948787144,4.646565019,4.316948538,3.96916165,3.616283354,3.272404641,2.952293371,2.666256064,2.418781437,2.205146798,2.014673003,1.832790429,1.647314972,1.452761259,1.250919538,1.04742757,0.849053337,0.65917345,0.479142821,0.307850427,0.143917959,-0.01353051,-0.161362936,-0.295763322,-0.411142626,-0.502071102,-0.565141726,-0.598755774,-0.603135957,-0.578831372,-0.528805029,-0.456757583,-0.370624435,-0.281755065,-0.203304319,-0.148321129,-0.127507427,-0.144789151,-0.200834373,-0.287472303,-0.391967489,-0.495322712,-0.577482546,-0.620748298,-0.613014274,-0.547254721,-0.427511991,-0.253259136,-0.030509471,0.237125483,0.54427985,0.883377525,1.244812267,1.617489683,1.990650779,2.35494442,2.704359159,3.035534943,3.347677503,3.641368002,3.918227739,4.180013563,4.428377549,4.663686606,4.884124051,5.087181854,5.270084566,5.432226223,5.575116486,5.703664462,5.827268032,5.959648764,6.115974543,6.308966777,6.545456198,6.824951663,7.140441458,7.481596296,7.837595644,8.19747439,8.550171977,8.8844198,9.190445582,9.463789968,9.707353035,9.930269667,10.14475248,10.35980532,10.57658682,10.78667837,10.97367378,11.122337,11.22529387,11.28857419,11.32770816,11.35553184,11.37809979,11.39875324,11.42448859,11.46092006
1,10.21030025,10.60765457,10.98639689,11.33396315,11.63579829,11.88642562,12.07566568,12.20647477,12.26803747,12.27358923,12.21971283,12.11373837,11.97700269,11.81240373,11.63711385,11.46145284,11.29656239,11.1449322,11.00896699,10.89299099,10.79009931,10.69920692,10.61762648,10.54631937,10.4793768,10.41568578,10.35339371,10.28753907,10.21905791,10.15104744,10.0888382,10.03693543,10.00116696,9.984512713,9.989755464,10.01784354,10.06713798,10.13956395,10.23178084,10.34061571,10.4622714,10.59146222,10.72315407,10.85217631,10.97539147,11.0903727,11.19617136,11.29270729,11.37957514,11.45300829,11.52212681,11.58320472,11.64501282,11.70559341,11.76921537,11.83181429,11.89074453,11.93812375,11.96349306,11.95785233,11.91019597,11.81221617,11.65732683,11.44304904,11.17097725,10.83712482,10.45015863,10.0138932,9.532486621,9.014514208,8.46733796,7.898394639,7.31426221,6.720706955,6.1230124,5.525941774,4.936664899,4.359115137,3.799641446,3.262986042,2.752928109,2.272968244,1.825125455,1.410459791,1.028072988,0.676023682,0.353061749,0.056960532,-0.213678983,-0.458871593,-0.678568144,-0.870830567,-1.033005704,-1.162453648,-1.258722581,-1.32438912,-1.362477393,-1.383000295,-1.388145085,-1.383070436,-1.370696684
1,18.05383271,17.68841242,17.34238679,17.04017755,16.78000188,16.55315169,16.33887655,16.11326985,15.86331354,15.57611394,15.25086406,14.89098625,14.50477777,14.11456468,13.72464505,13.34582111,13.0029054,12.68979389,12.41489923,12.19144004,12.04032511,11.98969546,12.02991811,12.1899453,12.45243322,12.75745531,13.1025875,13.44519083,13.74057892,14.04070023,14.29541269,14.55455564,14.80371026,15.04595832,15.2648195,15.44739478,15.56797972,15.61695367,15.60853667,15.56138112,15.47749324,15.41608173,15.37775786,15.40477523,15.50325639,15.68740615,15.93917213,16.24238289,16.57890519,16.92996411,17.28218666,17.62122413,17.93144513,18.21558085,18.45718619,18.65576764,18.8205824,18.93325646,19.00139399,19.03055136,19.02776901,18.99599967,18.94861548,18.86978597,18.76757154,18.62686544,18.45601269,18.26258975,18.06703578,17.88777361,17.7410553,17.61722579,17.51555865,17.420109,17.31852945,17.20047986,17.05817734,16.88628715,16.68218598,16.43964612,16.17734521,15.90168509,15.63540402,15.39884896,15.22468513,15.12596567,15.10410845,15.14527889,15.22968121,15.30458463,15.34162915,15.29362643,15.11312973,14.78647251,14.31271206,13.71370716,13.04325438,12.33043743,11.59759987,10.85264885,10.10775823
1,20.60859344,20.61150881,20.56340738,20.47012866,20.33535784,20.16321781,19.95033385,19.6888798,19.36626109,18.97202085,18.5005166,17.95614236,17.35021827,16.7008151,16.02777157,15.34950878,14.67509388,14.00375864,13.3281018,12.63883982,11.9302793,11.2081372,10.48031819,9.763727598,9.077041267,8.431339321,7.83379069,7.285043423,6.78401442,6.329493985,5.92613145,5.582953819,5.310059293,5.116173885,5.005359658,4.984664627,5.06036265,5.244180297,5.543843681,5.967554094,6.517347399,7.185891008,7.961787516,8.827139105,9.760548527,10.74038054,11.74954816,12.77658521,13.81628859,14.86686086,15.92166689,16.96977011,17.99626005,18.98532465,19.92474845,20.8064335,21.62581462,22.37749232,23.05158896,23.62998093,24.08406087,24.38598868,24.49551445,24.40480914,24.13749876,23.75461566,23.3375384,22.96600425,22.70146944,22.56581955,22.55375993,22.63265156,22.75951154,22.88634058,22.96599405,22.96389079,22.86510092,22.67229416,22.40778162,22.09650599,21.76274566,21.41662651,21.05633786,20.67228339,20.26059506,19.80764701,19.3279735,18.83464259,18.34931822,17.89182598,17.4783681,17.11507527,16.80042478,16.52748022,16.28722534,16.0720422,15.87766833,15.70405616,15.55565751,15.43761814,15.35772829
1,-1.2289354,-1.008300931,-0.894231465,-0.863533655,-0.912677586,-1.024535294,-1.198302299,-1.433567783,-1.734681972,-2.106507651,-2.551957983,-3.069585817,-3.652508253,-4.287929005,-4.954843584,-5.632449544,-6.295217062,-6.918408693,-7.478686468,-7.955994314,-8.339190354,-8.620233199,-8.805637853,-8.895845717,-8.90822588,-8.854987986,-8.752359008,-8.611603058,-8.439285648,-8.239513179,-8.010570614,-7.749010737,-7.452623591,-7.119060423,-6.746072142,-6.335790337,-5.890536362,-5.415335774,-4.917326208,-4.406155277,-3.894479112,-3.396758792,-2.927194522,-2.499175911,-2.118811029,-1.789092735,-1.504561613,-1.253935405,-1.021080504,-0.790308403,-0.54658019,-0.272477559,0.047776632,0.427722825,0.872665072,1.383000021,1.949647025,2.558853901,3.194997926,3.841593572,4.484759002,5.113867902,5.722595748,6.309034669,6.874575593,7.422484971,7.956992457,8.482983185,9.005531856,9.529235891,10.05746342,10.59221607,11.13364377,11.68022527,12.22809403,12.7714733,13.30279219,13.81300363,14.29244488,14.73115689,15.11991656,15.45030661,15.71460179,15.90567264,16.01948209,16.05238295,16.00210774,15.86959928,15.66258441,15.39025125,15.07055013,14.72554414,14.38090283,14.06280469,13.79333575,13.5891492,13.45288579,13.38770654,13.37691177,13.4085607,13.46222284
1,16.15616758,16.1929699,16.18845172,16.14303438,16.0612596,15.94965419,15.81897093,15.67972631,15.54256239,15.4160807,15.30685362,15.21778443,15.14869397,15.09704294,15.06050164,15.03440025,15.01671158,15.00467812,14.99750635,14.99325251,14.9925706,14.99456802,14.9984546,15.00321516,15.00745968,15.00982795,15.0099639,15.00778453,15.00441219,15.00194575,15.00325781,15.01147819,15.0284566,15.05578696,15.09273134,15.13750861,15.18752124,15.24047135,15.29418845,15.34758632,15.40076002,15.45478733,15.51114937,15.5712723,15.63594313,15.70566776,15.77994686,15.85803931,15.93863883,16.0202398,16.10181578,16.18254974,16.26199891,16.33929763,16.41366909,16.48558715,16.55423061,16.6203811,16.68565419,16.75176189,16.82073024,16.8937442,16.97072438,17.05008467,17.12805877,17.19962692,17.25944903,17.30221292,17.32490416,17.32612454,17.30784798,17.27567099,17.23413186,17.19110693,17.15247486,17.12416096,17.1100754,17.11262848,17.13150983,17.16484222,17.20894729,17.25876711,17.30862172,17.35272304,17.38577265,17.40405459,17.40489895,17.38884947,17.35886378,17.31944849,17.2764546,17.23617052,17.20431431,17.18593897,17.18392644,17.20011301,17.23495793,17.2869967,17.35346108,17.43032079,17.51252604
1,6.394225281,6.638003002,6.760647592,6.823590513,6.865169024,6.88562556,6.84939523,6.739120877,6.557767279,6.327960506,6.074875305,5.793616763,5.462251206,5.06140709,4.61960005,4.236787724,4.037996347,4.051525888,4.221837696,4.462610391,4.708648735,4.92519977,5.117795912,5.346623123,5.693003411,6.194790731,6.795622448,7.365476192,7.752839259,7.852654578,7.631999878,7.202956055,6.760658754,6.449246679,6.282173042,6.160844488,5.978253505,5.708019856,5.399648981,5.15559091,4.999608403,4.894330106,4.82918379,4.974404248,5.509666996,6.407498806,7.492892163,8.612397663,9.648849179,10.52478324,11.20417814,11.66927054,11.93677921,12.02248427,11.96382477,11.8096931,11.61379959,11.42580348,11.28310644,11.21253642,11.22552381,11.30429843,11.41641207,11.54720379,11.70227167,11.89169699,12.10503753,12.3197684,12.51070745,12.65250334,12.73022211,12.73979206,12.7036049,12.65562582,12.63546898,12.68735745,12.80223947,12.9064649,12.89194531,12.67639236,12.26891985,11.8208647,11.54913215,11.55788901,11.7363815,11.88513761,11.95579814,12.04215578,12.28321902,12.72370482,13.31317843,13.91494659,14.39570256,14.69902644,14.84822702,14.91890598,14.98910571,15.10929896,15.28997086,15.52612516,15.81292543
1,-13.20711451,-13.13165909,-12.99917989,-12.84426007,-12.70536284,-12.60242125,-12.53349056,-12.4798122,-12.41606231,-12.33606849,-12.24124884,-12.15208721,-12.08093108,-12.00289805,-11.90041473,-11.77737938,-11.67829897,-11.6497653,-11.71156312,-11.82611118,-11.93297327,-12.00027367,-12.0279332,-12.03274229,-12.03160387,-12.00305469,-11.91562119,-11.75997604,-11.56421744,-11.38365174,-11.24655879,-11.14165886,-11.01760917,-10.78930237,-10.40043198,-9.822463697,-9.089718879,-8.27563261,-7.46187053,-6.699610339,-6.028752966,-5.47269012,-5.058444074,-4.798340651,-4.693245171,-4.714153159,-4.780513152,-4.794404742,-4.672007625,-4.379321483,-3.954927728,-3.481304462,-3.051820507,-2.752971902,-2.629043467,-2.675063178,-2.841680609,-3.01917913,-3.082470238,-2.90646204,-2.431255542,-1.732112955,-0.931024515,-0.189413575,0.376260131,0.743926238,0.951475288,1.071614899,1.192181947,1.384552653,1.682298693,2.082712143,2.539846275,2.976906751,3.335520652,3.589092062,3.751493758,3.84517143,3.886470914,3.895982112,3.900775507,3.926584661,3.960306689,3.978851081,3.965088435,3.930670998,3.910377458,3.939216859,4.047773914,4.240192811,4.498603555,4.792584222,5.064356071,5.275902764,5.397187593,5.433936423,5.437464278,5.468434569,5.548694143,5.63533386,5.662401732
1,-2.620923978,-2.350843388,-1.936968025,-1.589702641,-1.483410404,-1.61321624,-1.806645891,-1.944701628,-2.058874664,-2.172184146,-2.152605643,-1.905646457,-1.658364681,-1.66798353,-1.886199308,-2.118738513,-2.244687835,-2.211769311,-1.943471669,-1.441818894,-0.913837776,-0.622845971,-0.638903586,-0.807864544,-0.96812533,-1.069714958,-1.09250718,-1.037757979,-0.970894215,-0.963506243,-1.000288451,-1.014731188,-0.997840284,-0.983496172,-0.974916703,-0.991068408,-1.058572348,-1.132736148,-1.141961276,-1.100059809,-1.041760783,-0.93937167,-0.767517528,-0.555252997,-0.337181224,-0.07714472,0.258452877,0.584913659,0.763371583,0.767727308,0.682650568,0.570734301,0.432968919,0.251398253,0.017384106,-0.245197342,-0.438332767,-0.39406804,-0.078749438,0.196645554,0.150314256,-0.120993469,-0.440172851,-0.780555251,-1.111229162,-1.342411795,-1.454272973,-1.518126238,-1.567809098,-1.544597542,-1.373233951,-1.087863079,-0.815644834,-0.618288875,-0.457410358,-0.257590603,-0.00022382,0.215749617,0.278233599,0.168746703,0.02115208,0.021665223,0.173715109,0.295571256,0.243257797,0.015444293,-0.308462102,-0.622203585,-0.855095791,-0.974701614,-0.969080925,-0.823456163,-0.544525797,-0.236109455,-0.070910482,-0.165331639,-0.401864383,-0.551429325,-0.521005154,-0.374775532,-0.239438293
1,14.61205984,14.63471239,14.59440324,14.48718393,14.31632674,14.09116101,13.84407232,13.62815958,13.48730959,13.43755339,13.46377059,13.54116086,13.64819578,13.7702073,13.89059599,13.98194845,14.00822198,13.93257886,13.73625876,13.42387044,13.04269271,12.66744553,12.36779227,12.16461666,12.02340916,11.88224013,11.68628817,11.40475731,11.02260846,10.53204788,9.935244946,9.251759901,8.532610601,7.844232784,7.240698883,6.7325818,6.286811711,5.852278882,5.4007251,4.944400347,4.518920501,4.1546476,3.856932682,3.60952734,3.385173586,3.161841856,2.927895106,2.674111638,2.392073711,2.073705218,1.72060461,1.347160995,0.97339752,0.609160258,0.24634456,-0.130441778,-0.524853203,-0.916943013,-1.263255942,-1.52143916,-1.677002961,-1.747047333,-1.768685426,-1.775498404,-1.789835944,-1.819043627,-1.859496738,-1.903114907,-1.953875505,-2.020059937,-2.11344207,-2.223386286,-2.331975907,-2.440142804,-2.579135438,-2.795753333,-3.114763016,-3.518883234,-3.954908913,-4.351715607,-4.643183554,-4.786482788,-4.781357548,-4.674611337,-4.544880485,-4.453599189,-4.417936476,-4.393175945,-4.331171236,-4.215187201,-4.068262103,-3.920639842,-3.787637771,-3.668855263,-3.563037211,-3.459824098,-3.345025001,-3.211870615,-3.070457583,-2.945005612,-2.860963246
1,12.21894876,12.15280403,12.09293526,12.03560856,11.9754404,11.91068229,11.84239041,11.77874218,11.73123123,11.70998266,11.72261226,11.77190709,11.85451831,11.9629172,12.08511552,12.20800981,12.31955753,12.40953041,12.47208425,12.50766948,12.52055823,12.51670535,12.50404249,12.48981164,12.48345133,12.49353563,12.52939265,12.59933756,12.71020143,12.86549834,13.06651671,13.30992493,13.58863887,13.89273956,14.20923224,14.52647798,14.82974167,15.10968936,15.36135752,15.58631922,15.79156167,15.98693025,16.18355545,16.39135548,16.61979897,16.87469549,17.15845488,17.4692887,17.80207339,18.14837423,18.49942667,18.84652626,19.18198873,19.49890132,19.79030234,20.05092903,20.27637589,20.46504007,20.61794818,20.73545019,20.82292749,20.88275265,20.92079753,20.94055177,20.94517089,20.93648673,20.91604891,20.88573146,20.84770302,20.80408976,20.76049405,20.72244812,20.6974002,20.69163014,20.70840501,20.74517459,20.79335762,20.83828082,20.86397308,20.85651281,20.80729616,20.71990379,20.61024336,20.50914364,20.44838715,20.44994664,20.51111799,20.60454461,20.69561144,20.75432815,20.76938274,20.74623841,20.70434411,20.66545693,20.65055581,20.6760638,20.75117694,20.88356242,21.07591187,21.32856288,21.63193051
1,9.464764343,9.255552524,8.966587699,8.61412501,8.213059315,7.776895173,7.31597141,6.83535147,6.340460015,5.836556279,5.328826148,4.829372258,4.352372845,3.914626824,3.533033718,3.222896223,2.990806623,2.842134868,2.774848402,2.784782693,2.862569473,2.998127742,3.177505878,3.389527297,3.611965643,3.834386875,4.04011702,4.214215893,4.345136954,4.431478147,4.478597192,4.499186219,4.510875478,4.534019097,4.585490879,4.680703766,4.823971858,5.003747064,5.220392594,5.452914383,5.692655801,5.927263782,6.148009951,6.349185815,6.528679382,6.688164209,6.833033176,6.969556353,7.105994769,7.252882419,7.416641673,7.602356702,7.814328701,8.052450258,8.314436276,8.59585771,8.893865474,9.209981308,9.539997853,9.883784896,10.23777637,10.59389514,10.93670635,11.25773954,11.54283766,11.80025432,12.03451828,12.26327324,12.50464083,12.77394973,13.07737352,13.40342742,13.7246245,14.0173338,14.23519203,14.35358551,14.35701724,14.24206748,14.0199939,13.71464508,13.35888559,12.99593007,12.66230946,12.3928273,12.21618253,12.14809681,12.19481241,12.34900337,12.58764633,12.88866666,13.21695634,13.55320911,13.88172119,14.19674228,14.502863,14.80032409,15.09332812,15.38242943,15.66704198,15.94796445,16.22958198
1,4.87425087,4.855042219,4.775341801,4.636700454,4.433281136,4.161867936,3.818768326,3.405709399,2.931743732,2.414445713,1.878076906,1.347554972,0.84331698,0.378063476,-0.043202217,-0.420597831,-0.7587016,-1.061341257,-1.333271377,-1.578854812,-1.805979087,-2.024816537,-2.248813802,-2.495646021,-2.779671551,-3.108688327,-3.479476504,-3.878360458,-4.28568142,-4.681962656,-5.053585741,-5.395190585,-5.70989002,-6.007069321,-6.299382013,-6.598502467,-6.913330794,-7.247260389,-7.598687138,-7.962677453,-8.329845765,-8.688389731,-9.025439404,-9.329349062,-9.59027367,-9.801317714,-9.956377806,-10.05288083,-10.08879413,-10.06373075,-9.978644722,-9.836703404,-9.643624789,-9.406651314,-9.134492006,-8.835287611,-8.517699299,-8.190417863,-7.862329621,-7.541479673,-7.233754095,-6.941984317,-6.664935894,-6.397264947,-6.13099041,-5.856862896,-5.564981468,-5.246771231,-4.895517988,-4.508239186,-4.085614443,-3.632105805,-3.154866022,-2.662851966,-2.166037483,-1.673936191,-1.193280551,-0.726713859,-0.272153505,0.173960483,0.615871068,1.053416951,1.481992762,1.894476515,2.28439697,2.649750686,2.993754936,3.32406321,3.650780693,3.984929976,4.336088674,4.709498248,5.103081263,5.506133493,5.900926901,6.265759124,6.579388986,6.825936509,6.998404033,7.099049244,7.140808384
1,1.623043061,1.547232322,1.490156331,1.450573157,1.427898121,1.419350352,1.420716213,1.43299882,1.450630912,1.470978955,1.490775729,1.507262295,1.517593761,1.520142285,1.513984838,1.498272931,1.474637624,1.443560398,1.40721228,1.367915246,1.328613352,1.292074488,1.261149524,1.238452234,1.226236242,1.226379028,1.239913466,1.268291211,1.311396456,1.369038486,1.441032866,1.525881478,1.622394647,1.729436971,1.846026137,1.970931835,2.103422033,2.243111334,2.389989745,2.544461697,2.707266566,2.879319563,3.061632471,3.255107754,3.460398985,3.677778654,3.906938983,4.1470106,4.396372751,4.652809754,4.91352253,5.175154671,5.433959234,5.686028464,5.92732189,6.153929314,6.362259911,6.54910742,6.711711845,6.848271439,6.957615792,7.037869268,7.092541231,7.120015782,7.122361921,7.103840532,7.065662321,7.012012851,6.946558805,6.873171865,6.795768681,6.718092986,6.643490322,6.575409861,6.515732612,6.465988854,6.427067586,6.39840009,6.37836388,6.364202005,6.351961111,6.336748376,6.313032208,6.274592755,6.215736431,6.132090404,6.017360642,5.869457534,5.686759592,5.469643175,5.220572115,4.944292087,4.647554357,4.339128006,4.029258329,3.72917471,3.45205514,3.206405728,3.005192966,2.857587775,2.769860206
1,5.690642962,5.911221389,6.1263692,6.33505881,6.535564871,6.724798313,6.897639332,7.045950383,7.161426617,7.237876297,7.265834304,7.243005559,7.172865482,7.064569074,6.931858764,6.788184138,6.652418502,6.532787746,6.437459449,6.367411548,6.323405398,6.302401547,6.301511245,6.317964056,6.353094885,6.407203848,6.483106506,6.584329323,6.71503822,6.876995989,7.072559546,7.299718928,7.554973259,7.832808657,8.125593171,8.425218303,8.724135401,9.0165374,9.298602393,9.568154985,9.824003006,10.06546834,10.29219749,10.50418212,10.70136563,10.88528909,11.05843147,11.22456195,11.38843335,11.55518013,11.72925341,11.91377185,12.10969199,12.31576683,12.52867308,12.74324994,12.95379067,13.15527246,13.34427717,13.51771214,13.67573482,13.81890053,13.95008495,14.06849154,14.17637138,14.27410726,14.36049628,14.43563614,14.49752472,14.54575176,14.58043049,14.6029545,14.61599278,14.62231441,14.62661606,14.63285746,14.64544715,14.66900051,14.70352644,14.75326752,14.81549881,14.88692475,14.9615473,15.03463794,15.09968343,15.15235899,15.19116657,15.21573442,15.22671237,15.22764495,15.21924394,15.20052475,15.17094775,15.1302178,15.08100815,15.02886891,14.98064817,14.94383764,14.92388108,14.92213167,14.93841827
1,-3.514252955,-3.687885344,-3.915218821,-4.222559175,-4.640811969,-5.190007936,-5.860912974,-6.603328873,-7.339693684,-7.998684948,-8.553173488,-9.036607849,-9.526186332,-10.09822882,-10.77242585,-11.48788564,-12.12455755,-12.56453074,-12.72116876,-12.56655281,-12.15652156,-11.62611892,-11.11658252,-10.70757728,-10.40857639,-10.16589917,-9.909024867,-9.600875731,-9.251789154,-8.902272396,-8.593913912,-8.356202363,-8.209447931,-8.173946222,-8.266061352,-8.465473641,-8.713486307,-8.929768687,-9.050387161,-9.045314443,-8.92326289,-8.714220332,-8.447896786,-8.149713806,-7.845761221,-7.568154663,-7.343693977,-7.181598571,-7.071300648,-6.994520739,-6.938660333,-6.901092962,-6.880421475,-6.870294145,-6.861053962,-6.845450886,-6.821733628,-6.793303203,-6.762938089,-6.730162691,-6.691831757,-6.647381653,-6.599658847,-6.549661265,-6.498078104,-6.448691003,-6.421193109,-6.44316878,-6.539644864,-6.705176927,-6.910046872,-7.121845932,-7.326286924,-7.530105306,-7.750159951,-8.001341289,-8.291095008,-8.61684952,-8.96564776,-9.320408739,-9.668914688,-10.01206425,-10.36129872,-10.72579738,-11.1062081,-11.48288281,-11.82444499,-12.09496388,-12.27377608,-12.37496919,-12.43816662,-12.5043393,-12.59369443,-12.70932886,-12.84966213,-13.00362633,-13.15211337,-13.27438158,-13.35968693,-13.4085838,-13.43262581
1,8.443688152,8.50364183,8.591121583,8.704880427,8.842764652,9.005959248,9.195773412,9.411533239,9.649188475,9.901001664,10.15526502,10.39917611,10.61948797,10.80436711,10.94337732,11.03431681,11.07523775,11.07252836,11.02814235,10.95470317,10.86133331,10.75928256,10.65829373,10.56692557,10.49401664,10.4417534,10.41313585,10.40788476,10.42511007,10.45997531,10.50769633,10.56351736,10.62065906,10.67625707,10.7264832,10.76951644,10.80524506,10.83509591,10.86109093,10.88589711,10.91194917,10.94128458,10.97518736,11.01439466,11.05918543,11.10949995,11.16518909,11.22595249,11.29008862,11.35637662,11.42276959,11.48690785,11.54697705,11.6014443,11.65024649,11.69155291,11.72589992,11.75554199,11.78019092,11.80234021,11.8239968,11.84734472,11.87417447,11.90559891,11.94262884,11.98479926,12.03088007,12.07943739,12.12680121,12.1710824,12.2099262,12.24021784,12.26183038,12.27493802,12.28177476,12.28682837,12.29616818,12.31792408,12.36207503,12.43173006,12.53729337,12.67968355,12.85938352,13.07255448,13.31248596,13.5696091,13.83316756,14.09122361,14.33188427,14.54450367,14.72331014,14.86002971,14.95724805,15.01305541,15.03177793,15.016164,14.97141729,14.89994492,14.807895,14.70202129,14.58949859
1,2.740770545,2.728806615,2.688480046,2.629279761,2.561418452,2.495785569,2.438795743,2.389761641,2.344801858,2.301816762,2.26349609,2.240184431,2.246026242,2.294785817,2.394933967,2.549718404,2.755578382,2.999990845,3.264177717,3.530013597,3.78569623,4.025422448,4.248221783,4.455075757,4.647695557,4.826782531,4.991683051,5.143782613,5.292794853,5.45117235,5.629674797,5.827376207,6.031474071,6.222913797,6.384506386,6.507514796,6.593632555,6.647730217,6.673541368,6.673636496,6.652352097,6.621000328,6.595880165,6.580340718,6.550187299,6.492489663,6.418538005,6.336361752,6.249537602,6.168128009,6.108381476,6.083225559,6.09077843,6.11405605,6.127335336,6.109463898,6.053263713,5.964767117,5.856461788,5.73866942,5.6191158,5.503592782,5.398062048,5.306233511,5.227796027,5.157594756,5.087683588,5.009732746,4.926164027,4.846868261,4.786797683,4.756782554,4.760394776,4.795408749,4.85726917,4.939037325,5.032394775,5.126856335,5.211733993,5.279993801,5.330051785,5.364498375,5.387922502,5.404305051,5.416364822,5.426215337,5.437258537,5.452472459,5.469981245,5.48117339,5.474176561,5.441059534,5.386829769,5.328662231,5.288337148,5.279000128,5.299537299,5.330716291,5.349624534,5.342053662,5.312371368
1,2.495759032,2.126328644,1.62290644,0.993931842,0.277138232,-0.449497933,-1.076823013,-1.497031466,-1.652264994,-1.554456232,-1.284614307,-0.951340876,-0.65219954,-0.451775276,-0.37101101,-0.397236926,-0.494821692,-0.618486148,-0.72604824,-0.784430823,-0.768222831,-0.664543312,-0.471751205,-0.197548288,0.143818305,0.529859336,0.937374048,1.343736577,1.729167815,2.079602415,2.387746749,2.651779101,2.872342025,3.048341051,3.176467891,3.252500655,3.277908163,3.264669171,3.234492486,3.211351276,3.218033274,3.271603642,3.385970139,3.568492589,3.822277131,4.1469147,4.536562718,4.97626669,5.442324705,5.908624174,6.353227995,6.765357151,7.146352464,7.50626806,7.857913492,8.210008314,8.564683435,8.918862307,9.266897414,9.603409216,9.926935894,10.2433341,10.56428867,10.90181039,11.26281066,11.64477154,12.03570243,12.41754502,12.77343595,13.09417215,13.37992408,13.63786259,13.87703663,14.1043846,14.32184128,14.52642826,14.71089188,14.86601545,14.9831261,15.05694237,15.08761292,15.08044503,15.04341245,14.98538085,14.91102345,14.82428078,14.73013255,14.63255647,14.5314579,14.42052792,14.2883661,14.11950221,13.89791634,13.60929127,13.24765274,12.82055863,12.35139021,11.87808967,11.44674506,11.10208115,10.87763928
1,0.216619378,0.054450597,-0.168944884,-0.459514283,-0.821770658,-1.263249375,-1.788378124,-2.39902728,-3.09399899,-3.869299986,-4.716736256,-5.624430088,-6.577147267,-7.557039107,-8.544813971,-9.520178067,-10.46270842,-11.35319143,-12.1734205,-12.90856419,-13.55172095,-14.0990143,-14.55609131,-14.93178153,-15.23745818,-15.49149976,-15.69843935,-15.86511427,-15.99566461,-16.08497692,-16.12713339,-16.11516655,-16.0416321,-15.90150053,-15.69225608,-15.41424878,-15.07514311,-14.68424854,-14.25987698,-13.81506522,-13.36642713,-12.9255618,-12.50363663,-12.10220522,-11.7224401,-11.35968993,-11.00691403,-10.65455356,-10.29865011,-9.936218599,-9.569533051,-9.201129635,-8.834729652,-8.471585218,-8.109760653,-7.74679025,-7.378266161,-7.000476265,-6.611040658,-6.207987745,-5.790484438,-5.356650739,-4.905231348,-4.432119501,-3.934253913,-3.405962981,-2.841058783,-2.234001581,-1.584950902,-0.901247939,-0.199623961,0.495148547,1.161989348,1.783184686,2.352006502,2.866826733,3.333810203,3.760731755,4.161078687,4.548104563,4.937393127,5.329491032,5.727423384,6.118797759,6.484770999,6.802442877,7.055309054,7.241598298,7.380350505,7.487953538,7.593247846,7.712319961,7.855823296,8.024433052,8.213672483,8.413910325,8.616020152,8.812316088,8.995633489,9.163782248,9.313042932
1,-4.298399191,-4.52537075,-4.792234441,-5.091237051,-5.415715517,-5.760381946,-6.119256153,-6.484794792,-6.852700675,-7.220571327,-7.592179828,-7.969233121,-8.354832998,-8.742087901,-9.113621841,-9.440958522,-9.696240114,-9.861915794,-9.940080995,-9.949406937,-9.915226301,-9.856985254,-9.781781842,-9.68467573,-9.554153184,-9.379954532,-9.156712924,-8.882491997,-8.555679469,-8.175841881,-7.738940682,-7.248226177,-6.703017573,-6.103785631,-5.451889043,-4.758659541,-4.029781527,-3.268904556,-2.477527426,-1.669950069,-0.88116018,-0.155570371,0.463081603,0.950695217,1.301776068,1.543440418,1.732150692,1.931214683,2.194912762,2.548729198,2.980401085,3.456120201,3.930224539,4.356379797,4.688425052,4.879997735,4.897297891,4.734119715,4.415345838,3.982481529,3.470917013,2.90694989,2.31274449,1.715141675,1.151764318,0.664452836,0.296733104,0.071917972,-0.009021197,0.035117895,0.174003198,0.38108179,0.625416274,0.881220202,1.126483014,1.345069886,1.530309253,1.681926738,1.800340414,1.889928841,1.958185029,2.018372346,2.087672507,2.17756537,2.282018871,2.366711401,2.376846294,2.250339916,1.938818954,1.42195996,0.719942168,-0.112977274,-0.996071414,-1.844756292,-2.586500724,-3.18009579,-3.612486558,-3.892810785,-4.035663704,-4.06099471,-3.979356377
1,14.18017256,13.98569046,13.88681561,13.87374176,13.93347204,14.05248704,14.21748015,14.41577066,14.63645023,14.87284651,15.11500645,15.36026814,15.60201797,15.83369583,16.04692329,16.23208913,16.37906192,16.47903446,16.52627134,16.51740708,16.44845222,16.31570293,16.12739439,15.88409049,15.59253125,15.25982199,14.89500967,14.50987189,14.11834169,13.73526055,13.37646486,13.05768817,12.79274287,12.59116615,12.45781194,12.39424785,12.39988179,12.46047857,12.56573174,12.69544768,12.82524745,12.93379015,12.99513925,12.99059659,12.90550304,12.73483103,12.47943724,12.15603378,11.77247233,11.34909718,10.90344274,10.45125817,10.00445001,9.570331595,9.152143243,8.748145345,8.355089024,7.966197047,7.577590289,7.187743354,6.801469869,6.433088331,6.104387746,5.840480465,5.667034584,5.602287811,5.663946505,5.851703207,6.151063266,6.558188499,7.04403026,7.583958601,8.151480735,8.719345558,9.259075557,9.744055543,10.14540941,10.44913616,10.63780105,10.70511784,10.66819377,10.54222724,10.36257801,10.17035304,10.00307552,9.889219306,9.85265842,9.89172602,10.00904794,10.17962265,10.38292188,10.59443298,10.79113219,10.95732424,11.09053616,11.18534276,11.24813264,11.28280772,11.29371925,11.28577012,11.25215105
1,-7.027370153,-7.038057965,-7.029941444,-7.002317404,-6.957339735,-6.898031466,-6.829722072,-6.757793418,-6.688869788,-6.62875689,-6.581464906,-6.549028814,-6.52979144,-6.519124244,-6.510483733,-6.497548255,-6.471982284,-6.429307448,-6.36668486,-6.2828492,-6.180647505,-6.061582118,-5.92681247,-5.775235021,-5.603590128,-5.411941192,-5.195087591,-4.95573786,-4.696619534,-4.422334878,-4.136597962,-3.841498366,-3.536518306,-3.219196134,-2.885618109,-2.532304145,-2.156995057,-1.760279594,-1.346009217,-0.920017841,-0.487701327,-0.051198652,0.392239176,0.846707591,1.318873453,1.812626754,2.328261696,2.860499752,3.397836394,3.925523238,4.427192068,4.889633687,5.302162816,5.66225078,5.965744937,6.215621089,6.414123056,6.564362868,6.672028392,6.741882857,6.778992424,6.785989153,6.763579074,6.708948369,6.616328438,6.48042508,6.295267814,6.056480194,5.766762303,5.430640783,5.061629615,4.675037398,4.288954254,3.920431097,3.584558695,3.291527149,3.045762028,2.844079259,2.67421134,2.517429015,2.35268152,2.15857525,1.921987994,1.63685134,1.307118419,0.94528914,0.570506422,0.203143073,-0.137982752,-0.438252563,-0.684522375,-0.871272791,-0.994478122,-1.059704213,-1.077716891,-1.065191443,-1.040884137,-1.021836745,-1.025142446,-1.063431207,-1.142490653
1,-6.059149378,-6.063480634,-6.06051942,-6.042930824,-6.029494085,-6.033871028,-6.066057493,-6.132172352,-6.239837623,-6.376715297,-6.535019822,-6.691213655,-6.827748262,-6.930198573,-6.994411923,-7.025211827,-7.039472703,-7.054432875,-7.091412718,-7.159155822,-7.263392888,-7.395772134,-7.543683778,-7.691015858,-7.824374326,-7.932735341,-8.010864329,-8.058698543,-8.078714379,-8.078013439,-8.056442431,-8.013629069,-7.941479104,-7.833735225,-7.682874376,-7.486185555,-7.247442075,-6.974335043,-6.683353811,-6.392967212,-6.114803147,-5.849784741,-5.576723155,-5.27241022,-4.897903544,-4.420029781,-3.818836043,-3.077584383,-2.198035634,-1.192475229,-0.081936712,1.104532378,2.339276512,3.591554665,4.832028249,6.031844302,7.168616273,8.229651789,9.206057668,10.08556805,10.85305586,11.49621334,12.01022586,12.39728037,12.65993078,12.80424383,12.83934325,12.78745043,12.6678316,12.4991684,12.29429751,12.06118048,11.80806314,11.54508688,11.28588069,11.04220289,10.81958619,10.61409426,10.41314262,10.19757351,9.948892468,9.65220933,9.307622391,8.933969037,8.560204532,8.220366963,7.943792873,7.743786635,7.609611437,7.513486733,7.410827345,7.280213107,7.114960501,6.955340431,6.885777035,6.946079077,7.171197901,7.510652538,7.895271451,8.262273466,8.57517042
1,0.630716362,0.705870675,0.631026822,0.413219531,0.064391888,-0.400487489,-0.937600411,-1.517607285,-2.103948728,-2.66750265,-3.187343707,-3.649809967,-4.04754905,-4.375976424,-4.636388055,-4.828065211,-4.951845215,-5.013231456,-5.009794633,-4.958644726,-4.857542572,-4.718514363,-4.550496307,-4.362447058,-4.164279427,-3.96259781,-3.76354489,-3.571554712,-3.388536561,-3.21501161,-3.051756207,-2.896272527,-2.750292797,-2.613638219,-2.48707448,-2.372666821,-2.268998484,-2.178061829,-2.099368238,-2.031085486,-1.969989362,-1.9119786,-1.854829784,-1.795609174,-1.732558756,-1.66488602,-1.591426396,-1.513512552,-1.431179556,-1.346745445,-1.26292065,-1.183334887,-1.112485571,-1.053457605,-1.01086753,-0.987297917,-0.984004778,-1.003202002,-1.037775575,-1.088737122,-1.152541519,-1.232274315,-1.334759943,-1.464144796,-1.629919572,-1.841452809,-2.104227058,-2.431248373,-2.822567371,-3.271638538,-3.760492465,-4.261885967,-4.747813177,-5.195309987,-5.594314969,-5.941812479,-6.2413986,-6.508214456,-6.750741497,-6.986513517,-7.225013788,-7.476126717,-7.745271106,-8.031959825,-8.334542692,-8.648925333,-8.974415062,-9.301620835,-9.637648514,-9.982918177,-10.34324478,-10.72385427,-11.12564214,-11.54250294,-11.95978756,-12.3643917,-12.73363931,-13.05548371,-13.31203741,-13.49485379,-13.60433458
1,3.926578697,4.001953779,4.033016684,4.028038688,4.005479425,3.985587055,3.986824014,4.022314531,4.097141338,4.213372807,4.361020058,4.529558179,4.705440505,4.876468616,5.033956042,5.170063334,5.278209136,5.356189031,5.406989663,5.440538548,5.476884839,5.540129738,5.654869189,5.838194154,6.093434137,6.41528111,6.781165395,7.158074443,7.509938635,7.801513257,8.007060976,8.124594869,8.177143981,8.208767576,8.262827038,8.383567449,8.587666086,8.873321585,9.22814505,9.631188337,10.06696631,10.52385266,10.99917555,11.49246753,12.00673549,12.54329766,13.10160047,13.67671376,14.25857509,14.83972041,15.41972161,16.01141611,16.62691067,17.26939521,17.93242981,18.60355714,19.27201043,19.93339742,20.59200251,21.25762406,21.94247308,22.65124961,23.37954999,24.11185903,24.82692028,25.49943577,26.10459733,26.61993593,27.02397865,27.31047349,27.48563548,27.57141973,27.58966578,27.55408585,27.47275149,27.34989465,27.19350635,27.01260346,26.81090392,26.58860654,26.33644687,26.0484414,25.71501305,25.33500586,24.91755103,24.47619749,24.0342836,23.61266187,23.22855995,22.89031696,22.59666603,22.33665127,22.09502896,21.86499602,21.65146124,21.47073239,21.31941676,21.18558493,21.04517706,20.90196752,20.76565405
1,24.23590654,24.37748625,24.21372603,23.72532124,22.96229141,21.94835616,20.74028654,19.38886616,17.95067006,16.47958533,15.02122249,13.61033379,12.26977359,11.01276501,9.846595251,8.774747453,7.800621155,6.921110002,6.139910231,5.457087274,4.870695418,4.379697292,3.981551873,3.67603232,3.458173753,3.335571411,3.305135664,3.371716459,3.536801796,3.797276203,4.146246387,4.573272098,5.065456718,5.610064273,6.192862891,6.806028043,7.439872273,8.092275664,8.761729337,9.447483426,10.14821358,10.86053236,11.57848054,12.29360783,12.99578755,13.67502668,14.32372184,14.93820594,15.5205888,16.07837397,16.62751737,17.18362638,17.76756414,18.39787923,19.08481797,19.83357771,20.63712504,21.47749538,22.3268628,23.15189359,23.92168169,24.61313504,25.21772708,25.74012494,26.1945254,26.59985414,26.97275731,27.32815425,27.67152511,28.00470585,28.32612562,28.63049254,28.91242647,29.16780298,29.39416828,29.59204258,29.76399974,29.91372986,30.04637973,30.16607211,30.27727491,30.38258279,30.47733542,30.5685768,30.64317968,30.6965106,30.72131162,30.71019516,30.65986095,30.56676693,30.43453013,30.26433955,30.06516012,29.84921795,29.62610786,29.40818014,29.19634489,28.98715015,28.77370464,28.5506903,28.31252199
1,11.19573854,11.03370866,10.87450773,10.89891873,11.09429255,11.43668978,11.47417013,10.43883529,8.47431471,6.948460276,6.716527391,7.217264871,7.660248136,7.985498576,8.714256139,9.890897456,10.78970036,11.14916839,11.36077211,11.54900743,11.38175922,10.91916178,10.73672648,10.57393196,10.39390495,10.31413163,10.16597063,10.06663474,9.986590104,9.979757331,10.0683805,10.04452453,10.12713431,10.43134127,10.74236426,11.04049646,11.13230684,11.09052959,11.14299909,11.35424875,11.60713749,11.57574083,11.21524137,10.75371423,10.34414686,9.904022742,9.578120442,9.925212083,10.19080355,10.23370592,10.41773276,10.35584817,9.608599828,8.828992689,8.471985577,8.339852661,8.243933308,8.510726836,8.969999183,8.999217857,8.928836161,7.701972838,6.958024796,7.543796508,7.877710738,7.468072328,7.12044507,7.266346208,7.312751221,7.123128181,6.831908128,6.66089548,6.152752736,5.28696568,4.884902638,5.035634276,4.854898695,4.069419419,3.835582757,4.78541892,5.445534063,5.618054271,6.135926273,6.115258198,5.712119682,5.178226964,4.67851607,4.366929913,4.28476738,4.570954804,5.136715362,5.963092219,7.077369557,7.862650757,7.762447534,8.152719665,9.166954536,9.3726956,8.338521532,7.553171696,7.911441401
1,-5.538280463,-5.59482424,-5.733451959,-5.904273983,-6.053122647,-6.151801559,-6.206223829,-6.244267034,-6.293555133,-6.368100109,-6.463571806,-6.557099991,-6.611031487,-6.576177764,-6.414309355,-6.133647199,-5.813782835,-5.584706489,-5.552139475,-5.677698479,-5.772063899,-5.687346889,-5.473981006,-5.296739813,-5.228228936,-5.206065672,-5.121580003,-4.918521994,-4.636122578,-4.380259381,-4.239516547,-4.234904686,-4.333228765,-4.476071834,-4.611892633,-4.709083958,-4.75679929,-4.759324267,-4.72893013,-4.683144911,-4.642932552,-4.627356593,-4.643293271,-4.680617143,-4.721417316,-4.751823101,-4.765944342,-4.769486449,-4.775467088,-4.795850148,-4.831886058,-4.877165351,-4.92404657,-4.965056073,-4.995508762,-5.015612678,-5.02657294,-5.027071885,-5.015644248,-4.992096946,-4.958168136,-4.913820483,-4.857109815,-4.785460012,-4.699764385,-4.604564527,-4.504523539,-4.405391028,-4.316020492,-4.247468172,-4.208622403,-4.202861559,-4.226362061,-4.269436552,-4.31941499,-4.36481176,-4.399150232,-4.422183106,-4.436851341,-4.446515233,-4.452337828,-4.453066211,-4.446435792,-4.43194916,-4.411618075,-4.388702159,-4.365680567,-4.343868414,-4.323681501,-4.304931382,-4.288141543,-4.273373027,-4.258923597,-4.241189388,-4.216877369,-4.184322903,-4.142701288,-4.091493239,-4.032199382,-3.969804939,-3.911915515
1,-0.623841124,-0.537318488,-0.474783858,-0.437507574,-0.431262934,-0.438732004,-0.452782001,-0.459255027,-0.447068355,-0.408847915,-0.346223369,-0.26208272,-0.165575778,-0.066739538,0.025468276,0.099543544,0.148290395,0.161768131,0.141902631,0.083594368,-0.00830581,-0.126659975,-0.26018479,-0.397363109,-0.524329489,-0.628935361,-0.703455888,-0.74630413,-0.760313168,-0.757378528,-0.751552662,-0.762222396,-0.804409888,-0.890211647,-1.020766765,-1.19667785,-1.40878712,-1.646161739,-1.893823407,-2.140841015,-2.374381329,-2.585364331,-2.767208136,-2.917907777,-3.036440011,-3.12669183,-3.192796163,-3.24236953,-3.282500972,-3.320246711,-3.36098522,-3.410056795,-3.46800934,-3.533097072,-3.602848487,-3.673755144,-3.742916377,-3.808782748,-3.871442233,-3.932306493,-3.994365311,-4.060333728,-4.132999992,-4.214553819,-4.30572167,-4.406195281,-4.514961227,-4.630599066,-4.751420931,-4.877524027,-5.008202782,-5.146137197,-5.29391464,-5.45166428,-5.621135525,-5.800624807,-5.985438289,-6.168594988,-6.341077563,-6.49354322,-6.61780858,-6.707495289,-6.759596618,-6.774968788,-6.758366167,-6.718306419,-6.664792245,-6.609550757,-6.565001502,-6.540091131,-6.537696813,-6.55828345,-6.599788654,-6.653459806,-6.711072155,-6.765154179,-6.81032813,-6.844588424,-6.865530315,-6.873736103,-6.867756561
