0,-0.465174645,-0.43714495,-0.406861125,-0.374238458,-0.339284705,-0.301931467,-0.262184099,-0.21999651,-0.17531072,-0.128140198,-0.07844223,-0.026239222,0.028526879,0.085820375,0.145603257,0.20786495,0.272620633,0.339800292,0.409351717,0.481161322,0.555213485,0.631401125,0.709628068,0.789786443,0.871725726,0.95534956,1.040495976,1.12701554,1.214732096,1.303462811,1.393030133,1.483250738,1.573898392,1.6648185,1.755772554,1.84653671,1.936872944,2.026616445,2.115533068,2.203359737,2.289902232,2.374983463,2.458365455,2.539805264,2.619162152,2.696192246,2.770752305,2.842640804,2.911730278,2.977829327,3.040841858,3.10058131,3.156968148,3.209896242,3.259283267,3.305061098,3.347142538,3.385531067,3.42020033,3.451103527,3.478280736,3.501735562,3.521474706,3.537647707,3.550240883,3.559369306,3.565065471,3.567504694,3.566831019,3.563113003,3.556489816,3.547133313,3.535238131,3.52095068,3.504417338,3.485848819,3.46541124,3.4433257,3.419776283,3.394918086,3.369003641,3.342177911,3.314668824,3.286647046,3.258285584,3.229759398,3.201284828,3.172992662,3.145037488,3.117591376,3.090739303,3.064649258,3.039453065,3.015226342,2.992027979,2.969971962,2.949135555,2.929546357,2.911241582,2.894241651,2.878543427
0,-7.259559029,-7.27727523,-7.298022818,-7.321582816,-7.347784564,-7.376381232,-7.407166051,-7.439917314,-7.474352238,-7.510294058,-7.547459601,-7.585622476,-7.624519259,-7.663897331,-7.703507371,-7.743131216,-7.782482953,-7.821342214,-7.859452361,-7.896581086,-7.932499082,-7.967023471,-7.999875479,-8.030879508,-8.05981191,-8.086507834,-8.110778614,-8.13246699,-8.151424429,-8.167534714,-8.18057003,-8.1906126,-8.197520765,-8.201201466,-8.201600148,-8.198748231,-8.192701001,-8.183399511,-8.170926329,-8.155441413,-8.136990217,-8.115722533,-8.091777009,-8.065363024,-8.036686311,-8.005974524,-7.973479833,-7.939434097,-7.90418137,-7.867961312,-7.831116541,-7.793944229,-7.756771699,-7.719931218,-7.683734581,-7.648507576,-7.614555835,-7.58217138,-7.551699675,-7.52332336,-7.497376604,-7.474055857,-7.453656561,-7.43622465,-7.422002079,-7.411128383,-7.403731041,-7.399838357,-7.399529248,-7.40276274,-7.409618333,-7.419945157,-7.433709953,-7.450708428,-7.470986119,-7.494241174,-7.520325737,-7.548994099,-7.580029065,-7.613201526,-7.648201117,-7.684755892,-7.722552419,-7.761301752,-7.800671923,-7.840339492,-7.879990797,-7.919318207,-7.95801287,-7.99571703,-8.032191715,-8.067121727,-8.100247148,-8.131309828,-8.160106525,-8.186428845,-8.210020746,-8.230867138,-8.248667356,-8.263508321,-8.275199744
0,-4.835198889,-4.804268279,-4.774542574,-4.746082884,-4.718986994,-4.693275162,-4.669005299,-4.646227055,-4.624959181,-4.605231528,-4.587060849,-4.570411856,-4.555336258,-4.541800541,-4.529787111,-4.519272544,-4.510210307,-4.502575675,-4.49631255,-4.491354792,-4.487728601,-4.485213263,-4.483871487,-4.48360517,-4.484298755,-4.485908312,-4.48835667,-4.491535809,-4.495402767,-4.499845394,-4.504775865,-4.510123728,-4.515809505,-4.521748428,-4.527873801,-4.534103118,-4.540370263,-4.546615236,-4.55274801,-4.558741539,-4.564541627,-4.570058873,-4.575285959,-4.580221625,-4.584754593,-4.588906683,-4.592664429,-4.595984392,-4.59888772,-4.601347531,-4.603352011,-4.604945544,-4.60612308,-4.606876893,-4.607251201,-4.607295879,-4.606995308,-4.606376677,-4.605501954,-4.60441157,-4.603111832,-4.601677955,-4.600128332,-4.598531297,-4.596918702,-4.595339279,-4.593832983,-4.592474797,-4.591280554,-4.590317334,-4.589634347,-4.589264991,-4.589310962,-4.58971514,-4.590606702,-4.592015816,-4.593960995,-4.596503996,-4.599667828,-4.603494468,-4.608025166,-4.613295079,-4.619332919,-4.626172896,-4.633818324,-4.642338744,-4.651674775,-4.661938697,-4.673089122,-4.685152317,-4.698152452,-4.712083645,-4.726960667,-4.742782996,-4.759544555,-4.777260366,-4.795910381,-4.815487892,-4.835999719,-4.857426852,-4.879749551
0,-2.202861758,-2.185967941,-2.170381319,-2.156058351,-2.143212825,-2.131894768,-2.122091109,-2.11394976,-2.107525986,-2.102882282,-2.100103061,-2.099220117,-2.100330751,-2.103490052,-2.108701201,-2.116060621,-2.1255496,-2.13720694,-2.151031742,-2.167083389,-2.185267498,-2.205618109,-2.228058403,-2.252558859,-2.279046178,-2.307455662,-2.337693968,-2.369636108,-2.40323722,-2.438307101,-2.474756281,-2.512416407,-2.551215329,-2.590900144,-2.631422057,-2.67261046,-2.714265243,-2.756265165,-2.798473427,-2.840681713,-2.882800782,-2.924657723,-2.966110196,-3.007008308,-3.04722525,-3.08662337,-3.125096442,-3.162484626,-3.198707751,-3.233649321,-3.267233004,-3.299326032,-3.329855546,-3.3587899,-3.38602954,-3.411540659,-3.435256356,-3.457162494,-3.477202122,-3.49545639,-3.51179619,-3.5263208,-3.53903239,-3.549921229,-3.559056004,-3.566491039,-3.572271946,-3.576429397,-3.579116936,-3.580348764,-3.580267864,-3.578917783,-3.576459855,-3.572982564,-3.568629902,-3.563508101,-3.557737737,-3.551457054,-3.544807247,-3.537924872,-3.530931893,-3.524011707,-3.517232825,-3.510781451,-3.504747268,-3.499312261,-3.494516448,-3.490552824,-3.487479329,-3.485452699,-3.484495376,-3.484724759,-3.486238677,-3.489071977,-3.493325299,-3.498994215,-3.506159142,-3.514830783,-3.525059516,-3.5367798,-3.550036654
0,-1.148925279,-1.153589016,-1.182511026,-1.207457567,-1.211929566,-1.202109327,-1.190400404,-1.177968092,-1.150356164,-1.09689728,-1.009287133,-0.887923968,-0.747469205,-0.619028395,-0.524722719,-0.46520132,-0.429895441,-0.415530171,-0.40592455,-0.377480947,-0.306307807,-0.181701916,-0.028194898,0.110408561,0.218017175,0.29371945,0.356058033,0.410288276,0.464105057,0.524651624,0.593140937,0.66516515,0.740157613,0.832195155,0.94924572,1.095070795,1.254760551,1.408375926,1.541216133,1.645090646,1.724014262,1.789236021,1.853490162,1.921871119,1.992039074,2.061693808,2.130711337,2.20103676,2.278461922,2.36238273,2.439742677,2.510464252,2.580240287,2.652794357,2.71893207,2.774747074,2.82117585,2.860575258,2.895120551,2.922840888,2.943513626,2.965562162,3.005569955,3.049065459,3.081870857,3.101055956,3.111487001,3.117612323,3.119222921,3.117355393,3.115743269,3.116705303,3.115252885,3.103582631,3.0813544,3.051383215,3.014442345,2.969720637,2.916273811,2.855419427,2.789741907,2.723308667,2.660303221,2.602104227,2.549142133,2.49833894,2.446438726,2.392867478,2.33967442,2.288760409,2.243374051,2.206384769,2.175891604,2.147373244,2.117026298,2.084192241,2.04887366,2.012387832,1.974508319,1.93337479,1.888813533
0,4.986580871,4.958709405,4.928852702,4.897111909,4.863441048,4.82796579,4.79074152,4.751802253,4.711238417,4.669085631,4.625443067,4.580373383,4.533954156,4.486250004,4.437341399,4.387285224,4.336167849,4.284088582,4.23112979,4.17734332,4.122825764,4.067668223,4.011932971,3.955726867,3.899115551,3.842186525,3.785044042,3.727761989,3.670418791,3.613092528,3.555882327,3.49887827,3.442142663,3.385764992,3.329837343,3.274434302,3.219633092,3.165507101,3.112129433,3.059584609,3.007938423,2.957266239,2.907615806,2.859081173,2.81171852,2.765579436,2.720711228,2.677162444,2.635020926,2.594322424,2.555077127,2.517334962,2.481171393,2.446569341,2.413619435,2.382219916,2.352522384,2.324490667,2.298143397,2.273480291,2.250504836,2.229256214,2.20962094,2.191715527,2.175449979,2.160806829,2.147787607,2.136371845,2.126545346,2.118238895,2.111419166,2.10606102,2.102117927,2.099549957,2.098309267,2.098333092,2.099569774,2.102007511,2.105557032,2.110109608,2.11572508,2.122265973,2.129716875,2.137981744,2.147005139,2.156775272,2.167238026,2.17825123,2.189852827,2.20198539,2.21457945,2.227583766,2.24099013,2.254739494,2.26878184,2.283101924,2.297687846,2.312500073,2.327515419,2.342726269,2.358124718
0,1.284146582,1.303469946,1.328841895,1.360219217,1.397916546,1.44114132,1.49072083,1.546356013,1.608079091,1.675905483,1.749855415,1.829947211,1.916172664,2.008490456,2.106883413,2.211270012,2.321490955,2.437451814,2.55895312,2.68577558,2.817621272,2.954184166,3.095097395,3.239953931,3.388294727,3.539640855,3.693503781,3.849349479,4.006665316,4.164892842,4.323512302,4.482011978,4.639885567,4.796669935,4.95192777,5.105250144,5.256279862,5.404673871,5.550174913,5.692537477,5.831548792,5.967045453,6.098907335,6.227045591,6.35139264,6.471935493,6.588675743,6.701631465,6.810863568,6.916457367,7.01850017,7.117118143,7.212429459,7.304561058,7.393670851,7.479912677,7.563446304,7.644428617,7.722999728,7.799318874,7.873516054,7.945743781,8.016029032,8.084701148,8.151650118,8.21708752,8.281065114,8.343705029,8.405078746,8.465269264,8.524351356,8.58239006,8.639452851,8.695585101,8.750839332,8.805250119,8.858803285,8.911512137,8.963341787,9.014249663,9.064186148,9.113055251,9.160773298,9.207239775,9.252341303,9.295982608,9.338028281,9.37838446,9.416946689,9.453616153,9.488303941,9.520941996,9.55145596,9.579812399,9.605957394,9.62987746,9.651558733,9.671006965,9.688242326,9.703298622,9.716237683
0,-2.532195889,-2.534274821,-2.536327222,-2.538264719,-2.540028378,-2.541533473,-2.542691499,-2.543411036,-2.543597155,-2.543177573,-2.542048005,-2.540119771,-2.53730728,-2.533536492,-2.528778636,-2.522917367,-2.515933254,-2.507791908,-2.498443859,-2.487892317,-2.476144455,-2.463197252,-2.449062979,-2.433803096,-2.417413814,-2.40001165,-2.381603683,-2.362331965,-2.342219066,-2.321367548,-2.299885068,-2.277892621,-2.255450136,-2.232725281,-2.2098137,-2.186832315,-2.163879455,-2.141136331,-2.118674302,-2.096647645,-2.075154049,-2.054305464,-2.03425166,-2.015069689,-1.996890912,-1.979757186,-1.96374672,-1.94896407,-1.935446317,-1.923220536,-1.912291941,-1.902698482,-1.894413707,-1.887422169,-1.88167992,-1.877127064,-1.873682372,-1.871275691,-1.869829445,-1.869209054,-1.869312524,-1.87003047,-1.871238878,-1.872820997,-1.874635195,-1.876543406,-1.878460473,-1.880258612,-1.881851875,-1.883100665,-1.883918421,-1.884247796,-1.883982629,-1.883114926,-1.881535967,-1.879278411,-1.876316945,-1.872615484,-1.86822541,-1.863150103,-1.857460073,-1.851171436,-1.844357709,-1.837194086,-1.829613008,-1.821790004,-1.813820852,-1.805799561,-1.797814424,-1.789995244,-1.782434483,-1.775234908,-1.768471192,-1.762277934,-1.756697723,-1.751843433,-1.747790466,-1.744571536,-1.742247285,-1.740888817,-1.740498968
0,-1.332582625,-1.326712147,-1.320730229,-1.31469847,-1.308753945,-1.303015464,-1.297574972,-1.292548361,-1.28805396,-1.284236008,-1.281129406,-1.278919667,-1.277685086,-1.277505295,-1.27851114,-1.280738303,-1.284321034,-1.289292637,-1.295711345,-1.303635419,-1.313089249,-1.324111414,-1.33668716,-1.350852349,-1.366558704,-1.383771714,-1.402492965,-1.42266196,-1.444213728,-1.467096357,-1.491221039,-1.516503911,-1.542851529,-1.570177395,-1.598358361,-1.627308968,-1.656924478,-1.687062668,-1.717667277,-1.748584894,-1.779703485,-1.810930852,-1.8421633,-1.873269069,-1.904179488,-1.934780037,-1.964974847,-1.994679995,-2.023807938,-2.052276737,-2.08000433,-2.106940357,-2.132996991,-2.158135682,-2.182281226,-2.20538791,-2.227425642,-2.24832685,-2.268115111,-2.286700418,-2.304083932,-2.32023732,-2.335163314,-2.348862289,-2.361281902,-2.372463975,-2.382402753,-2.391114739,-2.39860305,-2.404898241,-2.410016513,-2.414000802,-2.416856088,-2.418621042,-2.419384351,-2.419145372,-2.417938788,-2.415832223,-2.412878368,-2.409110023,-2.404585435,-2.399342701,-2.393442142,-2.386964541,-2.379902244,-2.372335759,-2.364330235,-2.355922997,-2.347157498,-2.338089754,-2.328772309,-2.31923316,-2.309520521,-2.299685154,-2.28975524,-2.279791153,-2.26976982,-2.25977009,-2.249789281,-2.239860734,-2.229984813
0,1.372931153,1.390056211,1.411780018,1.437825137,1.468156296,1.502540011,1.540772029,1.582569795,1.627724432,1.675916652,1.726891438,1.780336769,1.835938631,1.893353001,1.952291272,2.012438446,2.073448195,2.135035088,2.196821595,2.258588773,2.319991806,2.380758697,2.440599009,2.499270792,2.556531109,2.612145059,2.665913012,2.717599481,2.767071161,2.814151027,2.858713147,2.900600207,2.939816303,2.976181033,3.009674334,3.04035416,3.068107003,3.09299994,3.11508523,3.134404523,3.151049439,3.165105526,3.17670491,3.185990246,3.193085224,3.198155775,3.201384169,3.20293168,3.203003616,3.201749089,3.199392399,3.196131367,3.192124413,3.187791482,3.182959833,3.178052631,3.173204968,3.168624285,3.16443938,3.160840351,3.157958401,3.155951256,3.154942963,3.155031203,3.156348362,3.158940837,3.162901749,3.168266284,3.175095257,3.183362828,3.19314106,3.204341946,3.21694481,3.230990941,3.246282529,3.262833331,3.280518082,3.299237618,3.318891777,3.339310612,3.360389156,3.381940009,3.403836434,3.425865965,3.447879203,3.469702448,3.491144316,3.512034217,3.532179513,3.551414871,3.569595025,3.58652081,3.602071712,3.616115317,3.628508338,3.639167564,3.647998742,3.654928236,3.659880875,3.662893307,3.663931979
0,1.69413295,1.710750825,1.727963607,1.745962794,1.764867786,1.784803409,1.805920185,1.828361806,1.852238502,1.87768508,1.904834037,1.933787643,1.964621413,1.997426244,2.03227056,2.069139706,2.108099168,2.149137911,2.192239946,2.237363958,2.284393816,2.333346441,2.384027824,2.436375843,2.49027963,2.545542275,2.602079109,2.659672221,2.718223739,2.777498483,2.837403731,2.897738138,2.958347506,3.01908785,3.079793502,3.140343711,3.200636514,3.260493963,3.319844203,3.378607984,3.436685117,3.49402353,3.550521157,3.606175205,3.660922938,3.714751514,3.767663699,3.819597833,3.870589487,3.920624897,3.969717161,4.017878192,4.065130807,4.111488828,4.156931162,4.201532103,4.245283655,4.288196456,4.330294352,4.371591722,4.412073795,4.451796619,4.490746044,4.528941053,4.56636913,4.603044199,4.638992611,4.674219891,4.708696958,4.742451923,4.775504098,4.807833737,4.839482183,4.870407384,4.900661865,4.930234631,4.959137484,4.987345787,5.014936902,5.041858807,5.068140403,5.093770753,5.118753893,5.143070327,5.166726978,5.189722209,5.212016524,5.233607824,5.254447569,5.274546123,5.293803664,5.312232675,5.32977279,5.346361249,5.361943459,5.376477486,5.389889534,5.40211884,5.413111728,5.42279133,5.431077139
0,6.040889123,6.061743671,6.083973887,6.107482479,6.132130372,6.15779507,6.184333546,6.211625881,6.239527837,6.267884919,6.296510089,6.325344167,6.35417285,6.382867581,6.411266825,6.439268775,6.46669729,6.493347033,6.519273699,6.544175997,6.567982222,6.590586828,6.611862003,6.631724324,6.650061244,6.666785072,6.68182095,6.695086498,6.70652031,6.716078454,6.723690251,6.72936182,6.733025659,6.734677463,6.734326781,6.731960005,6.727622747,6.721311139,6.71307718,6.702970703,6.690993168,6.677298289,6.661922301,6.644924676,6.626420098,6.606442402,6.58522896,6.562797938,6.539256196,6.51474732,6.489392866,6.463326876,6.436690371,6.409615428,6.382233354,6.354673529,6.327086908,6.299603547,6.272378629,6.245535214,6.219208892,6.193524831,6.168608992,6.144563741,6.121528395,6.099595522,6.078861991,6.059415479,6.041341398,6.024715645,6.009604743,5.99606702,5.984075045,5.973737854,5.965052069,5.958042709,5.952664087,5.948972125,5.946915223,5.946462309,5.947578725,5.950217516,5.954322414,5.959830144,5.966667288,5.974742811,5.984004471,5.994353581,6.005698029,6.017895848,6.030910557,6.044602329,6.058882707,6.073649642,6.088826747,6.104322313,6.119965519,6.135776154,6.151629024,6.167445602,6.183172759
0,-3.508369945,-3.523881657,-3.538193893,-3.551329682,-3.563319944,-3.574260156,-3.584156949,-3.593066489,-3.601061051,-3.608217378,-3.614598588,-3.620279764,-3.625312026,-3.629875917,-3.633913784,-3.637588046,-3.640976514,-3.644125798,-3.647156881,-3.65013359,-3.65311267,-3.656173408,-3.659371464,-3.662773283,-3.666407723,-3.670346982,-3.674618766,-3.679241486,-3.684234475,-3.68962743,-3.695412734,-3.701585446,-3.708118553,-3.714977439,-3.722187478,-3.72968866,-3.737403345,-3.745333479,-3.753399119,-3.761540253,-3.769695234,-3.777779715,-3.785771793,-3.793561244,-3.801056005,-3.808203814,-3.814944716,-3.821175459,-3.826850892,-3.831880989,-3.836210659,-3.839787071,-3.842525469,-3.844378141,-3.845293912,-3.84524506,-3.844167082,-3.842037673,-3.838810905,-3.834460994,-3.828983572,-3.822340911,-3.814533139,-3.805508139,-3.795283527,-3.783879053,-3.77127553,-3.757497739,-3.742540347,-3.726442781,-3.709213826,-3.690871564,-3.671511168,-3.65110102,-3.629721339,-3.607409214,-3.58423576,-3.560280139,-3.535576814,-3.510199647,-3.484233722,-3.457782825,-3.430870388,-3.403648541,-3.376163409,-3.348539696,-3.320872406,-3.293235443,-3.265758877,-3.238519484,-3.211638982,-3.185228202,-3.159366002,-3.134162156,-3.109700055,-3.086081847,-3.063435982,-3.041775875,-3.02121438,-3.001811859,-2.98364749
0,-2.122831557,-2.12896098,-2.128116414,-2.119859143,-2.104695699,-2.082571464,-2.053693642,-2.018564286,-1.977175025,-1.929806513,-1.876713496,-1.81833626,-1.754993035,-1.686973946,-1.614682536,-1.538506645,-1.458834958,-1.376114612,-1.290766232,-1.203206471,-1.113891192,-1.023275162,-0.931835831,-0.840029543,-0.748317805,-0.657122506,-0.566948452,-0.478253784,-0.391478111,-0.307026381,-0.225325708,-0.146821987,-0.071901265,-0.000899659,0.065825191,0.127932842,0.185193136,0.23721894,0.283802546,0.324839377,0.360055949,0.389229878,0.412532698,0.429780351,0.440662725,0.445639735,0.444290112,0.437165913,0.423883132,0.405013483,0.3805962,0.350671362,0.315642572,0.27576292,0.23125911,0.182411741,0.129584465,0.073158562,0.013424665,-0.049268643,-0.114553073,-0.182030158,-0.251381031,-0.322197287,-0.394137648,-0.466901651,-0.540119241,-0.613433913,-0.686589189,-0.759275801,-0.83122674,-0.902216477,-0.971969865,-1.040256651,-1.106935603,-1.171856007,-1.234822569,-1.295748661,-1.354543809,-1.411125725,-1.465428216,-1.517430452,-1.567090533,-1.614438031,-1.659493285,-1.702246209,-1.742768257,-1.781098166,-1.817288745,-1.85142452,-1.883572416,-1.913804976,-1.942161606,-1.968729147,-1.993578627,-2.016834178,-2.038450361,-2.058530154,-2.077097045,-2.094171598,-2.109765608
0,1.033651226,1.025488195,1.017118712,1.008440477,0.999579633,0.99036283,0.980747428,0.970715215,0.960142136,0.948982002,0.937171998,0.924540254,0.911015198,0.896490818,0.880865107,0.864030254,0.845867323,0.82628411,0.805151638,0.782371674,0.757877099,0.731572474,0.703360283,0.673173833,0.640960147,0.606674293,0.57027077,0.531725725,0.491025266,0.448177047,0.403197361,0.356110014,0.306972406,0.255824018,0.202750701,0.147857287,0.09123061,0.032987672,-0.026741599,-0.087827575,-0.150097456,-0.213411621,-0.277568393,-0.342414205,-0.407752023,-0.473407191,-0.539173051,-0.604843839,-0.670228995,-0.735141694,-0.799399663,-0.862786844,-0.925075162,-0.986141916,-1.045791537,-1.103837216,-1.160146036,-1.21452268,-1.266852146,-1.316987982,-1.36483244,-1.410251833,-1.453142803,-1.49346707,-1.531107177,-1.566043137,-1.598203027,-1.627569246,-1.654137384,-1.6779396,-1.698982309,-1.717253594,-1.732887618,-1.74584448,-1.756298753,-1.764361776,-1.770075528,-1.773493041,-1.774830206,-1.774321225,-1.771947798,-1.767946499,-1.762473604,-1.755728608,-1.747889544,-1.739109137,-1.729586329,-1.719517725,-1.709071953,-1.698478342,-1.68786626,-1.677433322,-1.66735818,-1.657801911,-1.648918419,-1.640837598,-1.633715309,-1.627595001,-1.622698122,-1.619066947,-1.616797032
0,-1.03298417,-1.043382888,-1.055159209,-1.068470541,-1.083365923,-1.099967105,-1.118410829,-1.138788772,-1.161232888,-1.185865385,-1.212777526,-1.242101537,-1.273947354,-1.308420652,-1.345607909,-1.385614248,-1.428535323,-1.474419254,-1.523330146,-1.575337306,-1.63045697,-1.688720356,-1.750129536,-1.814663034,-1.882301822,-1.952987827,-2.026668332,-2.103253659,-2.182640811,-2.264716584,-2.349341067,-2.436366298,-2.525646602,-2.616981385,-2.710195017,-2.805068001,-2.901403778,-2.998982487,-3.097586121,-3.19698341,-3.296923235,-3.397199338,-3.497563351,-3.597777497,-3.697631548,-3.79689351,-3.895346519,-3.992768919,-4.088964944,-4.183734708,-4.27690491,-4.368270925,-4.457693095,-4.544995007,-4.630043408,-4.712695153,-4.792850772,-4.870392538,-4.945218365,-5.017248992,-5.086430536,-5.152700127,-5.216019488,-5.276364513,-5.333708419,-5.388058449,-5.439404858,-5.487796395,-5.533259711,-5.575746557,-5.615491704,-5.652421491,-5.686642429,-5.718235653,-5.747284562,-5.77389004,-5.798156457,-5.820185677,-5.840096259,-5.857994376,-5.874000169,-5.888269876,-5.900885158,-5.911983848,-5.921680857,-5.930109084,-5.937376971,-5.943595175,-5.948870245,-5.953314607,-5.957021837,-5.960074556,-5.962559675,-5.964517446,-5.966071645,-5.967217709,-5.968019307,-5.96850744,-5.968724839,-5.968650428,-5.968301073
0,0.203546023,0.204202775,0.20222515,0.197583859,0.190253563,0.18013212,0.167216625,0.151406614,0.132630998,0.110823637,0.085844841,0.057737734,0.026341668,-0.008432685,-0.046611017,-0.088253735,-0.133439265,-0.182185253,-0.234515183,-0.290456951,-0.349986295,-0.413086028,-0.479710943,-0.549803177,-0.623257472,-0.699993085,-0.779899654,-0.862815988,-0.948604691,-1.037099153,-1.128121602,-1.221445855,-1.316910363,-1.41426321,-1.513273327,-1.613715826,-1.715365144,-1.817955276,-1.921246534,-2.024994198,-2.128960143,-2.232885894,-2.336511342,-2.439591121,-2.541946489,-2.643286184,-2.743382746,-2.84204591,-2.939044741,-3.034194193,-3.127270256,-3.218096287,-3.306487845,-3.392292124,-3.475338797,-3.555494293,-3.632616197,-3.706561847,-3.777270711,-3.844636922,-3.908552963,-3.968965974,-4.025821435,-4.079103752,-4.128774269,-4.174860992,-4.217345776,-4.25627441,-4.291704417,-4.323686588,-4.352310974,-4.377613695,-4.399809043,-4.418910448,-4.435167241,-4.448642182,-4.459512045,-4.468008009,-4.474298888,-4.478506472,-4.48093266,-4.481732873,-4.481149663,-4.479394302,-4.476647365,-4.473201288,-4.469208854,-4.464936976,-4.46054644,-4.456222545,-4.452189998,-4.448624375,-4.445660779,-4.443448617,-4.44207994,-4.441722489,-4.442421393,-4.444241596,-4.447216723,-4.451390934,-4.45672415
0,-0.578297462,-0.592284549,-0.607840177,-0.62509004,-0.644180662,-0.665310259,-0.688605851,-0.714267896,-0.742443288,-0.773333763,-0.807079937,-0.843904346,-0.883933033,-0.927335963,-0.974294642,-1.024906308,-1.07934182,-1.137707751,-1.200132276,-1.266683703,-1.337451658,-1.41246998,-1.491810694,-1.575456242,-1.663406742,-1.755659727,-1.852125712,-1.952753861,-2.057454678,-2.166097025,-2.278521838,-2.394599169,-2.514104979,-2.636864651,-2.76262109,-2.891170911,-3.02223283,-3.155510413,-3.290751643,-3.427644147,-3.56586636,-3.705108283,-3.845052258,-3.985348456,-4.125667144,-4.265681944,-4.405074998,-4.543480979,-4.680601842,-4.816117169,-4.949701968,-5.081069619,-5.209924084,-5.335995456,-5.4590276,-5.578770761,-5.69498421,-5.807492528,-5.916059626,-6.020579005,-6.120852421,-6.21676096,-6.308178734,-6.395041779,-6.477304325,-6.554890878,-6.627765192,-6.695957416,-6.759463698,-6.818319058,-6.872626883,-6.922405356,-6.967794076,-7.008898776,-7.045864501,-7.078839261,-7.107962011,-7.133435273,-7.155452086,-7.174223029,-7.18995377,-7.202853101,-7.213170548,-7.22112136,-7.226964746,-7.230896775,-7.233140814,-7.233972577,-7.233570201,-7.232160297,-7.229955462,-7.22715234,-7.223959825,-7.220532834,-7.217039549,-7.213629977,-7.210454139,-7.207635197,-7.205298004,-7.203510596,-7.202409006
0,0.213285628,0.244703451,0.272293358,0.296330266,0.316708841,0.333370097,0.346383088,0.355770267,0.361369043,0.363484158,0.361800971,0.356640775,0.347869149,0.335486796,0.31954206,0.300133551,0.277209164,0.250788043,0.220918271,0.187571563,0.150979743,0.110931116,0.067554024,0.020928627,-0.028936913,-0.082021824,-0.138238832,-0.197543813,-0.259878972,-0.325176042,-0.393358606,-0.464365659,-0.538085569,-0.614433261,-0.693304616,-0.774613142,-0.858227988,-0.944026505,-1.031893526,-1.121684895,-1.213277936,-1.306533761,-1.401279973,-1.497386,-1.59463637,-1.692890348,-1.791999503,-1.891747598,-1.991972691,-2.092497387,-2.193113414,-2.293626722,-2.39385416,-2.493593198,-2.592676783,-2.690907699,-2.788066204,-2.88398872,-2.97851032,-3.071426856,-3.162587516,-3.251824335,-3.338940919,-3.42382849,-3.506355521,-3.586344047,-3.663682655,-3.73828048,-3.810018738,-3.87879189,-3.94453165,-4.007169294,-4.066646652,-4.122925907,-4.176004481,-4.225835859,-4.272389803,-4.315684973,-4.355837261,-4.392794037,-4.426627376,-4.457242436,-4.485031369,-4.509898909,-4.531925089,-4.551161821,-4.567825612,-4.581988281,-4.593733623,-4.603208577,-4.610639166,-4.615972014,-4.61940732,-4.621169701,-4.621246673,-4.619883568,-4.617113778,-4.613056824,-4.607881494,-4.601628006,-4.594411127
0,-0.886915101,-0.900633558,-0.915117479,-0.93015889,-0.945745572,-0.961746837,-0.978131516,-0.994899128,-1.012054013,-1.02965227,-1.047762854,-1.066480702,-1.085992139,-1.106407274,-1.127933292,-1.150826862,-1.175255874,-1.201507081,-1.229918622,-1.260465208,-1.293786944,-1.329936212,-1.36921379,-1.411855985,-1.458138037,-1.508292972,-1.562460977,-1.62086349,-1.68362502,-1.750898426,-1.822756199,-1.899268358,-1.980439892,-2.066269523,-2.156730932,-2.251749878,-2.351187859,-2.454879445,-2.562641488,-2.674243259,-2.789440663,-2.907927592,-3.029372896,-3.153430243,-3.279718487,-3.407845036,-3.537353745,-3.667813486,-3.798801882,-3.929893766,-4.060622292,-4.1905284,-4.319167208,-4.446119421,-4.570973883,-4.693317554,-4.812772744,-4.929004049,-5.041687985,-5.150490565,-5.255141947,-5.355414453,-5.451110254,-5.542045445,-5.628068087,-5.709071924,-5.78498179,-5.855751226,-5.921351461,-5.9817955,-6.037108943,-6.087372934,-6.132678989,-6.173118318,-6.208812936,-6.239947676,-6.266639316,-6.289134437,-6.307633453,-6.322239925,-6.333377591,-6.341076432,-6.345633789,-6.347288265,-6.346423801,-6.343123409,-6.337717511,-6.330450718,-6.321539082,-6.311234685,-6.299812657,-6.287454461,-6.274387909,-6.260772734,-6.246816067,-6.232736488,-6.218667939,-6.204739173,-6.191108041,-6.17785895,-6.165101685
1,-7.391200456,-7.354974468,-7.317969327,-7.280334868,-7.242254821,-7.203925976,-7.165532267,-7.127259932,-7.089375247,-7.052083912,-7.015613136,-6.980182771,-6.946018334,-6.913297096,-6.882199834,-6.852879583,-6.825546169,-6.80012549,-6.776792369,-6.755558928,-6.736430157,-6.719363779,-6.704361797,-6.691273231,-6.680097754,-6.67069374,-6.662976778,-6.656840473,-6.652232048,-6.649032994,-6.647206755,-6.646695413,-6.647484449,-6.649550342,-6.652914163,-6.657569831,-6.663577171,-6.670994328,-6.679885925,-6.6903614,-6.702424017,-6.7162639,-6.731921787,-6.749495779,-6.76905475,-6.790638773,-6.814301059,-6.840026356,-6.867800985,-6.897725309,-6.929323039,-6.96292359,-6.998209504,-7.035063275,-7.073297634,-7.112788064,-7.153311213,-7.194710842,-7.236795815,-7.279401441,-7.322375757,-7.365582535,-7.408881544,-7.452170392,-7.495375021,-7.53842322,-7.581260081,-7.623889079,-7.666270647,-7.708408336,-7.750317454,-7.792020865,-7.833507949,-7.874814449,-7.915927357,-7.956836249,-7.99755544,-8.038063176,-8.078345256,-8.11837375,-8.158117442,-8.197491849,-8.236530396,-8.27512649,-8.313209995,-8.350706047,-8.387544472,-8.423614756,-8.458840807,-8.493069529,-8.526327017,-8.558487737,-8.589471547,-8.619253326,-8.647808457,-8.675153381,-8.701315755,-8.726356192,-8.750329398,-8.773332209,-8.795470603
1,-3.661093992,-3.616779593,-3.561918654,-3.496856577,-3.42221226,-3.338782684,-3.247517145,-3.149525081,-3.045908842,-2.937967252,-2.826985343,-2.71422197,-2.60105647,-2.488658265,-2.37828439,-2.271013473,-2.167832598,-2.069691393,-1.977286459,-1.891269171,-1.812095568,-1.740040268,-1.675284219,-1.617867846,-1.567632641,-1.524315978,-1.487593343,-1.457007435,-1.43201526,-1.412001445,-1.396396695,-1.384536899,-1.375855981,-1.369707674,-1.365552863,-1.362862079,-1.361281386,-1.360367485,-1.359887607,-1.359579727,-1.359314022,-1.358975411,-1.358491113,-1.357918386,-1.357218485,-1.356403564,-1.355539815,-1.354722334,-1.353948314,-1.353337239,-1.352937802,-1.352799262,-1.352921974,-1.353355324,-1.35406751,-1.35494821,-1.355902099,-1.356832641,-1.357470402,-1.357698301,-1.357294483,-1.356019866,-1.353604786,-1.349867439,-1.344566159,-1.337469765,-1.328315231,-1.316899179,-1.302975103,-1.286347693,-1.266785981,-1.244142253,-1.218257651,-1.189025381,-1.15635564,-1.120252016,-1.080691762,-1.037752665,-0.991518039,-0.942165486,-0.889841406,-0.834755145,-0.777204044,-0.717456438,-0.65586709,-0.592799302,-0.528631848,-0.463815713,-0.398779762,-0.333989063,-0.269924667,-0.20703101,-0.145820824,-0.086757731,-0.030277946,0.023197285,0.073285159,0.119630973,0.161943374,0.20000442,0.233647767
1,2.490724363,2.515945439,2.538555512,2.558537566,2.575824033,2.590264818,2.60216315,2.61108295,2.61733944,2.620707317,2.621303106,2.619114125,2.614137081,2.606464936,2.596053301,2.582982741,2.567270218,2.548980061,2.528197458,2.504924982,2.479262355,2.451268945,2.421012366,2.388595042,2.354050382,2.317497853,2.279003649,2.238658402,2.196549524,2.152765946,2.107390578,2.060529451,2.012281285,1.962727628,1.911961936,1.860096366,1.807205315,1.753382343,1.698733424,1.643326236,1.587262235,1.530640118,1.473511979,1.415976946,1.358092687,1.299954498,1.241620289,1.183158712,1.124627031,1.066094425,1.007603267,0.949214294,0.890992579,0.832962361,0.775176319,0.717695852,0.660535618,0.603751081,0.547384081,0.49146494,0.436055478,0.381165355,0.326847233,0.273135094,0.22006807,0.167690434,0.116023444,0.065115263,0.015009473,-0.034264651,-0.082673567,-0.130179112,-0.176740263,-0.222323757,-0.26690082,-0.310451656,-0.352932138,-0.394327615,-0.434611353,-0.473745464,-0.511706256,-0.548493078,-0.584077526,-0.61843986,-0.651542635,-0.683398702,-0.713983058,-0.743253295,-0.771246734,-0.797896612,-0.823241178,-0.847228174,-0.869875817,-0.891159029,-0.911071856,-0.929612896,-0.946771583,-0.962548921,-0.976931234,-0.989933098,-1.001536521
1,-2.818996269,-2.979965441,-3.12988086,-3.267628649,-3.392322311,-3.503237802,-3.600023465,-3.682315712,-3.750313783,-3.804037164,-3.844089008,-3.870775824,-3.884880031,-3.8870444,-3.877945797,-3.858471356,-3.829037144,-3.790253821,-3.742618022,-3.686561809,-3.62239281,-3.550372428,-3.470694463,-3.3836425,-3.289481257,-3.188555979,-3.081294855,-2.968257923,-2.850187815,-2.727923743,-2.60243028,-2.474932723,-2.346532667,-2.218537715,-2.092162403,-1.968701255,-1.849291668,-1.735016746,-1.626892346,-1.525694625,-1.432276526,-1.347171158,-1.270985191,-1.20387018,-1.146391697,-1.098575255,-1.060558226,-1.03239679,-1.013946746,-1.004941893,-1.005187952,-1.014260509,-1.03157417,-1.056484944,-1.088183821,-1.125686145,-1.167922186,-1.213676397,-1.261643033,-1.310488374,-1.358910354,-1.405711139,-1.449506053,-1.489318749,-1.524139476,-1.553381932,-1.576350529,-1.592706306,-1.602260099,-1.604916491,-1.600708764,-1.589841686,-1.572557774,-1.549174198,-1.519957532,-1.485596234,-1.446354108,-1.402955324,-1.355926516,-1.306291842,-1.25459908,-1.201995011,-1.149211909,-1.097272551,-1.047062935,-0.999412813,-0.955095692,-0.914750391,-0.878825411,-0.84774341,-0.821521074,-0.800328191,-0.783895682,-0.77202718,-0.764144361,-0.759769761,-0.758367297,-0.759285933,-0.761856892,-0.765548747,-0.769889283
1,-4.121991423,-4.141508703,-4.155668192,-4.163515339,-4.164260988,-4.157121648,-4.141586708,-4.117149183,-4.083547725,-4.040795021,-3.989111375,-3.929226202,-3.86180959,-3.78819128,-3.709755894,-3.628247219,-3.545450645,-3.463314282,-3.383747159,-3.308529114,-3.239347698,-3.177700657,-3.124758195,-3.081338421,-3.048208872,-3.025557366,-3.013393439,-3.011397946,-3.01907113,-3.035616747,-3.060123783,-3.091792086,-3.12970082,-3.173037247,-3.221079256,-3.273277119,-3.329207744,-3.388601083,-3.451360833,-3.51743704,-3.586908077,-3.659825166,-3.736254315,-3.816190701,-3.899448994,-3.985780809,-4.07468706,-4.165594307,-4.257717686,-4.350141657,-4.441962263,-4.532231942,-4.620109805,-4.704888847,-4.785961622,-4.862968006,-4.935705952,-5.004097232,-5.068291512,-5.128582173,-5.185315244,-5.238993377,-5.290090539,-5.339185246,-5.386782384,-5.433279728,-5.479105368,-5.52456273,-5.569830456,-5.615066559,-5.660228514,-5.705237906,-5.749958004,-5.794239499,-5.838023403,-5.881239485,-5.923897566,-5.966047988,-6.007692992,-6.048846401,-6.089565041,-6.129834071,-6.169707776,-6.209191202,-6.248324373,-6.287196233,-6.325894616,-6.364609601,-6.403576603,-6.442930981,-6.483030511,-6.524167347,-6.566623693,-6.610666037,-6.656514802,-6.70437522,-6.754294651,-6.806274649,-6.860195274,-6.915856583,-6.972941807
1,0.759118781,0.826882822,0.88980003,0.947460379,0.999433493,1.045951292,1.086070235,1.11989749,1.147382812,1.16839486,1.183056443,1.191379705,1.193527185,1.189726512,1.180213588,1.165290724,1.145490817,1.121046587,1.092210402,1.059502644,1.023311909,0.98416307,0.942375079,0.898378486,0.852541402,0.805287737,0.756910112,0.707771221,0.658051627,0.608186507,0.558330455,0.508694492,0.459520723,0.410954945,0.363220404,0.316498103,0.270980186,0.226885626,0.184371071,0.143756939,0.10500112,0.068651902,0.034824172,0.003719546,-0.024531355,-0.049778901,-0.071954508,-0.090948276,-0.106898298,-0.119774206,-0.129745251,-0.136980653,-0.141656743,-0.144017244,-0.144313123,-0.142577182,-0.13941324,-0.134745229,-0.128903264,-0.122101224,-0.114580874,-0.106623637,-0.098467574,-0.090445969,-0.082821667,-0.07593669,-0.070102344,-0.06563339,-0.062932702,-0.062294803,-0.064048721,-0.068455892,-0.075901295,-0.086569411,-0.10076415,-0.118654764,-0.140228378,-0.165783533,-0.19509498,-0.228406404,-0.265411797,-0.305956015,-0.34983779,-0.396750073,-0.446380874,-0.498351945,-0.552260676,-0.607674389,-0.664143315,-0.721278104,-0.778615093,-0.835674025,-0.892033954,-0.947158568,-1.00055636,-1.051815897,-1.100358164,-1.145774789,-1.187572398,-1.225329302,-1.258721242
1,-4.229182516,-4.223646375,-4.233498624,-4.256577927,-4.292351554,-4.338763604,-4.394563777,-4.45946813,-4.530291119,-4.606069637,-4.684923678,-4.765237863,-4.843190781,-4.918669634,-4.990019686,-5.056415316,-5.118009871,-5.175931942,-5.230615668,-5.28454109,-5.342626509,-5.400387703,-5.466477244,-5.539803231,-5.623897756,-5.7172757,-5.821110639,-5.934189627,-6.054513648,-6.180949352,-6.311059207,-6.442753459,-6.574211171,-6.704697674,-6.833372158,-6.959897242,-7.086632122,-7.214340444,-7.346336098,-7.484437232,-7.6312208,-7.78820337,-7.958418507,-8.138113752,-8.329589565,-8.530876568,-8.74100527,-8.95841308,-9.182866542,-9.413356712,-9.649605532,-9.889766551,-10.13140258,-10.3747561,-10.62069661,-10.86600459,-11.11259866,-11.36047392,-11.6092801,-11.8576883,-12.10517426,-12.34622976,-12.58030684,-12.8035418,-13.01468935,-13.21216987,-13.39424328,-13.56207048,-13.71677827,-13.85760815,-13.98657739,-14.10412011,-14.20897366,-14.30106158,-14.37803953,-14.43994235,-14.48465968,-14.50988154,-14.51615379,-14.50115075,-14.46527895,-14.40936929,-14.33470468,-14.24220746,-14.134999,-14.0143497,-13.88220166,-13.74030066,-13.58851292,-13.43067562,-13.26721468,-13.09963423,-12.92924698,-12.75729627,-12.58492971,-12.41280026,-12.2412263,-12.07061928,-11.90165485,-11.73440713,-11.56986917
1,-3.278823398,-3.283858792,-3.282080971,-3.272634488,-3.25517792,-3.229945358,-3.196987928,-3.156897367,-3.110543254,-3.059666154,-3.005166461,-2.949049619,-2.893096804,-2.838922547,-2.788968747,-2.744337259,-2.706392679,-2.6768838,-2.656526893,-2.646330091,-2.646631346,-2.657820187,-2.680035899,-2.713015235,-2.756592904,-2.810362308,-2.873679525,-2.946005149,-3.026613408,-3.11477169,-3.209691359,-3.310496898,-3.416341022,-3.526329356,-3.63969545,-3.755352604,-3.872479481,-3.990207968,-4.107722175,-4.224199481,-4.338984494,-4.451429555,-4.561048219,-4.667370018,-4.770012106,-4.868573195,-4.962641567,-5.051899907,-5.136304549,-5.215037825,-5.287890881,-5.354408521,-5.414103496,-5.466517758,-5.511222769,-5.547819418,-5.576124284,-5.595784769,-5.606752521,-5.608890042,-5.602435466,-5.587150429,-5.563792583,-5.531868125,-5.492035915,-5.444420948,-5.389532204,-5.327529526,-5.25900554,-5.18428081,-5.104475626,-5.020349871,-4.93314819,-4.844155411,-4.754824014,-4.666750396,-4.581564409,-4.500993826,-4.426459381,-4.359636133,-4.30165112,-4.253674473,-4.216593755,-4.191057863,-4.177205096,-4.175309079,-4.185027489,-4.205716775,-4.236428078,-4.276264661,-4.323914427,-4.37782713,-4.436508052,-4.498423606,-4.561917224,-4.625540233,-4.687853413,-4.747675928,-4.804081022,-4.856342404,-4.904081473
1,5.176220817,5.155797167,5.132326666,5.1065266,5.079186321,5.051049893,5.022918513,4.995495853,4.969455415,4.945443018,4.924202558,4.905988238,4.891520152,4.88095067,4.874643543,4.872747965,4.875264229,4.882149066,4.893198818,4.908066413,4.926334456,4.947419342,4.970620976,4.99516375,5.020149684,5.044628374,5.067524522,5.087775121,5.104242246,5.115825867,5.121360115,5.119703784,5.10989858,5.090923763,5.061857407,5.021864043,4.970209127,4.906211536,4.829664144,4.740000327,4.637077235,4.520813766,4.391290897,4.248691193,4.09337777,3.92579245,3.746486727,3.55616562,3.35559205,3.145633567,2.927193491,2.701279257,2.468914625,2.231160858,1.989112587,1.743866742,1.496448157,1.247959455,0.999359328,0.751646397,0.505794846,0.262600218,0.022969342,-0.212381101,-0.44273561,-0.667448932,-0.88586493,-1.097553431,-1.301981784,-1.498774058,-1.687578105,-1.868106551,-2.040139785,-2.203519457,-2.358130016,-2.503945586,-2.640951545,-2.769259934,-2.888976783,-3.00022426,-3.103265649,-3.198296074,-3.285597231,-3.365476515,-3.438238429,-3.504266365,-3.56379599,-3.617277148,-3.665038447,-3.7073672,-3.744676655,-3.777277111,-3.805442507,-3.82946974,-3.849644441,-3.866209336,-3.879455228,-3.88953829,-3.89673322,-3.90120058,-3.903118177
1,-7.554396591,-7.529653875,-7.510351889,-7.496243059,-7.487042807,-7.482373196,-7.481896976,-7.48518482,-7.491795415,-7.501303477,-7.513125434,-7.526771583,-7.541760779,-7.557551775,-7.573585078,-7.589430902,-7.604537546,-7.618503962,-7.630880287,-7.641281744,-7.649469148,-7.655071847,-7.657816963,-7.657571835,-7.65410674,-7.647354964,-7.637186258,-7.623552657,-7.606423828,-7.585840829,-7.561809268,-7.534434476,-7.503782539,-7.469974752,-7.433202421,-7.393628214,-7.351464594,-7.306964454,-7.260457253,-7.212203503,-7.16254055,-7.111793792,-7.060404443,-7.008705699,-6.957114253,-6.906080125,-6.855970955,-6.807245698,-6.760325174,-6.715523742,-6.673376876,-6.634121175,-6.598215042,-6.56584523,-6.537402473,-6.513056466,-6.492973058,-6.477313014,-6.46616567,-6.459563052,-6.457469234,-6.459867856,-6.466625286,-6.477675367,-6.492797263,-6.51183621,-6.534604734,-6.560779216,-6.590142493,-6.622477481,-6.65743874,-6.694693406,-6.733974237,-6.774931739,-6.817178959,-6.860481856,-6.90439037,-6.948594177,-6.992733409,-7.036498339,-7.079486461,-7.121452153,-7.162024018,-7.200897977,-7.237852659,-7.272533315,-7.304792146,-7.334384449,-7.361182199,-7.384970178,-7.40574279,-7.423398745,-7.438015974,-7.449628157,-7.458344536,-7.46443199,-7.468124306,-7.469679813,-7.469601546,-7.468140433,-7.465953132
1,-1.263989341,-1.259724291,-1.281416489,-1.32967617,-1.403808231,-1.50030878,-1.614414373,-1.740228596,-1.871767618,-2.004806605,-2.13729142,-2.268902409,-2.401821045,-2.539869178,-2.687628227,-2.849341675,-3.028372843,-3.225676445,-3.440762272,-3.670563893,-3.910749111,-4.156201072,-4.402021689,-4.644316302,-4.880813232,-5.110755236,-5.334564104,-5.552991387,-5.766687322,-5.975298263,-6.178581543,-6.374120353,-6.560256938,-6.734956508,-6.896680355,-7.044202005,-7.178215539,-7.299725434,-7.411467656,-7.51733706,-7.620421518,-7.725425237,-7.834884693,-7.950647711,-8.073602829,-8.203761972,-8.340545746,-8.482692558,-8.627800937,-8.774294804,-8.91854712,-9.058953235,-9.19410833,-9.322952364,-9.445026338,-9.55950928,-9.665192752,-9.759781169,-9.842855582,-9.912081702,-9.967243425,-10.00847665,-10.03667405,-10.05339079,-10.06055656,-10.06051098,-10.05539972,-10.04797129,-10.03996281,-10.03234888,-10.02709119,-10.023849,-10.02249823,-10.02282239,-10.0237671,-10.02385258,-10.02142703,-10.01345225,-9.998026963,-9.972715754,-9.935820026,-9.886081891,-9.82307365,-9.74713589,-9.658960298,-9.560266913,-9.452727495,-9.339607705,-9.224238976,-9.111269612,-9.005258811,-8.910997862,-8.831660636,-8.770995472,-8.73045576,-8.709941523,-8.708606086,-8.724145419,-8.753728787,-8.793425578,-8.83976153
1,-6.640900477,-6.659318901,-6.671046369,-6.674655116,-6.669198881,-6.654320534,-6.630254906,-6.597569491,-6.557767541,-6.512690933,-6.464498171,-6.41561312,-6.368455426,-6.325583,-6.289391362,-6.262115437,-6.246296288,-6.242859757,-6.254365331,-6.281896362,-6.32657756,-6.389158388,-6.469798921,-6.568567586,-6.684266201,-6.815941519,-6.961741199,-7.119350444,-7.286266219,-7.459542753,-7.636693753,-7.814605318,-7.991070014,-8.163634746,-8.330562853,-8.490551968,-8.642542581,-8.785825196,-8.920644032,-9.046609663,-9.164055311,-9.273253012,-9.374436824,-9.467910022,-9.55369488,-9.631952196,-9.702465342,-9.765210381,-9.820067598,-9.867127475,-9.90630721,-9.937761984,-9.961823246,-9.978694917,-9.988960316,-9.992964187,-9.99099066,-9.984190934,-9.97259278,-9.957016525,-9.937828584,-9.915676826,-9.891092065,-9.864238977,-9.835780169,-9.805778099,-9.774577677,-9.742400557,-9.709249385,-9.675237598,-9.640361964,-9.604604274,-9.56797589,-9.530611505,-9.492719321,-9.454519668,-9.416507611,-9.378964131,-9.342320229,-9.307017686,-9.273292971,-9.241347383,-9.211303352,-9.183200831,-9.156858595,-9.132175435,-9.108960157,-9.086947541,-9.065914349,-9.045633212,-9.025936986,-9.006833949,-8.988256853,-8.970637997,-8.954432074,-8.939470525,-8.926867768,-8.916868249,-8.910004771,-8.906677661,-8.907071882
1,2.159824534,1.983561078,1.802163893,1.616854596,1.427173504,1.231940573,1.030427143,0.823134986,0.612368094,0.402113209,0.197772601,0.00537576,-0.16903738,-0.320117844,-0.443666568,-0.536621215,-0.597143001,-0.62488439,-0.621453828,-0.590935393,-0.53974149,-0.476411162,-0.410628092,-0.351702906,-0.307588984,-0.283911303,-0.284224333,-0.310150724,-0.362210716,-0.440498443,-0.544908745,-0.674806569,-0.828504568,-1.002834157,-1.192693544,-1.391100411,-1.589423982,-1.777971436,-1.947169658,-2.088962376,-2.198142284,-2.273330584,-2.316651828,-2.333237836,-2.329860373,-2.31298877,-2.287869349,-2.257614302,-2.222713235,-2.182100108,-2.134378385,-2.079562487,-2.020295517,-1.962332712,-1.914269169,-1.886106678,-1.887847969,-1.928038723,-2.012405799,-2.142666305,-2.316484176,-2.52772176,-2.766832172,-3.022193389,-3.281541535,-3.532948936,-3.765700802,-3.970548824,-4.139438424,-4.265764868,-4.344010455,-4.370236018,-4.342129428,-4.259973058,-4.126112641,-3.945203146,-3.723449252,-3.46763314,-3.184616363,-2.880850481,-2.562101741,-2.234409024,-1.903714061,-1.576107078,-1.257313174,-0.951911954,-0.66263464,-0.389993144,-0.133104325,0.110619686,0.343466486,0.566906715,0.780925497,0.98388825,1.172728161,1.343379882,1.491739705,1.614340608,1.709232958,1.77689654,1.82003171
1,-4.773941862,-4.844330179,-4.90088599,-4.946750519,-4.985336336,-5.019649635,-5.051510436,-5.081099054,-5.106903206,-5.125949331,-5.1348307,-5.130131028,-5.109827377,-5.073613443,-5.022868483,-4.960281278,-4.889301194,-4.813715935,-4.737279547,-4.663705112,-4.59717771,-4.542417994,-4.503921075,-4.48444918,-4.484300272,-4.501303255,-4.53198487,-4.573230994,-4.622682691,-4.678882614,-4.740441399,-4.805475039,-4.87132641,-4.934543775,-4.991512722,-5.038806446,-5.073893374,-5.095639751,-5.104434268,-5.101977087,-5.090649423,-5.072853016,-5.050710184,-5.025732045,-4.998709278,-4.969606875,-4.937732998,-4.90176172,-4.860285138,-4.811985271,-4.756050051,-4.691950202,-4.619007682,-4.536259195,-4.442840508,-4.338258085,-4.222534059,-4.095921633,-3.959425287,-3.815139091,-3.66634894,-3.517434439,-3.372957512,-3.237053056,-3.112623026,-3.001304772,-2.903797291,-2.820593237,-2.752816064,-2.70217544,-2.671361683,-2.661829333,-2.674774011,-2.710138754,-2.767336037,-2.844753919,-2.939738961,-3.048162191,-3.165095362,-3.28561116,-3.40577066,-3.522880724,-3.635337386,-3.74221882,-3.842853071,-3.936736,-4.024239066,-4.106619848,-4.1865796,-4.267466738,-4.352409068,-4.442944975,-4.538463477,-4.635828951,-4.729725466,-4.813654973,-4.881157041,-4.927370412,-4.949346948,-4.9464638,-4.920439388
1,-5.447697044,-5.395872876,-5.338685808,-5.275403151,-5.205258808,-5.127070615,-5.040105299,-4.94342086,-4.836178615,-4.717539981,-4.586857959,-4.443613236,-4.287354942,-4.117828465,-3.934923875,-3.738614189,-3.529039837,-3.306446901,-3.07120434,-2.82378828,-2.564755702,-2.294842008,-2.014804298,-1.725532264,-1.428011058,-1.123303375,-0.812562813,-0.496942812,-0.177718638,0.143832243,0.46642331,0.78869237,1.109267623,1.426776348,1.739823735,2.047014094,2.346878658,2.637978636,2.918993798,3.188312092,3.444471513,3.685981864,3.911383364,4.119168852,4.308265035,4.477322,4.625580874,4.752377028,4.85750898,4.940916031,5.003151802,5.044634226,5.066256598,5.069223264,5.054280409,5.022873884,4.976046398,4.914924238,4.840542181,4.753782377,4.655347613,4.546144026,4.426444617,4.296732854,4.157430054,4.008888321,3.851429994,3.68568194,3.511667851,3.329852534,3.140650632,2.944432613,2.741920185,2.533487732,2.319818181,2.101600387,1.879521333,1.654336086,1.426784127,1.197619846,0.967617852,0.737521205,0.508146181,0.280279027,0.054743239,-0.167648755,-0.386091215,-0.599753286,-0.807873712,-1.009715892,-1.20457551,-1.391855292,-1.571041333,-1.741728078,-1.903620274,-2.056515304,-2.200292214,-2.334858611,-2.460179827,-2.576240151,-2.683028598
1,5.85257876,5.83402714,5.817793144,5.803556411,5.790945212,5.779701856,5.769556391,5.760279845,5.751697645,5.743666374,5.736074597,5.728920955,5.722158229,5.715819276,5.709960426,5.704657978,5.700036996,5.696197067,5.693262283,5.691388378,5.690694898,5.691302089,5.693328893,5.696921814,5.702144486,5.709076637,5.717745997,5.728194049,5.74041616,5.754281913,5.769809928,5.786846619,5.805249238,5.824828723,5.845398281,5.866717486,5.888540995,5.910591414,5.932601363,5.954276164,5.975364452,5.995566971,6.014567668,6.032240071,6.048159855,6.062196061,6.074134903,6.083692764,6.090847495,6.09532783,6.09703161,6.09590568,6.091871073,6.084887364,6.074960528,6.062133756,6.04645317,6.028025603,6.006984031,5.983468048,5.95769805,5.929853708,5.900308465,5.869287373,5.8371227,5.804188251,5.770876543,5.737567459,5.704724897,5.672733148,5.642061595,5.613151222,5.58631159,5.562079247,5.540703406,5.522563851,5.507982308,5.497180735,5.490400894,5.487797038,5.489515538,5.495610933,5.506101963,5.520943323,5.540058816,5.563258734,5.590452202,5.621170283,5.655315354,5.692446276,5.732325314,5.774387011,5.818321634,5.863689795,5.91004925,5.95697556,6.004050832,6.050877765,6.097086437,6.142326487,6.186276148
1,3.970522065,4.065533798,4.165216102,4.269445684,4.378036123,4.49079133,4.60754048,4.727948457,4.851824513,4.978863097,5.10877973,5.241225521,5.375894511,5.512451569,5.650517776,5.789838242,5.93001683,6.070751114,6.211759458,6.352737747,6.493427841,6.633561863,6.772902518,6.911212016,7.048293566,7.183923194,7.317904772,7.450065511,7.580213932,7.708201324,7.833857305,7.957076265,8.077707478,8.195654768,8.310778173,8.422969196,8.532166365,8.638210967,8.74109465,8.840599012,8.936642318,9.029060742,9.117743238,9.202502951,9.283170833,9.359566489,9.431607026,9.499165157,9.562110717,9.620397836,9.673938784,9.722774027,9.766933338,9.806500508,9.841554549,9.87233362,9.898981461,9.921726998,9.940843577,9.956629049,9.969363314,9.979386851,9.987027502,9.992666486,9.996630299,9.999330639,10.00110283,10.00230154,10.00332272,10.00442686,10.00591818,10.00803548,10.01099439,10.01492656,10.01992118,10.02600085,10.03317317,10.04129686,10.05023792,10.05980727,10.06971779,10.07975319,10.08957587,10.09890379,10.10746978,10.11493934,10.12121048,10.12599524,10.12921466,10.13080981,10.13077521,10.12917033,10.12614183,10.12183173,10.1165291,10.11048362,10.10395363,10.09726855,10.09066434,10.08442206,10.07873147
1,-2.307376057,-2.337589239,-2.364608617,-2.38836233,-2.408761556,-2.425725575,-2.4391944,-2.44906677,-2.455492623,-2.458202035,-2.457385715,-2.452850383,-2.44473001,-2.433168992,-2.417884281,-2.3992907,-2.377263877,-2.351869409,-2.323240778,-2.291473237,-2.256655244,-2.218918592,-2.178377516,-2.135145583,-2.089367857,-2.041165275,-1.990685365,-1.938062369,-1.883449579,-1.826985848,-1.768818362,-1.709084313,-1.647931781,-1.585495591,-1.521902144,-1.457307534,-1.391822138,-1.325585399,-1.258716753,-1.191338711,-1.123562206,-1.055493674,-0.987240175,-0.918888753,-0.850553034,-0.782302265,-0.714234747,-0.646428604,-0.578961418,-0.511902815,-0.445314181,-0.379261872,-0.31380926,-0.249016372,-0.184913792,-0.121566031,-0.059030499,0.002658944,0.063467886,0.123349913,0.182262029,0.24017228,0.297068452,0.352890764,0.407614277,0.461230856,0.513691981,0.5649824,0.615073664,0.663954798,0.71160752,0.757987591,0.803109062,0.846937804,0.889451702,0.930663026,0.970556339,1.009102085,1.046319211,1.082207898,1.11672848,1.149914011,1.181766797,1.212278604,1.241477208,1.26935541,1.295914983,1.321156179,1.345210209,1.367957722,1.3894833,1.409811123,1.428969596,1.446972109,1.463857393,1.479659677,1.494419518,1.508169359,1.520941044,1.532778373,1.543715814
1,3.987895586,3.930195285,3.877153413,3.829397972,3.787489672,3.751889445,3.722992354,3.701051175,3.686138241,3.67819996,3.677002582,3.68257979,3.69403362,3.711509952,3.734540161,3.762924721,3.796767841,3.835959106,3.880891149,3.931944625,3.989471691,4.054015399,4.126210499,4.206122828,4.294466154,4.391250715,4.496492169,4.609858754,4.73084109,4.858699572,4.992520629,5.131139798,5.273366689,5.4179419,5.563594764,5.709116711,5.853394843,5.995460418,6.134550487,6.270065586,6.401572626,6.528854,6.651811343,6.770490617,6.885110921,6.995961403,7.103431723,7.208019358,7.310251423,7.410738431,7.510112749,7.609059959,7.708289198,7.808523095,7.910461025,8.014830734,8.122320964,8.233545801,8.349036645,8.46926675,8.59457611,8.725178123,8.861193645,9.00258024,9.149210592,9.300795833,9.456958905,9.617201724,9.780897663,9.947326992,10.11573662,10.28521027,10.45477234,10.62341937,10.79005659,10.9535413,11.11272039,11.26644405,11.41360332,11.55306789,11.68381891,11.80494407,11.91570913,12.01496304,12.10285658,12.17842515,12.24156205,12.29208384,12.33055665,12.35663068,12.37097758,12.37423262,12.36691769,12.35010346,12.32455661,12.29124963,12.25130958,12.20561086,12.15521965,12.10116248,12.04439675
1,3.200196465,3.211122519,3.212592243,3.205328986,3.191925015,3.177245513,3.168293505,3.173192492,3.1981905,3.247040676,3.317058452,3.39928032,3.479159162,3.539312233,3.562933457,3.537521801,3.457646726,3.326391435,3.155272988,2.962437914,2.770096866,2.600631432,2.473640946,2.402301932,2.392370896,2.440909527,2.53819132,2.669861322,2.81932779,2.971216416,3.113294358,3.238134243,3.343144081,3.430803487,3.506940095,3.57945301,3.656910585,3.747074221,3.855893583,3.986980765,4.141327839,4.317622835,4.512643261,4.722082268,4.941268371,5.165861911,5.392415189,5.618431879,5.842493034,6.063867483,6.282085768,6.496495189,6.706175538,6.909676443,7.105269639,7.291190574,7.465971197,7.628741514,7.779359218,7.918427821,8.047191702,8.167312652,8.280595982,8.388754474,8.493251841,8.595160936,8.695110435,8.793456883,8.890288698,8.985543518,9.079072586,9.170644571,9.25989058,9.34631647,9.429405262,9.508540706,9.583391203,9.653774855,9.719950929,9.782402716,9.841800559,9.898821073,9.953896145,10.00717446,10.05838081,10.10691365,10.15195713,10.19254068,10.2278038,10.25717903,10.28054032,10.29811797,10.31101613,10.32062365,10.3289316,10.33813953,10.35044599,10.36768802,10.39097119,10.42033817,10.4546921
1,3.638393487,3.596715438,3.559451578,3.526635245,3.49828146,3.474370863,3.454921075,3.439618602,3.428506707,3.421477722,3.418298809,3.418695913,3.422531403,3.429505951,3.43935987,3.451811051,3.466617367,3.483332687,3.501761218,3.521506059,3.542317655,3.563743548,3.585577173,3.607487896,3.629111714,3.65020153,3.670506624,3.689740729,3.707659925,3.724112108,3.738842311,3.751764653,3.762699274,3.771558637,3.778263651,3.782790175,3.785103367,3.785209764,3.783147979,3.779009438,3.772839676,3.764752343,3.754875177,3.74332041,3.730280779,3.715930291,3.700407596,3.683911788,3.666656931,3.648823222,3.630615876,3.612250236,3.593927772,3.575869858,3.558275317,3.541320711,3.525242605,3.510192688,3.496376816,3.483963745,3.473114769,3.463971061,3.456706935,3.451417547,3.448235822,3.447308641,3.448639635,3.45235583,3.458501341,3.467116071,3.47821794,3.491829682,3.507931869,3.526492072,3.54745887,3.570814475,3.596436443,3.624243793,3.654115321,3.685918901,3.719527272,3.754844635,3.791524175,3.829531623,3.868626114,3.908631647,3.949321671,3.990520524,4.031963538,4.073473921,4.114911215,4.156015375,4.19661933,4.236521615,4.275572718,4.313631398,4.350516428,4.386150704,4.420367692,4.453110197,4.484288953
1,0.084475652,0.053559721,0.013804798,-0.03519928,-0.093500454,-0.160870745,-0.236921399,-0.321056359,-0.41274619,-0.511140412,-0.615605752,-0.725706128,-0.841375896,-0.96298341,-1.091403666,-1.227890132,-1.3738393,-1.530677105,-1.69953442,-1.881074375,-2.075398425,-2.28200963,-2.49982674,-2.727095223,-2.961523434,-3.200339541,-3.440524797,-3.678889915,-3.912235439,-4.13749049,-4.35176012,-4.552510512,-4.737636061,-4.905663526,-5.055898115,-5.188436488,-5.304181048,-5.40471809,-5.491808313,-5.567313064,-5.632655005,-5.688834806,-5.736442685,-5.775801913,-5.807105432,-5.830462617,-5.845966269,-5.853910209,-5.854501139,-5.848033782,-5.834714249,-5.814704118,-5.788107035,-5.754947583,-5.715175917,-5.668799229,-5.61583605,-5.55640531,-5.490825292,-5.419476184,-5.342841799,-5.26142858,-5.175626044,-5.085785574,-4.992100534,-4.894800031,-4.794136051,-4.690472084,-4.584337293,-4.476383731,-4.367380464,-4.258046214,-4.149034446,-4.040835049,-3.933734074,-3.827786317,-3.722844843,-3.618521076,-3.514323416,-3.409634664,-3.303836534,-3.196393761,-3.08688572,-2.975109427,-2.861079305,-2.744984106,-2.62715591,-2.507959895,-2.387746455,-2.266822462,-2.145472016,-2.024005963,-1.902889923,-1.782847219,-1.664849903,-1.550199787,-1.440359618,-1.336861918,-1.241081496,-1.154241335,-1.076992584
1,-0.141117084,-0.139003506,-0.128581017,-0.10915772,-0.080209788,-0.041085011,0.008668867,0.069538209,0.141821808,0.225753194,0.321403014,0.428679487,0.547372385,0.677156762,0.8175165,0.96786371,1.127462399,1.295477704,1.470974112,1.652927592,1.84029324,2.031926849,2.226721501,2.423524254,2.62121754,2.818681434,3.014821253,3.208568544,3.398859671,3.584697342,3.765063042,3.939005802,4.10557981,4.263891365,4.413105595,4.55242915,4.681189164,4.798801877,4.90483005,4.998967951,5.081124807,5.151382011,5.210046847,5.257620668,5.294784175,5.322447231,5.341623376,5.353507538,5.35934795,5.360410384,5.357990233,5.353291515,5.347432036,5.341392639,5.336051274,5.332133445,5.330331854,5.331065513,5.334755192,5.341703564,5.352090595,5.366023511,5.38348285,5.404509707,5.428892566,5.456494125,5.487107122,5.52049611,5.55638647,5.594531426,5.634611047,5.676345965,5.719435605,5.7636101,5.808518058,5.853892865,5.899402807,5.944760312,5.989661833,6.033769174,6.076792853,6.118451713,6.158443021,6.196546711,6.232497753,6.266146525,6.297326147,6.325940062,6.351891079,6.375132737,6.395639288,6.413409413,6.428450578,6.440781897,6.450415981,6.457473594,6.461929048,6.463842937,6.46328917,6.460308529,6.455037254
1,-0.347789711,-0.270795343,-0.197497756,-0.127852256,-0.061730446,0.001160549,0.060927574,0.117955025,0.172613839,0.225292653,0.276357191,0.326281822,0.375433897,0.424184918,0.472946983,0.522060405,0.57172802,0.622294859,0.673910935,0.726775656,0.780989762,0.836679911,0.893906801,0.952675046,1.012989928,1.074835705,1.138096804,1.202683614,1.268421834,1.335136916,1.402627566,1.470603669,1.538796232,1.606891686,1.674529765,1.741326916,1.80696568,1.871045011,1.933214795,1.993104157,2.050376622,2.104669806,2.155805913,2.20330281,2.247318497,2.28751655,2.323903208,2.356578747,2.385750243,2.411644858,2.434548536,2.454834758,2.472904556,2.489126638,2.503923414,2.517684087,2.530723677,2.543394219,2.5559339,2.568529758,2.581337983,2.594397899,2.607818446,2.621618334,2.635769888,2.650308994,2.665183657,2.680408966,2.696054056,2.712057158,2.728639313,2.745558384,2.763197011,2.781152379,2.799834062,2.81905886,2.838900402,2.859171702,2.880031031,2.901185931,2.92256886,2.944037354,2.965421835,2.986507926,3.007166877,3.027201627,3.046463758,3.064819081,3.08212514,3.098362466,3.113432113,3.12729601,3.139930381,3.151341202,3.161511278,3.170400651,3.178089508,3.184515096,3.189698012,3.193550533,3.196091938
1,-1.145744734,-1.074479455,-1.003487168,-0.935884918,-0.874945581,-0.824004612,-0.786100239,-0.763796968,-0.758953054,-0.772374076,-0.804764824,-0.855089562,-0.922395647,-1.004972925,-1.100965963,-1.20826431,-1.324963146,-1.449418228,-1.579940237,-1.715182171,-1.853842461,-1.994729858,-2.136743377,-2.278630676,-2.419209109,-2.557204814,-2.691489825,-2.821241845,-2.946140203,-3.06656602,-3.183634304,-3.299266002,-3.415758564,-3.535833164,-3.662113945,-3.796787751,-3.941417775,-4.096619136,-4.261868501,-4.435451083,-4.614392113,-4.794826948,-4.972084017,-5.141378059,-5.298082733,-5.438248566,-5.558836338,-5.657931406,-5.73506019,-5.790653226,-5.826135104,-5.843655588,-5.845452151,-5.833737135,-5.810463764,-5.77716217,-5.734952443,-5.68484152,-5.627215181,-5.562545183,-5.490953395,-5.413255474,-5.329646656,-5.241006073,-5.14785807,-5.050981036,-4.95077991,-4.847606674,-4.741624204,-4.632990179,-4.521810609,-4.408156908,-4.292090109,-4.173685308,-4.053039278,-3.930188363,-3.805178868,-3.677995701,-3.548694194,-3.417451954,-3.284503651,-3.150261897,-3.015201882,-2.879931635,-2.745137941,-2.611532127,-2.47994629,-2.351201563,-2.22610609,-2.105491421,-1.990138493,-1.880405021,-1.777230902,-1.681200186,-1.592935148,-1.513184645,-1.44236014,-1.380779068,-1.32845368,-1.285199222,-1.250279159
1,0.903610206,0.866466566,0.829716881,0.793399745,0.757534373,0.72212692,0.687221295,0.652831172,0.61905917,0.5859705,0.553654079,0.522318178,0.492160923,0.463401419,0.436452285,0.411478857,0.389112725,0.369653171,0.3535131,0.341103821,0.33286661,0.329094689,0.330094308,0.335872754,0.346582472,0.362462385,0.383325335,0.408960816,0.439105005,0.473404707,0.511483317,0.552856314,0.59706548,0.643610032,0.692010292,0.741820125,0.792553442,0.843792196,0.895195253,0.946447933,0.997209484,1.047255702,1.096403653,1.144532315,1.19152151,1.237304857,1.281892264,1.325220989,1.36728445,1.408126486,1.447807265,1.486318135,1.523742194,1.560211639,1.595242264,1.629654931,1.662838832,1.695058668,1.726233946,1.756387147,1.785613738,1.813890287,1.841220164,1.867669802,1.89335044,1.918314097,1.942635808,1.966534274,1.990220864,2.013837684,2.037657748,2.061971444,2.087037631,2.113088744,2.140414549,2.169177881,2.199505221,2.231495341,2.265227068,2.300146727,2.336508445,2.373926218,2.412072651,2.45056019,2.489009861,2.527040453,2.564292192,2.600474872,2.635313318,2.66860707,2.700201362,2.730016092,2.758012158,2.784171231,2.80848377,2.831002235,2.851733361,2.870688135,2.887901102,2.903355263,2.917052039
1,-0.323131106,-0.354952746,-0.369951157,-0.368737408,-0.352109962,-0.32178745,-0.279428944,-0.227889115,-0.168935229,-0.105152525,-0.038977444,0.026914377,0.07876185,0.13147986,0.184189559,0.236469005,0.288498449,0.340437867,0.392629278,0.445687804,0.499721589,0.554846301,0.610779269,0.666727728,0.721645993,0.774080927,0.822179208,0.864038229,0.89788811,0.921595132,0.933431208,0.931777916,0.91569392,0.883766363,0.835242501,0.769648137,0.686367769,0.585267429,0.466149826,0.329462958,0.175722115,0.005907927,-0.178510302,-0.375516589,-0.582907856,-0.797985101,-1.018204217,-1.240600111,-1.462622344,-1.682008381,-1.896743755,-2.105347344,-2.306671132,-2.500055831,-2.685135135,-2.861684226,-3.030070954,-3.190243899,-3.342833528,-3.488194541,-3.62669818,-3.758770551,-3.884668315,-4.00410946,-4.11648944,-4.220769105,-4.313562105,-4.391593687,-4.449598236,-4.483522207,-4.493142089,-4.484504222,-4.473507431,-4.480843783,-4.517358758,-4.585558352,-4.674709031,-4.768857728,-4.854250745,-4.921146808,-4.963826441,-4.981082875,-4.972748487,-4.941034727,-4.887725446,-4.815845103,-4.727725324,-4.625689439,-4.512326067,-4.389650027,-4.259724062,-4.124444668,-3.98561755,-3.844808162,-3.703580831,-3.563509344,-3.426045425,-3.292167018,-3.163447411,-3.040553138,-2.924852885
1,-3.479232163,-3.424457229,-3.372500924,-3.324193025,-3.280498693,-3.242404896,-3.211070297,-3.187624576,-3.17317101,-3.16889829,-3.17562184,-3.194323695,-3.225739313,-3.269322836,-3.32613635,-3.395363737,-3.476181763,-3.567693068,-3.668362395,-3.776466275,-3.889769425,-4.005899593,-4.122210208,-4.235997825,-4.344713912,-4.445283466,-4.535057817,-4.611724897,-4.673040532,-4.716621752,-4.74215961,-4.747280825,-4.731797647,-4.695154881,-4.637862937,-4.56000402,-4.462475842,-4.346180487,-4.212330451,-4.062151559,-3.897443462,-3.719283575,-3.529390327,-3.328942048,-3.119956471,-2.903296091,-2.680317804,-2.452103254,-2.21958656,-1.983700734,-1.745185799,-1.50471702,-1.262921837,-1.020337315,-0.77744852,-0.534709794,-0.292580593,-0.05149352,0.188003736,0.425467954,0.660259089,0.891766052,1.119263521,1.341963998,1.559139097,1.769992882,1.973875758,2.170277762,2.358871265,2.539436569,2.711975791,2.876577317,3.033502559,3.183131402,3.325834433,3.462171029,3.592691001,3.71815449,3.838921396,3.955709573,4.068967366,4.179079714,4.286274154,4.390647347,4.492124035,4.590552758,4.685600934,4.776976117,4.864456993,4.947744448,5.026993776,5.10213536,5.173408437,5.241322078,5.306249491,5.368880583,5.43015867,5.490713598,5.55132779,5.612739949,5.675566375
1,0.08625611,0.096026142,0.105475871,0.114766693,0.123828168,0.132613814,0.140980592,0.148729232,0.155573489,0.161203982,0.165260554,0.167182531,0.166664605,0.163327187,0.156471349,0.145713053,0.130661516,0.110811243,0.085897083,0.055691252,0.019888744,-0.021452971,-0.068427079,-0.120913761,-0.178731521,-0.241714099,-0.309525321,-0.381829267,-0.458279595,-0.538516392,-0.622132079,-0.708732338,-0.798135731,-0.889509986,-0.982918689,-1.077999799,-1.174382027,-1.271797707,-1.369953692,-1.468581288,-1.56742582,-1.666191137,-1.764638942,-1.862454274,-1.959385782,-2.055156949,-2.149483291,-2.242078906,-2.332674769,-2.420982189,-2.506827008,-2.589943012,-2.670071517,-2.747407906,-2.821513896,-2.892503202,-2.960326602,-3.025038228,-3.086697772,-3.145376505,-3.201173228,-3.254212555,-3.304598209,-3.352495292,-3.397897781,-3.441011544,-3.481772303,-3.520221902,-3.556366643,-3.590149338,-3.621512893,-3.650380926,-3.676676826,-3.700279818,-3.721281177,-3.739553986,-3.755130988,-3.76809529,-3.778505973,-3.786494084,-3.792161173,-3.795859827,-3.797561347,-3.797504789,-3.795741852,-3.792805136,-3.788434108,-3.78301776,-3.776543444,-3.769157593,-3.760924894,-3.751956113,-3.742322434,-3.732095058,-3.721483856,-3.710333781,-3.699078501,-3.687635008,-3.676220882,-3.665019839,-3.65419932
1,1.159641126,1.176122876,1.196309088,1.217914277,1.238911177,1.257990188,1.273470443,1.284455624,1.290191645,1.289866445,1.283082911,1.269374054,1.247606551,1.217997755,1.179363705,1.131364592,1.073387435,1.004738638,0.924858643,0.833141213,0.728851586,0.611343587,0.479737712,0.333343639,0.171335756,-0.00696951,-0.201599567,-0.413159445,-0.640400528,-0.882804544,-1.138336706,-1.405174152,-1.680930523,-1.963126602,-2.248466684,-2.534557868,-2.818856278,-3.09915461,-3.373481034,-3.640470693,-3.898781429,-4.147602234,-4.385746492,-4.612809272,-4.828348635,-5.031976936,-5.223741727,-5.402833255,-5.569664625,-5.723748292,-5.865107071,-5.994250722,-6.110499772,-6.21408201,-6.304921339,-6.383455626,-6.450117716,-6.504571504,-6.547621072,-6.579782695,-6.601469645,-6.613248169,-6.615822723,-6.609187388,-6.593571988,-6.568916656,-6.535065902,-6.491830708,-6.438904264,-6.376000449,-6.303027588,-6.219817608,-6.126375071,-6.022754355,-5.909004306,-5.785251169,-5.651563479,-5.50814719,-5.356008389,-5.195112973,-5.026448816,-4.852230708,-4.673543733,-4.49260242,-4.311588061,-4.132726983,-3.958268966,-3.790167741,-3.629982301,-3.478954004,-3.337699452,-3.206641306,-3.085426357,-2.973941009,-2.871167063,-2.776375936,-2.688514571,-2.606686667,-2.52989619,-2.457286877,-2.388082414
1,3.29549782,3.299327884,3.303117392,3.306838355,3.31047058,3.313983581,3.31733931,3.320506742,3.323442542,3.326110623,3.32832555,3.330346749,3.331845723,3.332924617,3.33339414,3.333352125,3.332733879,3.331510217,3.329660986,3.327180369,3.324081529,3.32035738,3.316032894,3.311143715,3.305706824,3.299756212,3.293290909,3.286383359,3.27903227,3.271289426,3.263167368,3.254691418,3.245886126,3.236775239,3.227316881,3.2176048,3.207634172,3.197402653,3.186943256,3.176243647,3.165357106,3.154286313,3.143050433,3.131692228,3.120229898,3.108670961,3.097082188,3.085502265,3.073957386,3.062523253,3.051203273,3.040081292,3.029199393,3.018627551,3.008400928,2.998606444,2.989297056,2.980537183,2.972399888,2.964923505,2.9583015,2.952494708,2.947611001,2.94374197,2.940931543,2.939252369,2.93876687,2.939528042,2.941542381,2.944872249,2.949487926,2.955395922,2.962608628,2.971029937,2.98075434,2.991620792,3.003602158,3.016631002,3.03063944,3.045524052,3.061233359,3.077571663,3.094570167,3.112057876,3.129952295,3.148138428,3.166522259,3.185045715,3.203640949,3.222223265,3.240738556,3.259152416,3.277444081,3.295573989,3.313550952,3.331336651,3.348969856,3.366443276,3.383756157,3.400927779,3.417964813
1,-2.547728362,-2.540965655,-2.532774501,-2.534672705,-2.556276063,-2.602404572,-2.673652018,-2.765679228,-2.866852744,-2.95817192,-3.019758965,-3.039545787,-3.017386748,-2.96512757,-2.903329928,-2.850432592,-2.812749888,-2.786733545,-2.765688375,-2.744077172,-2.71717803,-2.682122878,-2.642657752,-2.609341141,-2.591271247,-2.589894093,-2.598627546,-2.606918294,-2.604472284,-2.585974251,-2.552712197,-2.5094011,-2.461167101,-2.412251636,-2.364583111,-2.316621915,-2.26474803,-2.207088721,-2.14776975,-2.097610473,-2.069419382,-2.070337392,-2.098710848,-2.146516055,-2.201168128,-2.245277874,-2.258596858,-2.226537888,-2.150237461,-2.051572799,-1.968059438,-1.936664724,-1.978354897,-2.094028682,-2.269587858,-2.48209947,-2.706001539,-2.916658678,-3.089006151,-3.201333209,-3.246448381,-3.240254252,-3.214921972,-3.196521056,-3.187732815,-3.171221028,-3.129033308,-3.057532272,-2.96750257,-2.875286431,-2.794479231,-2.732207488,-2.690698729,-2.670848144,-2.673599221,-2.696543745,-2.72716578,-2.746076649,-2.737611297,-2.695410491,-2.622432584,-2.529437411,-2.43209756,-2.344652843,-2.274567762,-2.223049788,-2.186504168,-2.157767753,-2.132433202,-2.11267975,-2.103695799,-2.106653568,-2.116946995,-2.127765501,-2.133866881,-2.132596015,-2.122218567,-2.102251745,-2.076539869,-2.0543597,-2.045470888
1,-0.640814395,-0.620876762,-0.601597729,-0.582825029,-0.564495824,-0.546398002,-0.528500536,-0.510641727,-0.492724532,-0.474737008,-0.456614421,-0.438331389,-0.419964901,-0.401531202,-0.383197885,-0.365097732,-0.34744188,-0.330476865,-0.314440552,-0.299610369,-0.286267662,-0.274493962,-0.264608086,-0.256770441,-0.251064467,-0.247554848,-0.246330408,-0.247303188,-0.250498647,-0.255783839,-0.26310608,-0.272385525,-0.283492088,-0.296408775,-0.311230644,-0.327934371,-0.346601958,-0.36747214,-0.390589451,-0.416211953,-0.444538577,-0.475725382,-0.50996149,-0.54746006,-0.588324332,-0.632642527,-0.680495356,-0.731906731,-0.786737713,-0.844931516,-0.906278456,-0.970484103,-1.037248956,-1.106213367,-1.177035929,-1.2492552,-1.322519448,-1.396436556,-1.470661995,-1.544834027,-1.618735884,-1.692078396,-1.764665799,-1.836361956,-1.907051073,-1.976651288,-2.045106619,-2.11238202,-2.178433377,-2.243245933,-2.306778128,-2.369088321,-2.430057885,-2.489790106,-2.548316321,-2.60569877,-2.661996265,-2.717354391,-2.771935232,-2.825888028,-2.879379876,-2.932617496,-2.985852941,-3.039106471,-3.092635556,-3.146565684,-3.200963292,-3.255867062,-3.311332571,-3.367388156,-3.424026209,-3.481224453,-3.538833594,-3.596760179,-3.654876565,-3.712898162,-3.77058344,-3.827605788,-3.883660515,-3.938347497,-3.991276662
