0,13.26712595,13.2004787,13.12568911,13.04164785,12.94707259,12.84051512,12.72049259,12.58539862,12.43346234,12.26299167,12.07218911,11.85924028,11.62239786,11.35994266,11.07025723,10.75174081,10.40306746,10.0229394,9.610387868,9.164488542,8.684739541,8.170749076,7.622516524,7.040388415,6.424782027,5.776756739,5.097523781,4.388662945,3.65217058,2.8901767,2.105228406,1.300169709,0.477947364,-0.358196143,-1.204916474,-2.058780304,-2.916322097,-3.774012024,-4.628466934,-5.476304771,-6.314361517,-7.139623645,-7.949302225,-8.740884961,-9.512071637,-10.26085189,-10.98547508,-11.68438527,-12.35649658,-13.00072385,-13.61638384,-14.20300966,-14.76026148,-15.28791684,-15.78600756,-16.25462633,-16.69411102,-17.10470917,-17.4868493,-17.84097261,-18.16763943,-18.46746388,-18.74107169,-18.98917407,-19.21242341,-19.41159525,-19.5875058,-19.74099059,-19.87297148,-19.98431173,-20.07599139,-20.14900295,-20.20456622,-20.24298859,-20.26700793,-20.27613774,-20.27206237,-20.25631685,-20.22942127,-20.19349329,-20.14893199,-20.09712961,-20.03930969,-19.9766185,-19.91020554,-19.84109785,-19.77026268,-19.69881074,-19.62759822,-19.55744256,-19.48927615,-19.42365269,-19.36134583,-19.30279976,-19.2486994,-19.19909181,-19.15452204,-19.1151037,-19.08095632,-19.05202414,-19.02809615
0,2.759497083,2.715941594,2.659393524,2.589173645,2.504580638,2.404949909,2.289688506,2.158080343,2.009639228,1.84396387,1.66053966,1.459029135,1.239195888,1.000765063,0.743629285,0.467556918,0.17258451,-0.141192302,-0.473767755,-0.824881329,-1.194389727,-1.581736643,-1.986569722,-2.408416036,-2.846532273,-3.300259701,-3.768742304,-4.25114958,-4.746453799,-5.253617481,-5.771434988,-6.298743752,-6.834294463,-7.37665027,-7.924412889,-8.476296335,-9.030821315,-9.586596202,-10.14231283,-10.69643741,-11.2477376,-11.79491597,-12.33666921,-12.87176322,-13.39908817,-13.91742208,-14.42572357,-14.92294563,-15.40819512,-15.88050754,-16.33915232,-16.78334911,-17.21239093,-17.62574068,-18.02286836,-18.40326792,-18.76668118,-19.11274104,-19.44120698,-19.75190355,-20.04469792,-20.31947247,-20.57626921,-20.81498114,-21.03564145,-21.23827952,-21.42302591,-21.58987487,-21.73935675,-21.871299,-21.98641187,-22.0847929,-22.16699007,-22.23340532,-22.28487844,-22.3216434,-22.34470673,-22.3547226,-22.35235697,-22.33884439,-22.31493531,-22.28160287,-22.2398654,-22.19077894,-22.13542909,-22.0748506,-22.01010707,-21.94215989,-21.87200072,-21.80066711,-21.7290854,-21.65807771,-21.58861116,-21.52134196,-21.45711445,-21.39663837,-21.34043748,-21.28897126,-21.24268966,-21.20178723,-21.16652874
0,0.073019773,0.089110945,0.096281286,0.094111382,0.082746512,0.063337385,0.03466577,-0.002665076,-0.048152086,-0.102100972,-0.164089252,-0.233954791,-0.31152297,-0.396624867,-0.489086382,-0.5887351,-0.695362672,-0.808779596,-0.92883889,-1.055320234,-1.188101308,-1.326983885,-1.471795971,-1.622333493,-1.778427566,-1.939848765,-2.106406846,-2.277897335,-2.454062743,-2.634678963,-2.819513082,-3.00825742,-3.200651797,-3.396422779,-3.595238413,-3.796782842,-4.000725682,-4.2066946,-4.414319084,-4.623259885,-4.833040015,-5.043313527,-5.253625231,-5.463556396,-5.672640609,-5.880440385,-6.08653357,-6.290466972,-6.491776726,-6.690057411,-6.884877264,-7.075840406,-7.262555476,-7.444645063,-7.62177296,-7.793581561,-7.959777609,-8.120091618,-8.27422992,-8.421967986,-8.563091961,-8.697407241,-8.824776523,-8.945022974,-9.058022507,-9.16366363,-9.261840135,-9.352554376,-9.435706713,-9.511315522,-9.579443313,-9.63975774,-9.692983342,-9.738625562,-9.776833407,-9.807975798,-9.832127316,-9.849296637,-9.859362094,-9.863738313,-9.861347286,-9.853001122,-9.838870984,-9.819536283,-9.794934802,-9.765703078,-9.732007952,-9.694328729,-9.653080501,-9.608611771,-9.561389599,-9.511842709,-9.460425416,-9.407619334,-9.353631066,-9.299400573,-9.244846672,-9.190670882,-9.13721087,-9.084830871,-9.033845047
0,4.552442448,4.518217339,4.482136925,4.443160621,4.400018127,4.351472804,4.296007593,4.232156482,4.158200777,4.072597961,3.973638258,3.860140694,3.73029416,3.582974698,3.417438234,3.232549233,3.028076358,2.803824388,2.559916331,2.296858432,2.015342474,1.716426046,1.401371861,1.071720572,0.729028114,0.375114764,0.011740738,-0.3593637,-0.736387887,-1.117818004,-1.502075176,-1.887924119,-2.274116537,-2.659773055,-3.044009589,-3.426319284,-3.806234931,-4.183598973,-4.55825889,-4.930213709,-5.299737738,-5.66701453,-6.032334187,-6.395936032,-6.75828966,-7.119565254,-7.479882453,-7.83928521,-8.197724905,-8.554843033,-8.910238503,-9.263251766,-9.612951374,-9.9584412,-10.29851215,-10.63192102,-10.95735813,-11.2734803,-11.57903057,-11.87270692,-12.15319882,-12.41930969,-12.66998554,-12.90434677,-13.12137015,-13.32047552,-13.50111735,-13.6628529,-13.8055944,-13.92924878,-14.03390411,-14.11982264,-14.18746699,-14.23732671,-14.2701714,-14.28735415,-14.28916386,-14.27705677,-14.25276949,-14.21695399,-14.17153721,-14.1179135,-14.05742285,-13.99206876,-13.92284632,-13.85140547,-13.77896346,-13.70670812,-13.6356658,-13.56662333,-13.50045105,-13.43754656,-13.37839197,-13.3233681,-13.2724662,-13.22589093,-13.18357841,-13.14523586,-13.11062767,-13.07953751,-13.05134305
0,10.47623932,10.51770084,10.5393137,10.59293077,10.67369737,10.749805,10.76947092,10.69676794,10.54596834,10.34023214,10.11290996,9.887549245,9.693309093,9.550805538,9.457553826,9.384415714,9.29643446,9.126455712,8.833697137,8.441425914,7.986611258,7.539559631,7.085672695,6.583171891,6.025882156,5.471344853,4.959594323,4.478348465,4.016255013,3.559041001,3.10937747,2.66751448,2.244585706,1.855245705,1.485235652,1.108876627,0.733440285,0.390314077,0.085676344,-0.193470761,-0.469546475,-0.754943376,-1.040349419,-1.287628387,-1.485493711,-1.669114825,-1.872205953,-2.117908144,-2.426831136,-2.791797862,-3.155652831,-3.459221915,-3.707741879,-3.952139019,-4.194729749,-4.421242266,-4.659503003,-4.928829472,-5.194378508,-5.394560563,-5.515446952,-5.625102716,-5.758673736,-5.897141192,-6.015753815,-6.128922973,-6.247866777,-6.374769835,-6.51597058,-6.649444726,-6.745232873,-6.799279689,-6.832048021,-6.865478845,-6.904291935,-6.938175426,-6.973943636,-7.027249287,-7.101743514,-7.165374662,-7.196264825,-7.21083627,-7.220272364,-7.220366668,-7.216916542,-7.220146793,-7.240142396,-7.265961604,-7.281372399,-7.262578143,-7.212509513,-7.150330456,-7.102526205,-7.082063251,-7.081076289,-7.093534898,-7.111942556,-7.108825422,-7.064899073,-6.984616294,-6.90281726
0,-7.904254247,-7.951318704,-8.011036792,-8.084044656,-8.170834667,-8.270646365,-8.385369937,-8.514989899,-8.659969285,-8.820986399,-8.998728559,-9.19381484,-9.406852265,-9.638566306,-9.889509098,-10.16030826,-10.45151291,-10.76354922,-11.09683784,-11.45177392,-11.82854588,-12.22729598,-12.64806675,-13.09075798,-13.5550509,-14.04064681,-14.54709206,-15.07372281,-15.61979079,-16.18438137,-16.76633018,-17.3646049,-17.97790078,-18.60480556,-19.24381828,-19.89334706,-20.55168399,-21.21720335,-21.88811526,-22.56259426,-23.23879998,-23.9149304,-24.5891753,-25.25967112,-25.92464812,-26.58238969,-27.23114995,-27.86933131,-28.49529459,-29.10750184,-29.70455829,-30.2849954,-30.84752279,-31.39102453,-31.91430427,-32.41628868,-32.89613274,-33.3529702,-33.78603192,-34.19478766,-34.5787221,-34.93737283,-35.27051481,-35.5780157,-35.85974175,-36.11559663,-36.34652832,-36.55203034,-36.73293971,-36.88979858,-37.02263137,-37.13349181,-37.22212186,-37.28955386,-37.33724814,-37.36672655,-37.37810436,-37.37293513,-37.35346985,-37.31992817,-37.27414522,-37.21721535,-37.15165542,-37.07689003,-36.99671286,-36.91055584,-36.82048069,-36.72815179,-36.63397024,-36.53974818,-36.44633469,-36.35468013,-36.26573108,-36.18022747,-36.09878238,-36.02195129,-35.95018766,-35.88370293,-35.82289801,-35.76696304,-35.71654889
0,-3.771960511,-3.79160212,-3.813049392,-3.836704547,-3.862990172,-3.892091865,-3.924346024,-3.960087798,-3.999610769,-4.043054998,-4.091044212,-4.143887768,-4.202099292,-4.266304347,-4.33719832,-4.415606445,-4.502185812,-4.597959519,-4.703763367,-4.820449628,-4.948762016,-5.089617577,-5.243541165,-5.411129861,-5.592997525,-5.789579259,-6.001092925,-6.227671333,-6.469646385,-6.727021034,-6.999673557,-7.28733915,-7.589758449,-7.906482423,-8.236943787,-8.580448551,-8.936203998,-9.303183097,-9.680207104,-10.06592534,-10.45876271,-10.85696921,-11.25867695,-11.66185801,-12.0645179,-12.46462678,-12.86011219,-13.24917725,-13.63005141,-14.0011165,-14.36107687,-14.70861612,-15.04275736,-15.36260239,-15.66741314,-15.95656139,-16.22963174,-16.48629594,-16.72635548,-16.94981442,-17.15680193,-17.34748927,-17.52225624,-17.68158312,-17.82592411,-17.95595305,-18.0725267,-18.17609007,-18.26734058,-18.3471519,-18.41563978,-18.47417908,-18.522353,-18.56066607,-18.58924469,-18.6081115,-18.61714352,-18.61623508,-18.60523524,-18.58400623,-18.55258108,-18.51147238,-18.46019438,-18.39967295,-18.33063459,-18.2538449,-18.17030545,-18.08140477,-17.98847057,-17.89297764,-17.79640441,-17.70034613,-17.60624621,-17.51551255,-17.42949549,-17.34913333,-17.27567829,-17.20952063,-17.15152647,-17.10200723,-17.06100864
0,18.03598401,18.05287876,18.06717429,18.07873419,18.08701417,18.09154248,18.09166838,18.08643589,18.07471308,18.05548816,18.02728208,17.98867095,17.93790204,17.87318269,17.79270195,17.69447285,17.57644768,17.43620268,17.27206164,17.08121831,16.8617176,16.61144261,16.32828943,16.01029784,15.65556414,15.26235778,14.82914432,14.35457117,13.83753318,13.27717197,12.67307514,12.02504662,11.3333441,10.59854544,9.821647656,9.004101541,8.147584891,7.254210703,6.326359609,5.366694163,4.378075732,3.363578985,2.32647905,1.270007187,0.197594731,-0.88731796,-1.98148816,-3.081547488,-4.184229228,-5.286368516,-6.384810007,-7.476435506,-8.558442354,-9.62786658,-10.68199745,-11.71830939,-12.73444569,-13.7282466,-14.69783537,-15.64165687,-16.55834836,-17.4468313,-18.30626856,-19.13600331,-19.9354217,-20.70409368,-21.44153022,-22.14741367,-22.82114193,-23.4621887,-24.07016413,-24.6444786,-25.18457636,-25.69003455,-26.16032908,-26.59526908,-26.99464245,-27.35840712,-27.68687786,-27.98012321,-28.23907504,-28.46454098,-28.6576556,-28.81958971,-28.95200236,-29.05655288,-29.13525633,-29.1899141,-29.222461,-29.23549479,-29.23116647,-29.21147912,-29.178861,-29.13563845,-29.08413758,-29.02665015,-28.96543047,-28.90269173,-28.84048582,-28.78083698,-28.72561245
0,6.772484354,6.763385024,6.761220846,6.766202684,6.77765956,6.794483997,6.815430308,6.838751031,6.86212252,6.883052271,6.89856849,6.905656724,6.900948336,6.880726208,6.841440064,6.779555787,6.691489821,6.573905185,6.423662628,6.237722687,6.014160802,5.750687503,5.445322978,5.09797292,4.707769904,4.275195128,3.801201278,3.287315364,2.735816977,2.149549311,1.531752084,0.886296575,0.217260301,-0.470741439,-1.173031223,-1.884858066,-2.601334398,-3.317741287,-4.029448688,-4.732230507,-5.422032689,-6.095130758,-6.748530727,-7.379407265,-7.98568616,-8.56548465,-9.117718249,-9.641722808,-10.13723613,-10.60454728,-11.04421603,-11.45718222,-11.84486627,-12.20853025,-12.54985273,-12.87059105,-13.17241499,-13.45709925,-13.72607747,-13.980943,-14.22294022,-14.45316493,-14.67242821,-14.88145906,-15.08057311,-15.26987846,-15.44919231,-15.61838179,-15.77684237,-15.92377445,-16.05850898,-16.1801003,-16.28777514,-16.38058666,-16.45775253,-16.51865874,-16.56291021,-16.59007518,-16.60011767,-16.59285299,-16.56940603,-16.52974623,-16.47480913,-16.40568652,-16.32407345,-16.23104841,-16.12861391,-16.01839394,-15.90241995,-15.78275794,-15.66153893,-15.54075244,-15.42246759,-15.30859737,-15.20091192,-15.10101146,-15.01032638,-14.92990094,-14.86057977,-14.80305026,-14.75763097
0,-3.218901416,-3.268973117,-3.332908618,-3.411340589,-3.505005917,-3.614698801,-3.74137538,-3.885738629,-4.04884654,-4.231799083,-4.435888461,-4.662460444,-4.912993646,-5.18907373,-5.492390991,-5.824634725,-6.187591621,-6.582964613,-7.012502901,-7.4777445,-7.980118675,-8.521001081,-9.101446852,-9.722299389,-10.38409134,-11.08702548,-11.83100998,-12.61543592,-13.43928702,-14.30121702,-15.19933984,-16.13126016,-17.09422298,-18.08504877,-19.10015948,-20.13558406,-21.18704467,-22.25004188,-23.31997138,-24.39202566,-25.46135783,-26.52327833,-27.57325483,-28.6069663,-29.6203458,-30.60979032,-31.57206775,-32.50433017,-33.40418037,-34.26963381,-35.09914825,-35.89157217,-36.64610458,-37.36231682,-38.04008679,-38.67951972,-39.28087243,-39.84463995,-40.37143904,-40.861974,-41.31711057,-41.73779242,-42.125011,-42.47994124,-42.80363044,-43.09805484,-43.3637241,-43.60249386,-43.81572561,-44.00480335,-44.17093537,-44.31575954,-44.44082976,-44.54700632,-44.63612041,-44.70925615,-44.76777711,-44.81302653,-44.84620749,-44.86849223,-44.8809612,-44.8845327,-44.88018169,-44.86866062,-44.85071369,-44.82698809,-44.79810176,-44.76464094,-44.72744196,-44.68699066,-44.64404819,-44.59942916,-44.55391488,-44.50846416,-44.46391101,-44.4214303,-44.38180655,-44.34592888,-44.31480711,-44.28912793,-44.26974772
0,-6.690552796,-6.896365387,-7.132100433,-7.398235126,-7.694880226,-8.021916386,-8.378890047,-8.765236377,-9.180222438,-9.623164276,-10.09327643,-10.59008386,-11.11317161,-11.66256309,-12.23843001,-12.84123912,-13.47169765,-14.13076908,-14.81935578,-15.53848828,-16.28896957,-17.07130674,-17.88560439,-18.73135561,-19.6075235,-20.51229944,-21.44311344,-22.39655369,-23.36865396,-24.35463541,-25.34929415,-26.347107,-27.34229636,-28.32904587,-29.3017192,-30.25498771,-31.18394328,-32.08435696,-32.95238893,-33.78520567,-34.58022875,-35.33585165,-36.05100304,-36.72516303,-37.35828002,-37.95079589,-38.50331614,-39.01692146,-39.4928797,-39.93241986,-40.33709007,-40.70832324,-41.04784298,-41.35690618,-41.63725634,-41.89051613,-42.11812024,-42.32169459,-42.50268567,-42.66273874,-42.80313394,-42.92552936,-43.03112128,-43.12136889,-43.19742463,-43.26059673,-43.31172107,-43.3518905,-43.38186875,-43.40226362,-43.41362567,-43.41648929,-43.41090271,-43.39721107,-43.37520656,-43.3449881,-43.30628308,-43.25885471,-43.20244523,-43.13701195,-43.06201503,-42.97757178,-42.88356568,-42.7800912,-42.6674499,-42.54606955,-42.41663959,-42.27989453,-42.13686848,-41.98873011,-41.83680572,-41.68244511,-41.5271861,-41.37256739,-41.22023413,-41.07167103,-40.92836952,-40.7917294,-40.66291601,-40.54322992,-40.43342064
0,8.69078778,8.734106161,8.75590282,8.755633587,8.735217585,8.69150047,8.624956974,8.535500814,8.422920291,8.28651687,8.127090926,7.943540303,7.736013522,7.504335331,7.24842441,6.968173455,6.663561673,6.334551737,5.981102847,5.603212607,5.200940965,4.774372012,4.323618961,3.848871492,3.350303224,2.828171069,2.282774778,1.714465554,1.123663849,0.51085322,-0.123396913,-0.778409779,-1.453413546,-2.147506426,-2.859707789,-3.588833089,-4.33360301,-5.092648642,-5.864278782,-6.646779135,-7.438344171,-8.236962219,-9.040606359,-9.847198985,-10.65449834,-11.46034389,-12.26252767,-13.05886155,-13.84719285,-14.62548151,-15.39166439,-16.14375549,-16.87989778,-17.59834293,-18.29746155,-18.97577314,-19.63191352,-20.26463954,-20.87283932,-21.45558984,-22.01217852,-22.5419689,-23.04452145,-23.51952648,-23.96682591,-24.38638236,-24.778302,-25.14286308,-25.48044957,-25.79155695,-26.07677265,-26.33675753,-26.57223277,-26.78401281,-26.97295846,-27.14002375,-27.28613358,-27.41226589,-27.51938804,-27.60805458,-27.6803539,-27.73600305,-27.77611185,-27.80270458,-27.81558976,-27.81631705,-27.80558505,-27.78380291,-27.7529521,-27.71289074,-27.66475787,-27.60946253,-27.54775067,-27.48038514,-27.4081966,-27.33195643,-27.25239967,-27.17022236,-27.086114,-27.00070976,-26.91462691
0,-0.318569641,-0.309785957,-0.312917203,-0.32737251,-0.352788542,-0.389118535,-0.435896278,-0.493171336,-0.560656727,-0.638253685,-0.725952485,-0.82381745,-0.93194002,-1.050451455,-1.179567982,-1.319592613,-1.470551074,-1.633010902,-1.807057862,-1.992944985,-2.190867209,-2.400934034,-2.62315333,-2.857470074,-3.103765598,-3.361725262,-3.630966215,-3.911027796,-4.201284238,-4.501007158,-4.809349624,-5.125414017,-5.448177068,-5.776523875,-6.109271134,-6.445213756,-6.783080894,-7.121570026,-7.459334572,-7.795077646,-8.127518896,-8.455418043,-8.77753407,-9.092803617,-9.400194052,-9.698744971,-9.987646038,-10.26621921,-10.53395293,-10.79035992,-11.03515715,-11.26821681,-11.48946262,-11.69899936,-11.89691254,-12.08344755,-12.25886715,-12.42344542,-12.57742708,-12.72116567,-12.8548724,-12.97890014,-13.09346311,-13.19877001,-13.29488628,-13.38232635,-13.46106426,-13.53129982,-13.59319097,-13.64688337,-13.69238615,-13.73049642,-13.76074099,-13.7836064,-13.79893015,-13.80753366,-13.80917026,-13.80413467,-13.79256004,-13.77468066,-13.75078436,-13.72082787,-13.68504902,-13.64365376,-13.59671719,-13.54436609,-13.48697525,-13.42439524,-13.35758025,-13.28621018,-13.21098901,-13.13233,-13.05073839,-12.96688442,-12.88138767,-12.7950516,-12.70846017,-12.62270873,-12.53850693,-12.45673516,-12.37821399
0,4.319614547,4.361624302,4.394237291,4.416697121,4.430165665,4.433701902,4.427702584,4.412873621,4.388706671,4.355575152,4.313798642,4.263914149,4.205946747,4.139698776,4.066283724,3.984839855,3.896079127,3.799886244,3.696204251,3.584897528,3.465893124,3.339003768,3.204042054,3.060777953,2.909019448,2.748537121,2.579108956,2.400568484,2.21282579,2.015733545,1.809215725,1.593280464,1.368020888,1.133585264,0.890145519,0.637888299,0.377143224,0.108353932,-0.168076471,-0.451697166,-0.74205036,-1.038552364,-1.340551291,-1.647509187,-1.958799475,-2.273757455,-2.591822053,-2.912243808,-3.234409865,-3.557728894,-3.881596201,-4.205361771,-4.528425204,-4.850203685,-5.170151007,-5.487637709,-5.802120498,-6.112961232,-6.419613092,-6.721513116,-7.018075709,-7.308723191,-7.592857156,-7.869953731,-8.139468398,-8.400916371,-8.653729283,-8.897439042,-9.131631807,-9.355909939,-9.569878286,-9.773187522,-9.96551887,-10.14660891,-10.31626876,-10.4743134,-10.62045212,-10.75482182,-10.8773784,-10.98803998,-11.08679918,-11.17469265,-11.25069182,-11.3156637,-11.36988511,-11.41395316,-11.44811044,-11.47240087,-11.48838606,-11.49547849,-11.49493572,-11.48703933,-11.47279904,-11.45254461,-11.42703855,-11.39693021,-11.36305276,-11.32593424,-11.28632388,-11.24491144,-11.20230145
0,13.789884,13.78892499,13.78573917,13.78002522,13.77187723,13.7611359,13.74752066,13.73072724,13.71049284,13.68623287,13.65750238,13.62368545,13.58374761,13.53717559,13.4829874,13.42019632,13.34787167,13.2649556,13.17031756,13.0628561,12.94172437,12.80593662,12.654611,12.48705018,12.30266192,12.10100783,11.88176512,11.64480629,11.39018295,11.11808578,10.82876076,10.52274222,10.2006833,9.863334874,9.511505427,9.146165122,8.76830788,8.379057177,7.97961248,7.571026814,7.154495617,6.731199422,6.30221944,5.868625826,5.431465581,4.991662274,4.550068096,4.107487102,3.664654027,3.222169158,2.780495652,2.340159431,1.901564007,1.465057479,1.030897617,0.599350981,0.170767551,-0.254612871,-0.676452765,-1.09434527,-1.507899877,-1.916501516,-2.31960384,-2.716443589,-3.106192175,-3.488046647,-3.861005494,-4.224062058,-4.576180292,-4.916420494,-5.243651307,-5.556951608,-5.855308934,-6.137861126,-6.403884731,-6.652794793,-6.884105126,-7.096519943,-7.29169639,-7.468131606,-7.626077473,-7.766249383,-7.889087407,-7.995081725,-8.084993473,-8.159791301,-8.220583946,-8.268501453,-8.304793247,-8.330714636,-8.347016963,-8.356508126,-8.359408599,-8.357363006,-8.351644989,-8.343496763,-8.33428501,-8.324920364,-8.316341649,-8.309509076,-8.30457345
0,-10.2362557,-10.21538343,-10.19264442,-10.1688522,-10.14469348,-10.12113469,-10.09903051,-10.07913209,-10.06216928,-10.04885948,-10.03986368,-10.03559642,-10.03648649,-10.04295328,-10.05494205,-10.07312874,-10.09725469,-10.12756409,-10.16411898,-10.2069352,-10.25612347,-10.31176303,-10.3738715,-10.44273057,-10.51840636,-10.60115501,-10.6911661,-10.78869475,-10.89391884,-11.00711152,-11.12839034,-11.25807017,-11.39617945,-11.54290114,-11.69820157,-11.86204273,-12.03418539,-12.2144063,-12.40234984,-12.59749237,-12.79919234,-13.00673444,-13.21937424,-13.43622254,-13.6562641,-13.87862933,-14.10218517,-14.32586661,-14.54878398,-14.76983514,-14.98820897,-15.20304552,-15.41375564,-15.61966295,-15.82034076,-16.01538734,-16.20461097,-16.38777901,-16.56492416,-16.73593236,-16.9009578,-17.06011625,-17.21350605,-17.36134662,-17.50380821,-17.6410338,-17.77322993,-17.90059901,-18.02326915,-18.14137635,-18.25502338,-18.36451823,-18.46981218,-18.57105533,-18.66833307,-18.76181104,-18.85147252,-18.9374126,-19.01971875,-19.09851308,-19.17378552,-19.24559603,-19.31410527,-19.37935021,-19.44155584,-19.5007142,-19.55713686,-19.61086832,-19.66209622,-19.71094463,-19.7576655,-19.80222621,-19.84469461,-19.8850721,-19.92337113,-19.95944341,-19.99317455,-20.02446866,-20.05313985,-20.0789625,-20.10187385
0,2.963023859,2.984975988,3.016104927,3.055349669,3.101576561,3.153359793,3.209017659,3.266664965,3.324101826,3.379202082,3.429558634,3.472749132,3.506440628,3.528184374,3.535619551,3.526843898,3.499817169,3.452966133,3.384967733,3.295047509,3.181412876,3.045420515,2.885639632,2.703325327,2.498598591,2.27262359,2.026739,1.762408708,1.48134807,1.185346506,0.87639138,0.556392147,0.227368077,-0.108757099,-0.450093266,-0.794793838,-1.141191789,-1.487801561,-1.833191875,-2.176090865,-2.515405174,-2.850107127,-3.179373035,-3.502445129,-3.818591587,-4.127223091,-4.427878308,-4.720005981,-5.003176073,-5.277107209,-5.541420904,-5.795884746,-6.040334746,-6.274649087,-6.498700261,-6.712496132,-6.915962663,-7.109242203,-7.292303761,-7.465181919,-7.627922396,-7.780550361,-7.923091261,-8.055548357,-8.177891001,-8.290488357,-8.393059954,-8.48576356,-8.568964215,-8.642837036,-8.707757888,-8.76391163,-8.811806095,-8.851729304,-8.884531896,-8.91014772,-8.929449012,-8.942756124,-8.950699822,-8.953693836,-8.952231668,-8.946798046,-8.937893615,-8.926104491,-8.911798248,-8.895519557,-8.877564973,-8.858766902,-8.839320847,-8.819819604,-8.80080101,-8.782486721,-8.765462445,-8.750147674,-8.736975896,-8.726049145,-8.717786886,-8.71227228,-8.709518312,-8.70960746,-8.712379328
0,-0.246267063,-0.133807762,-0.020294572,0.093113441,0.205228973,0.315235617,0.422290283,0.525710915,0.624787185,0.718991446,0.807633628,0.890202563,0.966031021,1.034683072,1.095749482,1.148188384,1.191976901,1.226365381,1.251110391,1.265883619,1.27044217,1.264848965,1.24903796,1.223362704,1.188207481,1.144006538,1.091271153,1.030843923,0.963198738,0.888939829,0.808725531,0.722997234,0.632523109,0.537549996,0.438711144,0.336293449,0.230762634,0.122316719,0.011406626,-0.101808144,-0.217159774,-0.334356393,-0.453196918,-0.573498007,-0.695053833,-0.817601801,-0.940865939,-1.064530446,-1.1883525,-1.31207982,-1.435459422,-1.558210641,-1.680175654,-1.801192787,-1.921035733,-2.039489876,-2.156616098,-2.272181573,-2.386114508,-2.498374753,-2.608862888,-2.717630928,-2.82462318,-2.929790379,-3.033203143,-3.134725569,-3.234253542,-3.331683132,-3.426881578,-3.519543914,-3.609582117,-3.696643992,-3.780549511,-3.860990475,-3.937631861,-4.010295062,-4.078842403,-4.142936256,-4.202557879,-4.257642739,-4.308327446,-4.354542782,-4.396574308,-4.434635743,-4.468981188,-4.500010073,-4.527665735,-4.552577467,-4.574634412,-4.594154658,-4.611123679,-4.625567258,-4.637321553,-4.64630391,-4.652189886,-4.654729955,-4.653664445,-4.648525862,-4.638975049,-4.624612434,-4.604907127
0,6.083651049,6.095172886,6.097426189,6.089351806,6.071839484,6.044694868,6.007582374,5.959708366,5.901301067,5.83198316,5.751212968,5.65880301,5.553954004,5.436626155,5.305987709,5.161776952,5.003643649,4.831036839,4.64371584,4.441318441,4.223787781,3.990881347,3.742576352,3.478927449,3.200004215,2.906077383,2.597371028,2.274357379,1.937456443,1.587171161,1.22412263,0.849059558,0.462759115,0.065884087,-0.340515071,-0.75564242,-1.178410167,-1.60774324,-2.042733794,-2.482241535,-2.925202007,-3.370455756,-3.816881774,-4.263459289,-4.709171037,-5.152886289,-5.593646743,-6.030499032,-6.462299693,-6.888298919,-7.307598838,-7.719428157,-8.123012919,-8.517527462,-8.902485012,-9.277039419,-9.640790876,-9.993378278,-10.33413492,-10.66279445,-10.9790651,-11.28268043,-11.57351357,-11.8514177,-12.11617563,-12.36801529,-12.60684061,-12.83268527,-13.04586698,-13.24632312,-13.43451896,-13.61069151,-13.77507673,-13.92808408,-14.07002293,-14.20133661,-14.32237359,-14.43354258,-14.5351531,-14.62780175,-14.71134281,-14.78693094,-14.85441717,-14.91409901,-14.96652753,-15.01167356,-15.05036423,-15.0825713,-15.10871355,-15.12932763,-15.14361379,-15.15344733,-15.15882146,-15.15894857,-15.15559214,-15.1479501,-15.13691467,-15.12263395,-15.10514236,-15.08502819,-15.06226082
0,9.105981294,9.113092941,9.120773957,9.12835541,9.135022508,9.140062601,9.142497837,9.141993542,9.137198796,9.127818129,9.112868655,9.09185913,9.06379267,9.028419398,8.985117758,8.932648854,8.87248688,8.802062258,8.722114469,8.632114766,8.531964321,8.421419519,8.300375596,8.168744572,8.026520901,7.873766482,7.710539004,7.537128447,7.353517642,7.160574095,6.958061754,6.746592024,6.52676352,6.299179775,6.064366816,5.823097122,5.57610823,5.324166638,5.068154473,4.809045384,4.54779146,4.285375942,4.022721842,3.761018559,3.50120211,3.24433893,2.991498073,2.743668452,2.501822642,2.266884645,2.039659637,1.820909398,1.611507876,1.411953795,1.222695709,1.044298376,0.877030639,0.721162869,0.576817265,0.444001888,0.322654373,0.212759225,0.114229609,0.026208764,-0.050642643,-0.117972913,-0.175274013,-0.223338563,-0.262638802,-0.293865503,-0.31753843,-0.33440213,-0.345116803,-0.350037062,-0.350017971,-0.345802383,-0.337994497,-0.327147027,-0.314112295,-0.299526498,-0.284030352,-0.268222684,-0.252691839,-0.238189858,-0.225038825,-0.213740998,-0.204674833,-0.19798133,-0.194075963,-0.192912821,-0.194665856,-0.199400226,-0.206876282,-0.217009204,-0.229671263,-0.244317336,-0.260783873,-0.278584211,-0.297205267,-0.316179118,-0.334990006
1,-2.521287938,-2.559254335,-2.622233284,-2.708974194,-2.817010382,-2.943893903,-3.086553213,-3.242411407,-3.407132124,-3.578310709,-3.752360995,-3.926221998,-4.097183684,-4.262983414,-4.422000832,-4.573251002,-4.716878768,-4.853329697,-4.984296487,-5.112355441,-5.240418934,-5.372220613,-5.511814949,-5.663549346,-5.832216193,-6.022303805,-6.237170136,-6.481512683,-6.758445469,-7.070742386,-7.420237557,-7.807967974,-8.234051651,-8.697632493,-9.196977714,-9.729606494,-10.29215729,-10.88073587,-11.49089902,-12.11782724,-12.75656879,-13.40218263,-14.04984958,-14.69508497,-15.33389095,-15.96278334,-16.57886657,-17.17987472,-17.76407885,-18.33029166,-18.87768308,-19.40581725,-19.91438398,-20.40327212,-20.87231851,-21.32132841,-21.75000221,-22.15789834,-22.54450725,-22.9092476,-23.25146439,-23.5704538,-23.86564635,-24.13657673,-24.38284005,-24.60435043,-24.8012537,-24.97397051,-25.12331984,-25.24968917,-25.35564738,-25.44152034,-25.50918155,-25.56016394,-25.59616333,-25.61820096,-25.628651,-25.62809907,-25.61696175,-25.59772974,-25.56983534,-25.53445711,-25.4922404,-25.44378118,-25.38982045,-25.33153793,-25.26938632,-25.20459618,-25.13839951,-25.07210364,-25.00709187,-24.94482969,-24.88661929,-24.83388782,-24.78806339,-24.74975024,-24.71993284,-24.69852582,-24.68546275,-24.68065133,-24.68295383
1,15.38734868,15.52774377,15.64819759,15.73650937,15.78063367,15.76950896,15.6952103,15.55334598,15.34395795,15.07064199,14.74058803,14.36308839,13.94771304,13.50367188,13.03841177,12.55736131,12.06371024,11.55870357,11.04210643,10.51248895,9.967822103,9.405804212,8.823957829,8.220850036,7.595258357,6.947850868,6.280308513,5.595450691,4.896624384,4.186999822,3.469373813,2.746167291,2.019433821,1.290788336,0.561847192,-0.166542024,-0.8941536,-1.621066864,-2.347542849,-3.073547874,-3.797738833,-4.51766307,-5.229346898,-5.927890393,-6.60776521,-7.263830886,-7.892109362,-8.490814125,-9.061125363,-9.606468006,-10.13245571,-10.64574981,-11.15282114,-11.65884012,-12.16731209,-12.67927233,-13.19385162,-13.70809183,-14.21845821,-14.72026287,-15.20902217,-15.68094556,-16.13258169,-16.56091871,-16.96345542,-17.33806928,-17.68352105,-17.99915251,-18.28550337,-18.54398292,-18.77681795,-18.98687439,-19.17689933,-19.34896714,-19.50414012,-19.64197108,-19.76047946,-19.85710888,-19.92868644,-19.97229439,-19.98542135,-19.96536555,-19.91079828,-19.81874401,-19.68727367,-19.51476068,-19.3013441,-19.04980975,-18.7654739,-18.45659311,-18.1335477,-17.80769941,-17.48991495,-17.18957572,-16.91400387,-16.66760813,-16.45240024,-16.26823112,-16.11291941,-15.98348612,-15.87713104
1,12.16377184,12.13413506,12.07498911,11.98690885,11.87312471,11.73458299,11.57366958,11.39257263,11.19353488,10.97878022,10.7504466,10.51056895,10.26098949,10.00332327,9.738979961,9.469087017,9.194515059,8.915837732,8.633383413,8.347205275,8.057170156,7.762903868,7.463903531,7.159481824,6.848894389,6.531278643,6.205723694,5.87132793,5.527151057,5.172294023,4.805877476,4.427102833,4.035251028,3.62970835,3.209936561,2.775542993,2.326272559,1.861963571,1.382629303,0.888427902,0.379712527,-0.143059652,-0.679249676,-1.227987922,-1.788341776,-2.359173489,-2.939147611,-3.526919714,-4.120937139,-4.719626002,-5.321316364,-5.924310902,-6.526979282,-7.127671329,-7.724726439,-8.316583444,-8.901807196,-9.478932308,-10.0466876,-10.60384287,-11.14932457,-11.68214823,-12.2014669,-12.70649647,-13.19667136,-13.67143166,-14.13034683,-14.57315821,-14.99958126,-15.40950173,-15.80282024,-16.17953921,-16.53965318,-16.88324041,-17.2104175,-17.52128547,-17.81600221,-18.09469161,-18.35753957,-18.6047173,-18.83637465,-19.05268119,-19.25383779,-19.43999969,-19.61136224,-19.76818047,-19.91068495,-20.03912863,-20.15387182,-20.25529662,-20.34358854,-20.41983654,-20.48391497,-20.53710661,-20.57979791,-20.6124997,-20.63664416,-20.65248628,-20.66110988,-20.66323657,-20.65964812
1,5.734015386,5.877371431,6.025552216,6.176230879,6.327227143,6.476015203,6.620140752,6.756730754,6.882600689,6.994196609,7.089444149,7.164520767,7.217343077,7.245823278,7.2483265,7.223481174,7.170372397,7.08834509,6.978295461,6.840750923,6.677417407,6.491062088,6.285986292,6.067541617,5.842970383,5.619040621,5.405017634,5.209140282,5.039647152,4.903366818,4.805385613,4.749118332,4.735913462,4.76391394,4.830071318,4.928883901,5.05289964,5.192959179,5.339148348,5.480880049,5.608985889,5.713446895,5.78839157,5.828013131,5.828920352,5.79011797,5.711778645,5.595799514,5.444126717,5.262040462,5.051463563,4.816431056,4.560148936,4.285215846,3.994773959,3.690035996,3.373705133,3.0483315,2.71791386,2.385661563,2.058054232,1.739279363,1.435841856,1.152800607,0.895942078,0.669604395,0.477451188,0.322196025,0.203953628,0.123176881,0.076375126,0.059101773,0.066354511,0.091523142,0.126957782,0.166052139,0.203882248,0.236795506,0.263347685,0.285636836,0.307700066,0.335445472,0.375582014,0.435072461,0.519759269,0.633692702,0.779003651,0.954907796,1.158672163,1.385678027,1.628417047,1.880750026,2.134344815,2.382346851,2.617909519,2.835703765,3.031062362,3.201007758,3.343852475,3.459604874,3.549305311
1,32.80825063,32.70166494,32.58545954,32.46265292,32.33610303,32.20834972,32.08130363,31.95624864,31.83358097,31.71278074,31.59261204,31.47107783,31.34555873,31.21282001,31.06961342,30.9121958,30.73716875,30.5413036,30.32188595,30.07720536,29.80614908,29.50880852,29.18629749,28.84053208,28.47430991,28.09062978,27.69268448,27.28312782,26.86391722,26.43584139,25.99860899,25.55064461,25.08952406,24.61189592,24.11403037,23.59228704,23.04352837,22.46564124,21.85777423,21.22052992,20.55562131,19.86590692,19.15486241,18.42635638,17.68431513,16.93235736,16.17376695,15.41119807,14.6469089,13.88236673,13.11882495,12.3571221,11.5979487,10.84209186,10.09041803,9.344093267,8.60459542,7.873821053,7.154038367,6.447824887,5.757999356,5.087431487,4.439106152,3.815695576,3.219730063,2.653255358,2.117837483,1.614402987,1.142584925,0.702490778,0.293156264,-0.086420139,-0.437405546,-0.760077532,-1.055217161,-1.321874992,-1.559211584,-1.765181421,-1.937768878,-2.073778631,-2.170555274,-2.224961441,-2.23441191,-2.196575837,-2.109960263,-1.974022289,-1.788372543,-1.554409067,-1.274932318,-0.952558525,-0.592587267,-0.201286997,0.213138945,0.641062844,1.071461647,1.491842461,1.889725447,2.252786287,2.570408616,2.834809933,3.039908966
1,-5.714710509,-5.607828251,-5.529215266,-5.480883606,-5.460679497,-5.468058687,-5.504784842,-5.565969967,-5.653798328,-5.765044227,-5.898184913,-6.051095306,-6.221623972,-6.407664052,-6.607084132,-6.817636338,-7.037354009,-7.264966523,-7.497946078,-7.735705726,-7.977038695,-8.220455154,-8.466963611,-8.71499558,-8.964930823,-9.216909691,-9.471251591,-9.728482874,-9.989208961,-10.25410595,-10.52396505,-10.79959442,-11.08181859,-11.37142443,-11.6691948,-11.97584919,-12.29210948,-12.61850683,-12.9550523,-13.30209804,-13.6599285,-14.02790615,-14.40550217,-14.79180727,-15.18566314,-15.58551058,-15.98959723,-16.39582747,-16.80181836,-17.20503702,-17.60280183,-17.99258069,-18.37177586,-18.73797355,-19.08909912,-19.42311348,-19.73855175,-20.03413954,-20.30851985,-20.56208871,-20.79364383,-21.00332678,-21.19139207,-21.35844855,-21.50501712,-21.63202136,-21.74046685,-21.83144033,-21.9062806,-21.96579842,-22.01126608,-22.04342956,-22.06433712,-22.0727133,-22.07168417,-22.05987309,-22.0388355,-22.00853205,-21.96921589,-21.92107789,-21.86391859,-21.79875333,-21.72427186,-21.64095384,-21.55033152,-21.45111294,-21.34446914,-21.23101554,-21.11168347,-20.98749566,-20.859647,-20.72960447,-20.59895034,-20.46942862,-20.34286211,-20.22142059,-20.10640028,-20.00013045,-19.9043137,-19.82054118,-19.75014999
1,-0.406435965,-0.557634299,-0.628052651,-0.632183715,-0.587501916,-0.50645749,-0.413313503,-0.314610383,-0.222203704,-0.137220882,-0.060599149,0.017045678,0.101139037,0.206228794,0.336866404,0.507006256,0.723778689,0.983333569,1.29441957,1.647170137,2.031630958,2.432258155,2.82988952,3.205074321,3.535970488,3.805255586,3.995884812,4.096383774,4.100653617,4.005187302,3.816502225,3.535907165,3.165989121,2.716795347,2.198769622,1.625783223,0.997804257,0.336636716,-0.352584514,-1.061688423,-1.784034928,-2.51354015,-3.24579265,-3.978724749,-4.712335026,-5.448057434,-6.187920813,-6.933675918,-7.689665125,-8.449719106,-9.217770369,-9.990013022,-10.7632554,-11.53203017,-12.29079953,-13.03524041,-13.75592901,-14.44674063,-15.10279619,-15.71987933,-16.2942192,-16.81919197,-17.29029908,-17.69477447,-18.02295067,-18.26391438,-18.40717313,-18.44596587,-18.37803803,-18.20422172,-17.92812286,-17.56469271,-17.11161151,-16.60241189,-16.03142379,-15.41907808,-14.77676184,-14.11536381,-13.44439682,-12.7720368,-12.10539648,-11.45105851,-10.8156685,-10.20555224,-9.626624031,-9.081928313,-8.572139916,-8.095586142,-7.647161708,-7.220039344,-6.805591115,-6.395698354,-5.982850909,-5.561559248,-5.131024552,-4.692037831,-4.250136573,-3.817278553,-3.403796773,-3.024229921,-2.698064111
1,5.844476454,5.639918742,5.485117531,5.375313375,5.306509754,5.273184696,5.268471938,5.288492779,5.325990904,5.378555715,5.443143617,5.513975865,5.590169753,5.665665859,5.736985131,5.799507557,5.850567571,5.88655872,5.904481906,5.90293581,5.880580578,5.83677556,5.771107104,5.683979699,5.575995717,5.44812227,5.302313135,5.139434181,4.962143408,4.771894653,4.57058555,4.360549383,4.143648822,3.922545243,3.70004702,3.478928907,3.261707124,3.050898469,2.849152248,2.659096808,2.483166281,2.323725715,2.182501898,2.060734926,1.95849238,1.876019036,1.811953325,1.764784173,1.732415251,1.712398632,1.702285052,1.6992474,1.701190416,1.706102128,1.714149464,1.725621033,1.742676542,1.768026812,1.805439983,1.858717431,1.930687644,2.023260526,2.136502774,2.26746421,2.41130098,2.560949955,2.707908328,2.843641242,2.958161722,3.043689685,3.093832229,3.104020124,3.07448637,3.005834586,2.903974838,2.775941486,2.630077948,2.474404144,2.31567586,2.158589087,2.005562512,1.855323892,1.704567967,1.549552583,1.383596089,1.201685457,0.999912294,0.775867943,0.529059103,0.262188418,-0.021044264,-0.314162267,-0.609538905,-0.898350334,-1.171277518,-1.419147497,-1.632808903,-1.804268965,-1.926906089,-1.996154952,-2.007771655
1,-18.01646844,-17.91976609,-17.83493016,-17.76422225,-17.70933544,-17.67149679,-17.65248014,-17.65320592,-17.67541598,-17.71933403,-17.78619803,-17.87578669,-17.98775131,-18.12105285,-18.27438567,-18.44537412,-18.63159249,-18.83002929,-19.03757905,-19.25121029,-19.46816933,-19.68617161,-19.90494592,-20.1237042,-20.34422488,-20.56902576,-20.80140188,-21.04502962,-21.30267224,-21.57621529,-21.86567628,-22.16993412,-22.48570347,-22.80862744,-23.13331783,-23.45399436,-23.76484904,-24.06080035,-24.33769707,-24.5931293,-24.82545004,-25.03529554,-25.22364743,-25.39315618,-25.54529061,-25.68326198,-25.80997132,-25.92855809,-26.04172836,-26.15147514,-26.25927013,-26.3654879,-26.4705191,-26.57414663,-26.67596961,-26.77550548,-26.87246929,-26.9667522,-27.05880489,-27.14958781,-27.23883772,-27.32783378,-27.41775473,-27.50891779,-27.6021932,-27.6980266,-27.79675619,-27.89849478,-28.00309832,-28.1098996,-28.21745309,-28.32347286,-28.42470759,-28.51745128,-28.59720156,-28.6596186,-28.70082856,-28.71772378,-28.70833752,-28.67142571,-28.60566236,-28.50896588,-28.3788804,-28.21402606,-28.01069264,-27.76969534,-27.4932298,-27.1856519,-26.85314396,-26.50308639,-26.14281104,-25.77931349,-25.41874381,-25.06611931,-24.72542833,-24.39959942,-24.0908576,-23.80063908,-23.53001404,-23.2800994,-23.05126606
1,-11.40662798,-11.43601181,-11.45944022,-11.47370241,-11.47547162,-11.46077418,-11.42568554,-11.3670385,-11.28176262,-11.16768892,-11.02382037,-10.85046664,-10.64811821,-10.41916556,-10.16664852,-9.894386967,-9.606871017,-9.309019342,-9.005327152,-8.701060026,-8.400543247,-8.10802019,-7.826792076,-7.559914806,-7.309677946,-7.077317714,-6.864075177,-6.670128873,-6.495123407,-6.338464356,-6.198972735,-6.0754532,-5.965901334,-5.868157782,-5.780204018,-5.699545703,-5.623647729,-5.549974107,-5.476098617,-5.39961192,-5.318531852,-5.231525793,-5.137209185,-5.035054924,-4.925004193,-4.807746917,-4.684285614,-4.556261816,-4.425442209,-4.293986058,-4.164093307,-4.038032329,-3.917927534,-3.805815883,-3.703284159,-3.611642491,-3.531844525,-3.464446186,-3.40942991,-3.366624532,-3.335305593,-3.314442704,-3.303077987,-3.299631907,-3.303173979,-3.312447314,-3.326724732,-3.345112249,-3.367342954,-3.393254384,-3.422994836,-3.457029817,-3.495749175,-3.539694681,-3.589548981,-3.645812496,-3.708879586,-3.779459117,-3.857682171,-3.94388859,-4.037698363,-4.138939239,-4.246764097,-4.360073401,-4.47714206,-4.595871984,-4.713712131,-4.827925244,-4.936755161,-5.037251905,-5.127832887,-5.207279065,-5.274474348,-5.328918997,-5.370110199,-5.398255981,-5.41352752,-5.416502211,-5.407282081,-5.386855749,-5.355454941
1,-13.96400659,-14.36870952,-14.76660356,-15.1444346,-15.49044032,-15.79558578,-16.0534679,-16.26206648,-16.42919689,-16.56080805,-16.66991584,-16.7702459,-16.87398508,-16.98977199,-17.12225489,-17.27070006,-17.43006794,-17.59173601,-17.74695292,-17.89125711,-18.02628825,-18.15833047,-18.29837545,-18.4565336,-18.64210073,-18.86040324,-19.11325111,-19.39671766,-19.70507632,-20.02907471,-20.35908394,-20.68742172,-21.00835467,-21.31865058,-21.61732294,-21.90625292,-22.18879686,-22.46938359,-22.75184525,-23.03794888,-23.32758608,-23.61767498,-23.90307784,-24.17883087,-24.44013655,-24.68374483,-24.90886185,-25.1152676,-25.3026569,-25.46789851,-25.60894919,-25.71773663,-25.78926688,-25.82023458,-25.81186123,-25.77015031,-25.70572281,-25.63342983,-25.56716976,-25.51704244,-25.48772118,-25.47634327,-25.47300781,-25.46790994,-25.44572023,-25.39110122,-25.29784717,-25.15541178,-24.96129991,-24.71143578,-24.40888057,-24.0593958,-23.67376577,-23.26900517,-22.85935689,-22.46038179,-22.08357918,-21.73678115,-21.42390774,-21.14068845,-20.88705314,-20.65592746,-20.44030579,-20.23216012,-20.02524232,-19.81135544,-19.58774031,-19.35033186,-19.0994616,-18.83686402,-18.56662101,-18.2922272,-18.0164866,-17.7393691,-17.46103456,-17.17887625,-16.89077783,-16.59657259,-16.29670768,-15.99468344,-15.6929295
1,-5.558454588,-5.338632066,-5.14375286,-4.96425518,-4.788056507,-4.604890203,-4.407869311,-4.195629599,-3.970308601,-3.737324267,-3.506686175,-3.288766369,-3.095315097,-2.929860029,-2.798661231,-2.701024351,-2.637529792,-2.608938735,-2.620517845,-2.67597215,-2.784276872,-2.953272247,-3.18773293,-3.490055275,-3.855517413,-4.273904286,-4.732583322,-5.218964994,-5.722387435,-6.232989524,-6.744000721,-7.245378039,-7.727370617,-8.18407196,-8.615386187,-9.033650262,-9.451054593,-9.892534297,-10.38040383,-10.94307559,-11.59649108,-12.35170106,-13.20998357,-14.16716813,-15.21240436,-16.33417937,-17.51837014,-18.7509425,-20.0150721,-21.29605497,-22.57806787,-23.84624575,-25.08258603,-26.26759449,-27.38271695,-28.41371601,-29.35078435,-30.19137877,-30.9407692,-31.60797473,-32.20670939,-32.74127751,-33.21890073,-33.63835026,-33.99313911,-34.27630243,-34.47844717,-34.59177337,-34.61378217,-34.54801301,-34.40178676,-34.18834058,-33.92655549,-33.63734432,-33.34118191,-33.05575515,-32.79204815,-32.55608194,-32.34497518,-32.15473924,-31.98366913,-31.83418033,-31.7142137,-31.63326376,-31.5999086,-31.61174212,-31.65750141,-31.71325699,-31.74454622,-31.71868472,-31.61256385,-31.41060172,-31.11599494,-30.74371657,-30.32467662,-29.88882811,-29.46986075,-29.08960399,-28.75557591,-28.46289566,-28.1992491
1,0.65735223,0.636647757,0.598122064,0.557247326,0.525135323,0.503872177,0.486952576,0.463531788,0.424842635,0.368625497,0.297806361,0.217517616,0.136134805,0.064926668,0.011238992,-0.026493371,-0.056940178,-0.090877879,-0.137949905,-0.205438198,-0.298488161,-0.418617708,-0.560177683,-0.711838078,-0.863952139,-1.012848829,-1.158638193,-1.300341024,-1.435306593,-1.562261402,-1.684903533,-1.810694533,-1.9445192,-2.087072377,-2.241261109,-2.418402517,-2.633218076,-2.888070006,-3.166722139,-3.449083424,-3.733960285,-4.038236211,-4.378020809,-4.753451817,-5.144421321,-5.519601263,-5.848935652,-6.115975875,-6.324231025,-6.495071642,-6.658707249,-6.841811165,-7.058481388,-7.304238903,-7.56049598,-7.803447034,-8.008266144,-8.156985892,-8.243628427,-8.266680471,-8.21602733,-8.080316163,-7.869227046,-7.619847367,-7.379206104,-7.186867309,-7.067632616,-7.030797528,-7.065107987,-7.135552417,-7.188349132,-7.167806962,-7.045653325,-6.83584231,-6.575541121,-6.299394826,-6.029163633,-5.778706491,-5.564814079,-5.411012556,-5.336677244,-5.334404029,-5.37117079,-5.408137355,-5.414293431,-5.368631776,-5.257644145,-5.083090019,-4.871390036,-4.660519719,-4.47909642,-4.332879227,-4.201183769,-4.053483262,-3.875569407,-3.686977963,-3.529565325,-3.437350435,-3.420330074,-3.505211776,-4.039960295
1,-29.28187927,-29.25387889,-29.22231382,-29.16907547,-29.08246092,-28.96309931,-28.82135017,-28.66999201,-28.51436494,-28.34957952,-28.16609853,-27.95965451,-27.73652999,-27.51768918,-27.3377228,-27.23866775,-27.25650288,-27.40681885,-27.66792304,-27.98026465,-28.26775792,-28.47814657,-28.60524288,-28.66490584,-28.6698428,-28.62704169,-28.54850857,-28.45987988,-28.40185419,-28.4200178,-28.54365817,-28.77333848,-29.07779162,-29.40783512,-29.71888612,-29.98700649,-30.21798964,-30.44322912,-30.70416121,-31.03405154,-31.44455435,-31.91799307,-32.41304214,-32.8793907,-33.27833933,-33.59671203,-33.84492889,-34.04650721,-34.22928735,-34.4169486,-34.62210805,-34.84714238,-35.09085993,-35.35496356,-35.64440132,-35.96487639,-36.31884459,-36.70605545,-37.12233834,-37.56529779,-38.03264167,-38.51990169,-39.0160363,-39.50236788,-39.95482442,-40.35476542,-40.69617312,-40.9830671,-41.22589922,-41.43646954,-41.62082928,-41.77253218,-41.87131551,-41.89796747,-41.84899827,-41.74076202,-41.60611699,-41.48018256,-41.38291807,-41.31415932,-41.26278269,-41.22098848,-41.19029195,-41.17773189,-41.19295011,-41.24177082,-41.31713598,-41.40118468,-41.48107893,-41.56450858,-41.66899211,-41.80735167,-41.98701096,-42.20867138,-42.4551601,-42.6919163,-42.88063142,-43.00183792,-43.05769104,-43.05502421,-42.98660877
1,-7.285357935,-7.345573287,-7.452537789,-7.608351754,-7.813738457,-8.070444907,-8.377992364,-8.735685622,-9.142419815,-9.597080658,-10.0982276,-10.64460886,-11.23522686,-11.8691205,-12.54552195,-13.26364219,-14.02282178,-14.8219821,-15.65982914,-16.53469167,-17.44452127,-18.38689992,-19.35892876,-20.35738668,-21.37872521,-22.41926332,-23.47503762,-24.54229593,-25.61736296,-26.6968663,-27.77775179,-28.85728368,-29.93292108,-31.00183308,-32.06110014,-33.1072716,-34.1363348,-35.14393842,-36.12521058,-37.07532431,-37.98964106,-38.86395132,-39.69495731,-40.48048467,-41.21948689,-41.91191342,-42.55954512,-43.1638097,-43.7277072,-44.25418805,-44.74631959,-45.20709774,-45.63932677,-46.04547318,-46.42755977,-46.78760717,-47.12643463,-47.445225,-47.74399185,-48.02306088,-48.2817035,-48.51899109,-48.7338026,-48.92502646,-49.09108882,-49.2310639,-49.34384456,-49.42966918,-49.48732245,-49.51764054,-49.52122431,-49.49849996,-49.45051109,-49.37798725,-49.2833218,-49.1659975,-49.02965266,-48.8758914,-48.70832625,-48.53158408,-48.35101141,-48.17238879,-48.00245433,-47.84729988,-47.71211999,-47.60116519,-47.51669344,-47.4581549,-47.42336706,-47.40813349,-47.40581187,-47.40928776,-47.41072237,-47.40159145,-47.37518356,-47.32300278,-47.24115443,-47.12445915,-46.970231,-46.77789377,-46.54860452
1,20.53387709,20.53918466,20.50893517,20.44305784,20.3464816,20.22007428,20.06756637,19.89351693,19.70247795,19.49899809,19.28769451,19.07283378,18.85797627,18.64599297,18.43887903,18.23754475,18.04176898,17.85044219,17.66149205,17.47228947,17.27977613,17.08074595,16.8721649,16.65121803,16.41548621,16.16305476,15.89258673,15.60342762,15.29547538,14.96923186,14.62568334,14.2662427,13.89252066,13.50625356,13.10918766,12.70281711,12.28849769,11.86724243,11.43996634,11.00745397,10.57053827,10.13011372,9.687305656,9.243389805,8.799807379,8.358339739,7.920908646,7.48960148,7.066445713,6.653476717,6.252479273,5.86493115,5.491978052,5.134219383,4.791774992,4.464408462,4.150888222,3.850809968,3.56238083,3.28411556,3.014370327,2.751682716,2.494540571,2.241779179,1.992520038,1.746367026,1.502602147,1.26163784,1.023787101,0.789706216,0.560295481,0.336882931,0.120963234,-0.085578841,-0.280653693,-0.462530067,-0.630107007,-0.780849725,-0.913947909,-1.028204466,-1.122697374,-1.196647844,-1.249324587,-1.281042552,-1.291003158,-1.281229521,-1.251401515,-1.203013038,-1.138001238,-1.057997407,-0.966249838,-0.864607755,-0.75590943,-0.64261327,-0.52759956,-0.412541067,-0.299959434,-0.191182537,-0.088370925,0.007024193,0.093628325
1,13.93681556,13.88290706,13.82103988,13.75053396,13.6705497,13.58051416,13.47974449,13.36759581,13.2436969,13.10796502,12.96068339,12.80289083,12.63533207,12.45926742,12.27578706,12.08571263,11.88977045,11.6883703,11.48167575,11.26959592,11.05179143,10.82773794,10.59699401,10.35889628,10.11287698,9.85806796,9.593926527,9.319754972,9.035011224,8.739225713,8.432080785,8.113221255,7.782391197,7.439262087,7.083556425,6.714811484,6.332511529,5.935928358,5.524168376,5.095751166,4.649008058,4.181927302,3.692603788,3.179610393,2.641997083,2.079465948,1.492431269,0.881800115,0.249504643,-0.402067046,-1.069762645,-1.750061715,-2.439357451,-3.13408013,-3.830767684,-4.526205179,-5.21728758,-5.901187759,-6.575290083,-7.237123837,-7.884665922,-8.515925818,-9.129133492,-9.722643878,-10.29487359,-10.84465778,-11.37019941,-11.87016707,-12.34308899,-12.78704403,-13.20052637,-13.58112887,-13.92750372,-14.23802482,-14.51099913,-14.74548716,-14.94223295,-15.10201915,-15.22831186,-15.32588865,-15.40072061,-15.45945916,-15.51003063,-15.55971978,-15.61445742,-15.68032805,-15.76212306,-15.86194249,-15.98180706,-16.12130204,-16.27832224,-16.45003223,-16.631975,-16.81884151,-17.00482249,-17.18397003,-17.35065075,-17.49989165,-17.62807557,-17.73274387,-17.81280669
1,14.62448732,14.53378705,14.43504955,14.32992305,14.21990181,14.106436,13.99079771,13.87408584,13.75722062,13.6408517,13.52543853,13.41115412,13.29816687,13.18555744,13.07324213,12.96017179,12.84523208,12.7270486,12.60403953,12.47444922,12.336313,12.18758344,12.02611424,11.8496069,11.65585049,11.44250944,11.20736402,10.94829901,10.66316752,10.35003534,10.00733462,9.633024438,9.225928757,8.784851116,8.308813125,7.797070889,7.249253057,6.66513855,6.04492116,5.389015035,4.698112474,3.97331791,3.215971489,2.427790329,1.610735094,0.767128103,-0.100454529,-0.989196673,-1.895999383,-2.817607436,-3.750557221,-4.691279417,-5.636062881,-6.581224076,-7.523087416,-8.45804321,-9.382461859,-10.29315199,-11.18679971,-12.06044699,-12.91144035,-13.73730281,-14.53596802,-15.30559911,-16.04470618,-16.75206833,-17.42677418,-18.06832976,-18.67626355,-19.25060926,-19.79150398,-20.29932521,-20.77460051,-21.21801338,-21.63044624,-22.01277624,-22.3660551,-22.69136025,-22.9898455,-23.26267034,-23.51095996,-23.73598064,-23.93891145,-24.12096646,-24.28324775,-24.42710087,-24.55362809,-24.66398855,-24.75933125,-24.84084179,-24.90961516,-24.96678986,-25.01328425,-25.04982855,-25.07832455,-25.09868176,-25.11200927,-25.11897742,-25.12014813,-25.11595005,-25.10674422
1,1.762680743,1.699382411,1.528483432,1.267752226,0.934544225,0.551065572,0.140601707,-0.272750816,-0.66483172,-1.016497883,-1.309226489,-1.532262055,-1.691790192,-1.797854907,-1.877822714,-1.964321245,-2.086078182,-2.264988726,-2.516648999,-2.840705441,-3.238267315,-3.706131799,-4.246468487,-4.862756109,-5.560792794,-6.345816249,-7.219120555,-8.179235628,-9.220434435,-10.33244136,-11.50299923,-12.71904734,-13.96936907,-15.24625754,-16.54612311,-17.86948457,-19.21980124,-20.60168999,-22.0185205,-23.47019487,-24.95136232,-26.45113006,-27.95350477,-29.43865726,-30.88509884,-32.27182245,-33.57968908,-34.79216245,-35.89705922,-36.88724296,-37.76012551,-38.51691987,-39.16224839,-39.70346505,-40.14924108,-40.50861383,-40.78930992,-40.99854613,-41.14340183,-41.23090038,-41.2671281,-41.26299472,-41.22231045,-41.15968037,-41.07771079,-40.98421535,-40.88299872,-40.7757039,-40.66219888,-40.54154085,-40.41265837,-40.27444376,-40.12749647,-39.97316087,-39.81355632,-39.65162373,-39.4897897,-39.33008064,-39.17254752,-39.01615475,-38.85899252,-38.69723346,-38.52715365,-38.34506893,-38.14781483,-37.93312503,-37.70070618,-37.45228419,-37.19334683,-36.9306441,-36.67426665,-36.43579683,-36.22755822,-36.06157001,-35.94968517,-35.89739717,-35.90192913,-35.96892683,-36.08383854,-36.23411907,-36.4008475
1,11.98878932,11.52641787,10.92274389,10.1743011,9.282950748,8.255064747,7.104210127,5.845757678,4.498473654,3.080837093,1.607805143,0.088415126,-1.474451227,-3.081833444,-4.735166689,-6.43287511,-8.168731421,-9.931843011,-11.7085016,-13.48354318,-15.24202231,-16.97005394,-18.6548364,-20.28367011,-21.8431942,-23.31868755,-24.69482956,-25.95748783,-27.09755816,-28.11274763,-29.00829575,-29.79569628,-30.48982124,-31.10613678,-31.6585044,-32.15692604,-32.60695654,-33.00930927,-33.36075018,-33.65538011,-33.88729104,-34.0521648,-34.15090142,-34.18950502,-34.18033188,-34.14039582,-34.08947071,-34.04768607,-34.03258421,-34.058312,-34.13241492,-34.25701435,-34.42786518,-34.63537577,-34.86609678,-35.104708,-35.33546332,-35.54505797,-35.72336258,-35.86459849,-35.9684229,-36.03656388,-36.0759848,-36.09454116,-36.10041084,-36.10200166,-36.10635897,-36.12101889,-36.15230595,-36.20579683,-36.286904,-36.39664535,-36.53515504,-36.70003927,-36.88799783,-37.09746531,-37.32969326,-37.58966557,-37.8858056,-38.2278907,-38.62524583,-39.08297917,-39.59901073,-40.16189386,-40.74988155,-41.33360596,-41.8808695,-42.36403694,-42.76567278,-43.08219463,-43.32150823,-43.49722709,-43.62356509,-43.71160883,-43.76813395,-43.79703265,-43.79951761,-43.77604157,-43.72632226,-43.64964289,-43.5463017
1,-1.230372437,-1.242206081,-1.271824664,-1.317047361,-1.376009172,-1.446698171,-1.526823059,-1.614655903,-1.708053939,-1.805188103,-1.904583272,-2.004807785,-2.104810403,-2.203979635,-2.301796542,-2.398216438,-2.493256394,-2.587589193,-2.681590014,-2.776162627,-2.872244707,-2.970847209,-3.073035104,-3.17982667,-3.29230075,-3.411181212,-3.537489946,-3.67178877,-3.814634974,-3.966369734,-4.127196407,-4.297169239,-4.476056481,-4.663557793,-4.8591846,-5.062329381,-5.272208676,-5.487788104,-5.707966525,-5.931661382,-6.157630864,-6.38452101,-6.611003018,-6.83575023,-7.057375357,-7.274528203,-7.485992001,-7.690463957,-7.886788446,-8.074001791,-8.251173232,-8.417496369,-8.57240561,-8.715323342,-8.845973471,-8.964231602,-9.070096436,-9.163801775,-9.245544619,-9.315882209,-9.375528306,-9.425025868,-9.465291955,-9.497036872,-9.52134327,-9.53903706,-9.550916954,-9.557741742,-9.560314355,-9.559225918,-9.555098412,-9.547698007,-9.53795037,-9.525565288,-9.510516006,-9.492546578,-9.471409737,-9.446317703,-9.417187364,-9.383196397,-9.343684508,-9.298156706,-9.24576335,-9.18649487,-9.119410797,-9.044914776,-8.962442484,-8.87231623,-8.775113535,-8.671284674,-8.561612663,-8.44722603,-8.329322354,-8.209370232,-8.08872029,-7.96901704,-7.851826918,-7.738832348,-7.631405083,-7.531128983,-7.439222565
1,-4.171403381,-4.438566621,-4.702702889,-4.95358651,-5.183273391,-5.386575196,-5.56221673,-5.712175948,-5.840886085,-5.954760748,-6.060594017,-6.165401677,-6.275865355,-6.397834979,-6.53625671,-6.694292276,-6.873562539,-7.073590272,-7.293369596,-7.530490232,-7.781435577,-8.041285158,-8.303625178,-8.56068262,-8.804274696,-9.026859827,-9.22271132,-9.388814184,-9.524979086,-9.633212374,-9.717259485,-9.781716627,-9.831810468,-9.872314329,-9.906690957,-9.937826233,-9.966237467,-9.991587972,-10.011649,-10.02317359,-10.0226482,-10.00770532,-9.977799692,-9.933534739,-9.876397824,-9.808037368,-9.729993723,-9.64340036,-9.548860717,-9.448035498,-9.34015806,-9.225221404,-9.102229821,-8.970191457,-8.828675358,-8.677978827,-8.519973153,-8.356970726,-8.19159549,-8.026594312,-7.865014211,-7.709946939,-7.564242343,-7.430192587,-7.30892461,-7.200436527,-7.10361409,-7.016763848,-6.938304659,-6.867272353,-6.802925598,-6.744297788,-6.689995431,-6.637732296,-6.584977789,-6.529059804,-6.467621125,-6.398935679,-6.32184695,-6.236125733,-6.141847619,-6.039132609,-5.927788055,-5.807323514,-5.676969611,-5.536182697,-5.3853839,-5.225468574,-5.058428397,-4.886685576,-4.713182238,-4.541321399,-4.375058846,-4.218533832,-4.076130666,-3.95194839,-3.849508468,-3.77190268,-3.721169737,-3.697884503,-3.701173102
1,-13.63117747,-13.66934755,-13.72143601,-13.78907663,-13.87324539,-13.97455054,-14.09297242,-14.22824675,-14.37988365,-14.54746861,-14.73060954,-14.9290514,-15.14247204,-15.37057329,-15.61296355,-15.86891273,-16.13718691,-16.41587323,-16.70269004,-16.99476435,-17.28918405,-17.58314831,-17.87403431,-18.15960105,-18.43806396,-18.70779052,-18.96767052,-19.21688442,-19.45495152,-19.68187162,-19.89791625,-20.10360118,-20.29968406,-20.48695204,-20.66623518,-20.83803592,-21.00278906,-21.16071686,-21.31171192,-21.45578026,-21.59264576,-21.72230882,-21.84473474,-21.95998578,-22.06837312,-22.17038636,-22.2667493,-22.35853942,-22.44695963,-22.5334575,-22.61941234,-22.70595801,-22.79413776,-22.88452585,-22.97756191,-23.07335921,-23.17167901,-23.27222402,-23.37441121,-23.47768259,-23.58144159,-23.68507253,-23.78804361,-23.88980603,-23.98976997,-24.08734245,-24.18187569,-24.27260062,-24.35866539,-24.43918787,-24.51328452,-24.58008361,-24.63883384,-24.68886134,-24.7298091,-24.76144349,-24.7837153,-24.79673057,-24.80059933,-24.79547636,-24.78123747,-24.75779335,-24.72488767,-24.68187036,-24.62797294,-24.56209174,-24.48318748,-24.390458,-24.28353057,-24.16266288,-24.02880746,-23.88368889,-23.72946322,-23.56901157,-23.40565486,-23.24316491,-23.08574813,-22.93791449,-22.80419749,-22.68884051,-22.59530623
1,2.088986682,2.107228346,2.141282899,2.185329156,2.233908115,2.280708439,2.320701697,2.349585111,2.363927428,2.362800129,2.344009628,2.308187149,2.256607087,2.190433737,2.111363339,2.021417709,1.922115896,1.81538854,1.703205009,1.587591992,1.470664457,1.35437955,1.240234321,1.129634132,1.02280035,0.920198131,0.821276436,0.724870187,0.629577452,0.533340935,0.434222798,0.330548929,0.221079412,0.105873522,-0.014699803,-0.139596544,-0.267881419,-0.398695986,-0.531532604,-0.665736065,-0.801295524,-0.938269249,-1.076652338,-1.218015592,-1.361998131,-1.510611764,-1.665002698,-1.826222533,-1.995014487,-2.171843071,-2.356597172,-2.548972968,-2.748163189,-2.953570267,-3.163943316,-3.377508797,-3.592104664,-3.805297986,-4.014715876,-4.218470858,-4.414872936,-4.603091199,-4.78239827,-4.952550523,-5.113057027,-5.263195937,-5.401261109,-5.526400895,-5.637033461,-5.732809771,-5.813032934,-5.877976688,-5.9285533,-5.965810218,-5.992219831,-6.010670349,-6.024261393,-6.036352017,-6.049192062,-6.064352022,-6.082154447,-6.102047742,-6.123980292,-6.147807721,-6.174049919,-6.203145848,-6.235611182,-6.271605179,-6.310759215,-6.35183245,-6.393157552,-6.432588408,-6.468273063,-6.49826388,-6.521418561,-6.536890056,-6.544492017,-6.545058314,-6.539308744,-6.527976558,-6.512633365
1,7.181577431,7.361411273,7.538645526,7.7047282,7.85099388,7.970664152,8.05894969,8.111192308,8.123639249,8.093299647,8.017853985,7.896409176,7.730038419,7.524170163,7.286867981,7.025497749,6.746295593,6.453057767,6.147819741,5.832650114,5.510524853,5.185505758,4.86237339,4.546835619,4.244507306,3.960882129,3.699905124,3.463430525,3.250473232,3.057360752,2.878248869,2.705972566,2.53369343,2.354711726,2.164813292,1.962445617,1.748659536,1.525525228,1.296082391,1.06325953,0.829858532,0.59803918,0.370404255,0.148094936,-0.06857691,-0.280456516,-0.489128146,-0.696637522,-0.90495763,-1.115497036,-1.329879326,-1.549071483,-1.773802203,-2.003917428,-2.238954731,-2.478004898,-2.719810633,-2.963322532,-3.207873361,-3.45300208,-3.698255481,-3.943220001,-4.187031254,-4.428944359,-4.667845907,-4.902313756,-5.131489939,-5.354889795,-5.572660549,-5.785601668,-5.9925618,-6.191920627,-6.381097437,-6.557231025,-6.717754483,-6.8607225,-6.984313167,-7.087496096,-7.169967896,-7.232116142,-7.275144067,-7.300999784,-7.311915503,-7.309826372,-7.296471029,-7.273145113,-7.240894192,-7.201375797,-7.156727235,-7.110403909,-7.066069106,-7.028047106,-7.000102668,-6.984528558,-6.98143662,-6.989076235,-7.003637523,-7.020739297,-7.035658446,-7.044062708,-7.04252411
1,-6.595887763,-6.66109887,-6.72098913,-6.776839565,-6.830505841,-6.884244389,-6.940413247,-7.001204749,-7.06871082,-7.144444141,-7.229372335,-7.323958422,-7.428012365,-7.540640591,-7.660534119,-7.785728523,-7.913944658,-8.042598827,-8.16919141,-8.291360299,-8.40677718,-8.513745057,-8.610993615,-8.697814578,-8.77387669,-8.839605843,-8.895821558,-8.943903172,-8.985617781,-9.023113306,-9.058731692,-9.094819361,-9.133881011,-9.178136459,-9.229502796,-9.28938883,-9.358942821,-9.438526842,-9.52780733,-9.625666852,-9.73170391,-9.841126847,-9.953624775,-10.06465873,-10.17136789,-10.27032115,-10.35797772,-10.43122553,-10.48646843,-10.52127221,-10.53387205,-10.52253465,-10.48625425,-10.42471639,-10.33850596,-10.22903595,-10.09867095,-9.950442668,-9.788743784,-9.619051231,-9.447488259,-9.280751478,-9.125810851,-8.989243836,-8.877486133,-8.796160365,-8.749827515,-8.741879322,-8.774653247,-8.845507238,-8.957021924,-9.103806635,-9.283334547,-9.490237183,-9.719096069,-9.963336046,-10.21611339,-10.47066427,-10.7200029,-10.95770299,-11.17766755,-11.37496219,-11.54683987,-11.68951205,-11.80367242,-11.89027717,-11.95239221,-11.99449841,-12.02197494,-12.0399513,-12.05348313,-12.06695686,-12.08365188,-12.10564138,-12.13386045,-12.16860541,-12.20896728,-12.25544623,-12.30482774,-12.35404112,-12.40355525
1,15.16922222,15.24742022,15.30963149,15.34904985,15.36026083,15.33937794,15.28310136,15.19045874,15.06215718,14.90023121,14.70797947,14.48952982,14.262773,14.0135688,13.7455697,13.46196597,13.16483067,12.85588803,12.53629884,12.2067889,11.8683497,11.5223073,11.17050832,10.81593732,10.46187793,10.1122869,9.771556312,9.444699744,9.136572781,8.852136672,8.596120044,8.372495934,8.184228822,8.03266169,7.917524467,7.837303381,7.787727584,7.763843292,7.758930412,7.765279707,7.77376114,7.776873036,7.767038724,7.741127237,7.695739267,7.630017237,7.548199276,7.457164824,7.365115908,7.282682656,7.220627447,7.188964898,7.194784934,7.243829593,7.337001621,7.472246559,7.645181462,7.848229438,8.072317536,8.307274969,8.54470647,8.77516834,8.992384687,9.194649558,9.377963392,9.543821873,9.693667557,9.828970741,9.954033959,10.0732578,10.19646889,10.34242728,10.5373996,10.80813149,11.15795287,11.58342944,12.06198214,12.56788276,13.08049328,13.58340248,14.06487016,14.51759346,14.93678989,15.31895399,15.66205642,15.96474459,16.22607061,16.4463421,16.62519296,16.76334447,16.86175777,16.92189016,16.94513913,16.93363391,16.88902815,16.8140513,16.7104171,16.57975017,16.42476842,16.24761001,16.05050196
1,-4.902762365,-4.998669398,-5.232891766,-5.544128515,-5.869949723,-6.171612811,-6.444926054,-6.699184165,-6.962566645,-7.24944431,-7.560869401,-7.890809894,-8.231469663,-8.576768211,-8.922097227,-9.260246856,-9.578888001,-9.867362259,-10.11521475,-10.3171317,-10.47695902,-10.60988127,-10.7514665,-10.9394646,-11.20344147,-11.5596652,-12.01331858,-12.55909512,-13.18723701,-13.8855487,-14.63891663,-15.42810504,-16.22972777,-17.0209185,-17.78418693,-18.50583929,-19.17520587,-19.7855876,-20.33872521,-20.84762057,-21.3324013,-21.81508951,-22.3134215,-22.83698012,-23.38477075,-23.94537442,-24.5002711,-25.03161819,-25.53299144,-26.01708142,-26.50847411,-27.02650526,-27.57113583,-28.12300545,-28.65438593,-29.14176216,-29.5754356,-29.96069359,-30.31201036,-30.64572959,-30.97401603,-31.3023442,-31.62406162,-31.92580454,-32.18951163,-32.39946833,-32.54904026,-32.6410618,-32.68695691,-32.6978286,-32.68530401,-32.65698465,-32.61635416,-32.56351603,-32.49968664,-32.42897469,-32.35849028,-32.29630344,-32.24938601,-32.21933712,-32.20401968,-32.19994027,-32.20804738,-32.23175929,-32.26544397,-32.29573128,-32.30704602,-32.28671546,-32.22625011,-32.12426735,-31.98191096,-31.80492582,-31.59567681,-31.35513664,-31.08409884,-30.79044924,-30.48655733,-30.19055233,-29.9188898,-29.68596874,-29.50041047
1,-0.021783859,0.106757612,0.232502428,0.353341214,0.468881828,0.577107291,0.676706328,0.766074587,0.842893245,0.906177296,0.952722147,0.980913908,0.988408442,0.975118659,0.939086733,0.87962753,0.798364326,0.694406106,0.568600761,0.423675951,0.260328984,0.080340555,-0.113330527,-0.320312478,-0.537424654,-0.763450159,-0.997219167,-1.237730211,-1.48483532,-1.739194383,-2.001817686,-2.2739591,-2.557381172,-2.85349795,-3.163592871,-3.488726709,-3.829687789,-4.186753644,-4.560024835,-4.949435282,-5.35424604,-5.775003322,-6.209130109,-6.657892714,-7.120339693,-7.595800627,-8.083512499,-8.582932075,-9.093185706,-9.613183046,-10.14175838,-10.67734179,-11.21815592,-11.76225701,-12.30744842,-12.85156112,-13.39246228,-13.92808884,-14.45656252,-14.97628153,-15.48594546,-15.98429475,-16.47037582,-16.94329297,-17.40217079,-17.84605459,-18.27407231,-18.68547952,-19.07946799,-19.45558905,-19.81342442,-20.15301624,-20.47438434,-20.77773225,-21.06356765,-21.33260073,-21.58535799,-21.82267746,-22.0454071,-22.25397806,-22.44937029,-22.63188909,-22.80195655,-22.95952451,-23.10445837,-23.23638447,-23.35486556,-23.45970182,-23.55076794,-23.62773489,-23.69177362,-23.74218649,-23.78091267,-23.80767834,-23.82372661,-23.83016253,-23.82671407,-23.81437116,-23.79360034,-23.76510793,-23.72967171
1,3.831500153,3.881356897,3.90473599,3.899915444,3.864874623,3.799112826,3.704838321,3.583198298,3.437620597,3.269507527,3.080566932,2.87088725,2.639401662,2.384367812,2.103558262,1.794700173,1.455901832,1.087551572,0.69086722,0.268865626,-0.171863885,-0.627255092,-1.088688477,-1.549113214,-2.00147672,-2.440376276,-2.86114439,-3.262253395,-3.642520715,-4.002718618,-4.344332214,-4.669287059,-4.980123631,-5.279053419,-5.568469791,-5.850301917,-6.126450122,-6.398554151,-6.668011905,-6.936133324,-7.204387007,-7.473497523,-7.745531255,-8.021706663,-8.303988663,-8.594091671,-8.893317829,-9.201768994,-9.518159223,-9.839534144,-10.16085735,-10.47602513,-10.77680098,-11.05523413,-11.30245033,-11.51308992,-11.67981839,-11.79859079,-11.86887706,-11.89062446,-11.86673782,-11.802069,-11.70251048,-11.57511155,-11.42620405,-11.26203097,-11.08750616,-10.90821286,-10.72541919,-10.54286763,-10.36345168,-10.1892645,-10.0214657,-9.86167545,-9.70976221,-9.562634428,-9.416474649,-9.265928517,-9.104592455,-8.927277222,-8.729262031,-8.507221362,-8.260115487,-7.987590247,-7.692843602,-7.379200458,-7.052422221,-6.717648334,-6.380481385,-6.046178812,-5.71887885,-5.402114674,-5.098292745,-4.810106159,-4.539754787,-4.290057222,-4.063516274,-3.862499462,-3.689741947,-3.548428119,-3.44102316
1,5.486411331,5.79554541,5.862957501,5.687185292,5.238642235,4.565073904,3.744850166,2.879264583,2.088975663,1.47365749,1.10094481,0.978621178,1.092488506,1.40193131,1.835288523,2.306562162,2.761699931,3.147087625,3.430602099,3.607427797,3.688649723,3.700136052,3.673617393,3.642487865,3.628132349,3.637250144,3.671614154,3.712599121,3.74015265,3.739615742,3.698585721,3.612881843,3.487088513,3.331526915,3.159148832,2.984740342,2.818205611,2.670620128,2.54431906,2.43258133,2.335606981,2.240332063,2.137746578,2.020015885,1.877359914,1.703431187,1.494933217,1.251715775,0.980936974,0.691568108,0.39652169,0.110972107,-0.149446644,-0.370557497,-0.548964501,-0.679579751,-0.773423506,-0.845829141,-0.911297832,-0.987576402,-1.087961635,-1.220048853,-1.387591319,-1.588334822,-1.815251799,-2.059471169,-2.304704897,-2.537524055,-2.735956123,-2.893586879,-2.997167121,-3.047088979,-3.049574023,-3.015720371,-2.960018669,-2.899885128,-2.846468386,-2.814945962,-2.813027509,-2.842996527,-2.903822022,-2.990678279,-3.094211911,-3.207733272,-3.320958619,-3.424408007,-3.509446591,-3.571434349,-3.60589321,-3.615840448,-3.604707677,-3.577072263,-3.540758937,-3.493871633,-3.441751893,-3.381462167,-3.31120198,-3.229803425,-3.137306211,-3.036409225,-2.93201536
1,-25.70072322,-25.64411824,-25.60247255,-25.43939238,-25.16748929,-25.01400708,-24.98241613,-24.97202022,-24.99290658,-25.22919306,-25.76205961,-26.17246712,-26.20303004,-26.19980257,-26.28067226,-26.26927209,-26.35090526,-26.60645054,-26.7688694,-26.75276135,-26.83714819,-27.06421807,-27.21629028,-27.34872966,-27.40310485,-27.29034349,-27.19388637,-27.15849594,-27.08902676,-26.97446712,-26.85603517,-26.81341234,-26.83453208,-26.81077538,-26.74199106,-26.61211779,-26.3643905,-26.1602686,-26.21864284,-26.4343346,-26.50122605,-26.38885234,-26.25007283,-26.27771019,-26.50907286,-26.54910389,-25.87919099,-24.77477023,-24.27318472,-24.75081769,-25.67265834,-26.15849109,-25.97681379,-25.80071559,-26.05158963,-26.10897396,-25.78230973,-25.50668401,-25.46818414,-25.57547293,-25.73626227,-25.87076379,-25.88439824,-25.85431661,-25.90493335,-26.02204706,-26.12365653,-26.14557638,-26.06980273,-25.97997681,-25.88582163,-25.76962259,-25.76183027,-25.90541603,-26.06528853,-26.12352234,-25.99763998,-25.77448498,-25.6078511,-25.54541196,-25.5577371,-25.58781261,-25.53164213,-25.40871061,-25.21962604,-25.01658715,-24.94323344,-25.07110071,-25.31684121,-25.56746942,-25.7252908,-25.75462976,-25.69181597,-25.62311741,-25.57651383,-25.56749812,-25.67891775,-25.9132861,-26.12405183,-26.12982218,-25.89135839
1,-4.862467135,-4.762884299,-4.690822946,-4.646229462,-4.627624743,-4.631314181,-4.654991509,-4.695387791,-4.748866364,-4.812673407,-4.883288461,-4.959588629,-5.040492418,-5.124222794,-5.212814331,-5.30536733,-5.40413196,-5.509428584,-5.623747764,-5.749076908,-5.887747731,-6.042687243,-6.216381793,-6.412185255,-6.632669243,-6.881119858,-7.160449979,-7.473264058,-7.818462635,-8.199412876,-8.615535738,-9.065528598,-9.547912335,-10.06011081,-10.59903755,-11.16116552,-11.74241742,-12.33867599,-12.94579898,-13.55973967,-14.17676598,-14.79341053,-15.40649253,-16.01329583,-16.61124086,-17.19800485,-17.77187428,-18.33116626,-18.87449399,-19.4008705,-19.90950579,-20.39992171,-20.87158206,-21.32421501,-21.75761812,-22.17145218,-22.56538406,-22.93893143,-23.29139986,-23.62212412,-23.93031532,-24.21542074,-24.47670715,-24.71393354,-24.92700174,-25.11580631,-25.28089182,-25.42283149,-25.54257832,-25.64131895,-25.72050775,-25.78075538,-25.82500273,-25.85362076,-25.86849669,-25.87088687,-25.86231141,-25.84414921,-25.81784296,-25.78431262,-25.74518681,-25.70129823,-25.65358112,-25.60275158,-25.54933447,-25.49372187,-25.43571916,-25.37548153,-25.31295691,-25.24800194,-25.18050886,-25.11065569,-25.03861051,-24.96476879,-24.88975758,-24.8143823,-24.73928431,-24.66569717,-24.59440768,-24.52620184,-24.46174767
