0,-1.747925816,-1.631034001,-1.500745721,-1.359128811,-1.20952367,-1.055226625,-0.899607241,-0.746062975,-0.597770824,-0.45773092,-0.328730207,-0.213117557,-0.111968134,-0.027619691,0.038776486,0.086923371,0.11688185,0.128008743,0.121676351,0.0976172,0.057909217,0.00280203,-0.065543336,-0.145320879,-0.23461271,-0.331024769,-0.432379811,-0.535809143,-0.638792409,-0.738092268,-0.830605954,-0.913298804,-0.983031372,-1.036580229,-1.071095121,-1.082810257,-1.070634359,-1.028857783,-0.959218865,-0.855849979,-0.718503602,-0.546466303,-0.337335523,-0.091478121,0.191048483,0.509752018,0.863531208,1.250788176,1.669310231,2.116478393,2.589318475,3.084523726,3.598451651,4.127265251,4.667058739,5.213846538,5.763772665,6.313033827,6.85807171,7.395587959,7.922594644,8.436403617,8.934680836,9.415411314,9.876967683,10.31796178,10.73728121,11.1340736,11.50758643,11.85724901,12.18263418,12.48345372,12.75913058,13.00987989,13.23572709,13.43595914,13.61070451,13.76006089,13.88376767,13.98319431,14.05698637,14.10698363,14.13288312,14.13563054,14.11619671,14.07559714,14.01421432,13.93493653,13.83855083,13.72644052,13.60070474,13.46292916,13.31607599,13.16095942,13.00017481,12.83580545,12.67001412,12.50479224,12.34205794,12.18366624,12.03114715
0,-9.422266003,-9.414465827,-9.378703956,-9.314238731,-9.219734198,-9.096742281,-8.947634806,-8.776559679,-8.588977914,-8.39138253,-8.190996994,-7.995249125,-7.811305432,-7.645510721,-7.50306451,-7.387621251,-7.301772504,-7.244295615,-7.21543043,-7.212552162,-7.231557772,-7.268234671,-7.320231244,-7.379879539,-7.446011437,-7.51441202,-7.58210241,-7.64749867,-7.709680462,-7.768704379,-7.825462005,-7.881414901,-7.938914409,-8.000264904,-8.067928896,-8.144342646,-8.231447021,-8.330784245,-8.443024498,-8.569300073,-8.709113736,-8.862017262,-9.027098864,-9.203083432,-9.388461174,-9.581401654,-9.779879413,-9.981730733,-10.18460765,-10.3860899,-10.58376961,-10.77527563,-10.9577247,-11.13011656,-11.28906702,-11.43296839,-11.55999356,-11.66989097,-11.75926844,-11.83023783,-11.88053988,-11.91135128,-11.923624,-11.91903069,-11.89971297,-11.86925393,-11.83011257,-11.78691558,-11.74351559,-11.70422623,-11.67335611,-11.65487935,-11.65452021,-11.67242058,-11.71334843,-11.77922161,-11.87138749,-11.99038805,-12.13550434,-12.30640872,-12.49951553,-12.71222353,-12.94215681,-13.18381495,-13.43276635,-13.6840027,-13.93247907,-14.17324922,-14.40157548,-14.61314307,-14.80419778,-14.97138728,-15.11396698,-15.22917212,-15.31662218,-15.37939398,-15.41621578,-15.43011929,-15.42366643,-15.3995906,-15.36083415
0,-5.842574183,-6.006052711,-6.15512778,-6.281177505,-6.377179444,-6.4359478,-6.455741672,-6.433238664,-6.371666384,-6.273029772,-6.142379531,-5.985086993,-5.812409899,-5.629861126,-5.44757311,-5.272653478,-5.11538949,-4.981501897,-4.877566298,-4.808415994,-4.778483227,-4.786139316,-4.837729115,-4.925606508,-5.052746502,-5.213169968,-5.404548559,-5.621157835,-5.858593416,-6.112492054,-6.377789754,-6.650145144,-6.925845241,-7.201616276,-7.474657274,-7.742591775,-8.003460302,-8.255524192,-8.497671163,-8.729536798,-8.949446523,-9.15678198,-9.350745026,-9.530399488,-9.695385587,-9.844967567,-9.97822133,-10.09398586,-10.19135368,-10.26957317,-10.32767278,-10.36490548,-10.38047337,-10.37364985,-10.34401149,-10.29147265,-10.21599667,-10.11712859,-9.992980666,-9.850436053,-9.683219208,-9.495288089,-9.288609721,-9.06359728,-8.82294498,-8.569021538,-8.305148575,-8.035002672,-7.762436521,-7.491871638,-7.227966208,-6.976977809,-6.740547493,-6.526250346,-6.33741572,-6.177791613,-6.05062814,-5.958305396,-5.902356732,-5.883773934,-5.899857455,-5.951687747,-6.036636985,-6.151950428,-6.295112729,-6.460666225,-6.646856154,-6.848500855,-7.061575426,-7.281971872,-7.50530993,-7.728425951,-7.94555253,-8.155731885,-8.354976471,-8.540703607,-8.710753752,-8.863479143,-8.997571415,-9.112295515,-9.207824328
0,-7.900738798,-7.648634974,-7.404324654,-7.180439965,-6.990804724,-6.84487881,-6.754488857,-6.72859179,-6.77020455,-6.884099709,-7.068280795,-7.319954329,-7.632090133,-8.000308115,-8.416026161,-8.871018048,-9.357803244,-9.869601784,-10.40051092,-10.94588236,-11.5020474,-12.06623705,-12.6346765,-13.20627537,-13.77773714,-14.34671789,-14.91029897,-15.46538009,-16.00878031,-16.53734449,-17.04786137,-17.53785509,-18.00405062,-18.4456265,-18.86033788,-19.24821856,-19.60969044,-19.94553218,-20.25656219,-20.54415037,-20.80916843,-21.05313451,-21.27409878,-21.47666349,-21.65712763,-21.81515207,-21.94947551,-22.05828712,-22.13924051,-22.1891951,-22.20778273,-22.1900608,-22.13565827,-22.04309844,-21.91193407,-21.74377086,-21.53894518,-21.30434282,-21.04021109,-20.75395012,-20.45290551,-20.14348566,-19.8334314,-19.52992197,-19.23981187,-18.96913042,-18.72254168,-18.5044038,-18.3127349,-18.1527631,-18.02209071,-17.91946497,-17.84279297,-17.78883723,-17.75443969,-17.73615022,-17.73089754,-17.7355823,-17.74776096,-17.7658228,-17.78807251,-17.81387978,-17.84323156,-17.87523133,-17.91081605,-17.94904637,-17.99192488,-18.03981471,-18.09364924,-18.15451667,-18.22311828,-18.29978089,-18.38411869,-18.47502911,-18.57059716,-18.66969609,-18.76648401,-18.85983391,-18.9451524,-19.02072774,-19.08182969
0,4.275321108,4.554261638,4.898279941,5.29416609,5.72232251,6.161197209,6.595422244,7.024995061,7.456537456,7.893544051,8.327355656,8.729499613,9.073255327,9.34022239,9.527814087,9.64057453,9.692778313,9.691617079,9.650655995,9.565384683,9.424963649,9.252983798,9.07209417,8.919093966,8.80437677,8.725697259,8.656011911,8.581843478,8.498856763,8.419526587,8.356534858,8.321360648,8.305760718,8.301415817,8.29696463,8.277341219,8.237075821,8.193489406,8.160057531,8.150187504,8.164248462,8.201019357,8.249208655,8.292728123,8.307351617,8.276473881,8.196497074,8.095808164,7.988102994,7.897476121,7.839598498,7.828524815,7.875242646,7.976454882,8.12090037,8.303762637,8.508364604,8.709469691,8.893332864,9.049707843,9.179855225,9.2836558,9.387025747,9.501275302,9.641985014,9.815110677,10.02307743,10.26904612,10.54502445,10.83882458,11.1376676,11.43524624,11.73187332,12.03097744,12.33382838,12.6375943,12.94051794,13.24324611,13.54792457,13.85392439,14.15708398,14.45723189,14.75486658,15.04968849,15.34224609,15.6351621,15.92018098,16.17471198,16.37385345,16.50722379,16.5725018,16.56885283,16.52435097,16.46009068,16.38677611,16.29418646,16.18486171,16.04212015,15.85758632,15.63041825,15.36394804
0,-11.9602194,-12.11672268,-12.2374408,-12.32324232,-12.36346931,-12.35952465,-12.30988291,-12.21982091,-12.08959056,-11.92425183,-11.73172333,-11.52224704,-11.3017485,-11.07974763,-10.86802258,-10.67494094,-10.5100997,-10.38135618,-10.29581208,-10.2652046,-10.2922166,-10.38263038,-10.54153596,-10.76420339,-11.05975836,-11.42237382,-11.85133665,-12.33677768,-12.88019108,-13.47121136,-14.10196717,-14.76384333,-15.44721522,-16.14164381,-16.83635746,-17.52101022,-18.18554664,-18.82029316,-19.41664155,-19.96692484,-20.4676148,-20.91077115,-21.29660622,-21.62047414,-21.88347383,-22.08327483,-22.21850076,-22.29471531,-22.30874831,-22.26301202,-22.16259728,-22.00783803,-21.80390814,-21.55636872,-21.27065708,-20.95584974,-20.61814465,-20.266039,-19.90785775,-19.55340731,-19.20879431,-18.8829058,-18.58121104,-18.31067476,-18.07586223,-17.88058171,-17.72709427,-17.62157246,-17.55653237,-17.54174363,-17.57341048,-17.65044427,-17.7740965,-17.93767487,-18.14345933,-18.38758774,-18.66493193,-18.97429244,-19.31092448,-19.67116125,-20.0511689,-20.44671086,-20.8535593,-21.26754975,-21.68472871,-22.1006787,-22.51164101,-22.91335652,-23.30298232,-23.6771262,-24.03264577,-24.36713636,-24.67858031,-24.96502749,-25.22461945,-25.45625745,-25.65900276,-25.83237518,-25.97542163,-26.08536894,-26.16685579
0,-17.69155027,-17.67063397,-17.60118081,-17.48080631,-17.31092997,-17.09522262,-16.83632273,-16.54057701,-16.21529098,-15.86594316,-15.49983386,-15.12707163,-14.75507346,-14.39182541,-14.04488188,-13.72235149,-13.42927712,-13.17219485,-12.95564539,-12.78350852,-12.65866563,-12.58303471,-12.55619435,-12.58142489,-12.6552749,-12.77491837,-12.94121485,-13.14934853,-13.39571404,-13.67594547,-13.98528003,-14.31851284,-14.67018917,-15.03450948,-15.40986649,-15.7823029,-16.15427826,-16.51897966,-16.8711846,-17.20952278,-17.52956682,-17.82941515,-18.1079498,-18.3633374,-18.59540272,-18.80364147,-18.98884168,-19.15131448,-19.29056014,-19.40799382,-19.50412272,-19.57921256,-19.63369656,-19.66849815,-19.68402613,-19.68284634,-19.66553681,-19.63328421,-19.59054937,-19.54043368,-19.48822065,-19.43572078,-19.38977914,-19.35570267,-19.33590059,-19.33592316,-19.35877167,-19.40646518,-19.48012595,-19.57985551,-19.70494409,-19.85374887,-20.02407889,-20.21351104,-20.41945214,-20.63914264,-20.86989636,-21.10930912,-21.35525509,-21.60565238,-21.85857465,-22.11167893,-22.3652268,-22.61813803,-22.86648797,-23.11158625,-23.35119324,-23.58486925,-23.81134289,-24.02940257,-24.23805306,-24.43632969,-24.62307051,-24.79672727,-24.95716975,-25.10183989,-25.23019264,-25.34078388,-25.4327714,-25.50480685,-25.55666009
0,0.897430317,0.68513984,0.464960967,0.239380944,0.01107393,-0.217282657,-0.442967509,-0.663427237,-0.87622316,-1.079063953,-1.270197355,-1.448945599,-1.61329438,-1.763350433,-1.899040245,-2.020776147,-2.129222415,-2.224669757,-2.31151797,-2.387074707,-2.454859431,-2.515894633,-2.571512205,-2.622939939,-2.671494329,-2.717705053,-2.763327367,-2.808715501,-2.856257934,-2.905283052,-2.957821087,-3.014797978,-3.077532568,-3.146443944,-3.222287368,-3.305828647,-3.396977913,-3.495710404,-3.601660728,-3.714207415,-3.832460233,-3.955880645,-4.082311088,-4.211082287,-4.34032706,-4.468664412,-4.594169348,-4.715103828,-4.830053801,-4.936447843,-5.032711442,-5.117488418,-5.189144096,-5.246331676,-5.289073628,-5.316247112,-5.328870226,-5.32638867,-5.313614486,-5.28814851,-5.254059045,-5.214213839,-5.170550368,-5.126930207,-5.085620295,-5.049905377,-5.021903748,-5.004262185,-4.998851494,-5.007002156,-5.029306629,-5.066889559,-5.118547478,-5.181908375,-5.256387124,-5.338880132,-5.426318974,-5.515469119,-5.603110062,-5.686007967,-5.76184417,-5.828771961,-5.885735584,-5.932533835,-5.969855992,-5.999047442,-6.023602116,-6.042556806,-6.060932753,-6.080941679,-6.103837361,-6.131573376,-6.165477534,-6.205992775,-6.25319805,-6.306430314,-6.363797454,-6.423934978,-6.484195342,-6.541090021,-6.591908845
0,-15.75670796,-15.79599418,-15.84209067,-15.89963638,-15.97197328,-16.06172059,-16.17152662,-16.30276997,-16.45715844,-16.6343585,-16.83389094,-17.05395263,-17.29199321,-17.54463472,-17.80962809,-18.08264724,-18.36126492,-18.64395013,-18.92666509,-19.20925359,-19.48895795,-19.76383939,-20.03296249,-20.29387499,-20.54481915,-20.78432746,-21.01071849,-21.22344313,-21.42256226,-21.60888531,-21.78433488,-21.95157085,-22.11405457,-22.27610794,-22.44127902,-22.61435429,-22.79783726,-22.99413405,-23.20531044,-23.43173651,-23.67276543,-23.92667458,-24.1907598,-24.46132624,-24.73403456,-25.00368484,-25.26489013,-25.51188045,-25.73943878,-25.94421105,-26.12096786,-26.26848616,-26.38615467,-26.4751718,-26.53779783,-26.57789959,-26.59970089,-26.60913751,-26.61165064,-26.61240596,-26.61328943,-26.6214687,-26.63637146,-26.65814785,-26.68487883,-26.71291817,-26.73706629,-26.75162888,-26.75045086,-26.72787935,-26.67921173,-26.60104903,-26.4912045,-26.34863729,-26.17681218,-25.97691474,-25.75400366,-25.5136774,-25.26247709,-25.00727225,-24.75447895,-24.51002012,-24.27975627,-24.06595328,-23.87127823,-23.69617514,-23.54061565,-23.40103691,-23.27694304,-23.16418732,-23.05996749,-22.96217479,-22.86803522,-22.77647682,-22.68694349,-22.60068821,-22.51794349,-22.44059758,-22.37062429,-22.30945203,-22.25862378
0,-10.40214606,-10.25850589,-10.09071635,-9.900553763,-9.69087687,-9.46544419,-9.228802131,-8.98605865,-8.742621554,-8.503954367,-8.275450754,-8.061890309,-7.866929966,-7.694509051,-7.547424252,-7.427890125,-7.337452778,-7.278536986,-7.251201592,-7.251535833,-7.285364571,-7.347851259,-7.439082315,-7.556825615,-7.69822989,-7.860329023,-8.041491372,-8.236886659,-8.44328519,-8.657358439,-8.875133795,-9.093643153,-9.313175851,-9.529113653,-9.741500297,-9.950188042,-10.15511596,-10.35638707,-10.55636342,-10.7556465,-10.95518999,-11.1573146,-11.36217815,-11.5710474,-11.78476806,-12.00389161,-12.22875368,-12.45949974,-12.69609297,-12.93837709,-13.18609708,-13.43881481,-13.69650679,-13.95808897,-14.22300919,-14.49144524,-14.76252961,-15.0359426,-15.31143382,-15.58889691,-15.86861641,-16.15067674,-16.43563251,-16.72459283,-17.01856965,-17.31895438,-17.62739142,-17.94568289,-18.27578031,-18.61975852,-18.97973046,-19.35780767,-19.75591367,-20.17567496,-20.61828537,-21.08444681,-21.57405834,-22.08617226,-22.61885229,-23.16927676,-23.73371859,-24.30775767,-24.88638983,-25.46437777,-26.03635153,-26.59711985,-27.14176418,-27.66590661,-28.16564547,-28.63779461,-29.07984494,-29.48995412,-29.86688953,-30.20997124,-30.51894241,-30.79398771,-31.03561891,-31.24461692,-31.42209546,-31.56936515,-31.68789032
0,-26.12177219,-26.02303264,-25.89527794,-25.7417913,-25.56716951,-25.37692421,-25.17843858,-24.97937542,-24.78688296,-24.60983864,-24.453908,-24.32452254,-24.22523867,-24.15801825,-24.12093175,-24.11286753,-24.12977856,-24.16691303,-24.21927316,-24.28159777,-24.34872413,-24.41652368,-24.48258614,-24.544044,-24.59919606,-24.64806957,-24.689812,-24.72597437,-24.75688119,-24.78270255,-24.80420642,-24.82164127,-24.83526137,-24.84389296,-24.84764404,-24.84565661,-24.83686063,-24.81989541,-24.79453017,-24.75891902,-24.71223848,-24.65376582,-24.58300898,-24.49918195,-24.40391141,-24.29452275,-24.1722608,-24.03737899,-23.88935443,-23.72862761,-23.55528044,-23.37105715,-23.17573675,-22.97146626,-22.75926279,-22.54200899,-22.32246734,-22.10411572,-21.89035855,-21.68555631,-21.49389942,-21.31991094,-21.16833511,-21.04369883,-20.9502261,-20.89236794,-20.87363683,-20.89723494,-20.96496888,-21.07767124,-21.23499107,-21.43523006,-21.67491265,-21.94913562,-22.25211306,-22.57758165,-22.91782738,-23.26668248,-23.61808996,-23.96666196,-24.30819469,-24.63980303,-24.95958837,-25.26655681,-25.56057004,-25.84205449,-26.1116374,-26.37008555,-26.61807226,-26.8562356,-27.0849221,-27.30425834,-27.51404226,-27.71377912,-27.90277922,-28.08015699,-28.2449367,-28.39594104,-28.5321648,-28.65253496,-28.75608036
0,-4.291141967,-4.378540686,-4.427376667,-4.430432868,-4.386791295,-4.296909648,-4.162614564,-3.988048053,-3.784301704,-3.564832614,-3.33853351,-3.121716754,-2.930351642,-2.770775551,-2.666398948,-2.621360296,-2.652487383,-2.754670366,-2.947940449,-3.222951216,-3.58098224,-4.02061553,-4.534632368,-5.114585828,-5.748215261,-6.423674905,-7.128604975,-7.848786093,-8.570148363,-9.280442945,-9.96932814,-10.62641591,-11.24441219,-11.8187249,-12.34677746,-12.82691173,-13.26041275,-13.65039124,-14.00027982,-14.31421926,-14.59747779,-14.85544495,-15.09275155,-15.31367401,-15.52230448,-15.7220609,-15.91502835,-16.10328055,-16.28788494,-16.46911399,-16.64715131,-16.82162265,-16.99224436,-17.158466,-17.31950648,-17.47527898,-17.62592104,-17.77125577,-17.91147578,-18.04724263,-18.17951808,-18.30942543,-18.43812225,-18.56695527,-18.69728151,-18.83043796,-18.96771722,-19.11020544,-19.2588705,-19.4145795,-19.57789084,-19.74916654,-19.92906009,-20.11803815,-20.31603462,-20.52413641,-20.74140443,-20.96990857,-21.209741,-21.46111205,-21.72456507,-22.00068007,-22.28971754,-22.59141841,-22.90566489,-23.23197021,-23.56943646,-23.91665547,-24.2720962,-24.63407535,-25.00031089,-25.3682885,-25.73561994,-26.09989394,-26.45820704,-26.80803828,-27.14725925,-27.47369005,-27.78500035,-28.07965864,-28.35697106
0,7.779802936,7.775587751,7.876268185,8.097383546,8.435618663,8.891599255,9.456388617,10.11951742,10.86788288,11.68534999,12.55257681,13.44776232,14.34721414,15.22673418,16.06266328,16.83126978,17.5155714,18.09286868,18.5596825,18.89815495,19.10716174,19.18409752,19.13874464,18.97866898,18.70894707,18.34749863,17.91044481,17.40826541,16.8600256,16.28053964,15.68242872,15.076859,14.47317068,13.87890885,13.29942295,12.73830671,12.19730808,11.6768984,11.1767533,10.69555016,10.23172118,9.783544169,9.349249075,8.92730023,8.516506858,8.115983282,7.725413381,7.344739432,6.974322869,6.614707877,6.266588035,5.930947044,5.608796436,5.301114599,5.008731705,4.732467372,4.472940973,4.230755324,4.00610432,3.798743781,3.608181524,3.433641711,3.274005107,3.127716132,2.993125561,2.868377958,2.751390486,2.639999716,2.531936159,2.425025763,2.317094846,2.20584901,2.089213693,1.965266848,1.832109227,1.687991467,1.531424402,1.361200215,1.176207784,0.975219702,0.759676766,0.527607293,0.281682755,0.019707587,-0.253495201,-0.537691733,-0.83018534,-1.128301653,-1.429105535,-1.729381943,-2.025986846,-2.315600438,-2.594950386,-2.860976248,-3.110858218,-3.342003375,-3.552010802,-3.73785598,-3.900458154,-4.036815777,-4.14741041
0,6.302316658,6.230286348,6.197545227,6.217350189,6.28900465,6.416213955,6.591733239,6.818099857,7.087401167,7.38395802,7.702610616,8.027133971,8.344416724,8.640200493,8.900587064,9.115216057,9.271628883,9.356413713,9.370587869,9.296370935,9.144588632,8.904426612,8.578595106,8.173003863,7.688764627,7.132934836,6.51578903,5.841680049,5.121129597,4.364998316,3.58258132,2.783915936,1.978555883,1.175940003,0.384395442,-0.389161183,-1.137181429,-1.85373987,-2.535522271,-3.178755374,-3.777164868,-4.335195997,-4.846827616,-5.313910114,-5.735516627,-6.112766406,-6.446373076,-6.737622259,-6.988461051,-7.198323365,-7.372891125,-7.511131585,-7.61319077,-7.686704581,-7.727634328,-7.742628039,-7.73142843,-7.69684758,-7.640479729,-7.567188669,-7.475694414,-7.371366833,-7.255551491,-7.129402432,-6.997102994,-6.858931219,-6.716969365,-6.573354027,-6.429518393,-6.286417521,-6.144481563,-6.005488939,-5.868547355,-5.735536136,-5.606473151,-5.481541191,-5.360756208,-5.246267293,-5.13743935,-5.03564317,-4.942101442,-4.859168074,-4.786324818,-4.728305242,-4.685614001,-4.656718128,-4.647615282,-4.65722659,-4.686965193,-4.737432635,-4.808038784,-4.897516919,-5.006619252,-5.134167069,-5.27732898,-5.433931716,-5.602173631,-5.779408483,-5.961806898,-6.146146402,-6.330640929
0,-9.135637551,-9.633083156,-10.01698697,-10.27758766,-10.4139137,-10.41476946,-10.29214547,-10.03493705,-9.667968715,-9.192501167,-8.629325634,-7.99708415,-7.315433997,-6.606112095,-5.89033496,-5.189566782,-4.523379974,-3.909156141,-3.362618567,-2.894728095,-2.509421962,-2.216907941,-2.015739584,-1.910920068,-1.885642226,-1.944096148,-2.075326473,-2.269287895,-2.516759015,-2.811023151,-3.134705899,-3.484095691,-3.851008659,-4.225653518,-4.602352052,-4.975749159,-5.341353575,-5.695662733,-6.036037525,-6.361121481,-6.668707436,-6.96185906,-7.236766598,-7.498080002,-7.744078335,-7.976610082,-8.196788583,-8.40482165,-8.603419938,-8.788306994,-8.96467299,-9.129047998,-9.284897868,-9.429913226,-9.567178381,-9.697316841,-9.821451435,-9.942039298,-10.06158391,-10.18233894,-10.30706668,-10.43623046,-10.5769636,-10.72657221,-10.88791851,-11.0641655,-11.25538316,-11.46442042,-11.69227287,-11.94025304,-12.2112663,-12.50457496,-12.82488267,-13.17426728,-13.55146918,-13.95990538,-14.40116288,-14.8764446,-15.38564161,-15.92850801,-16.50383246,-17.10950001,-17.74296676,-18.40069697,-19.07837497,-19.77089708,-20.47315733,-21.1790574,-21.8823041,-22.57690253,-23.2567059,-23.91594468,-24.54922119,-25.15175984,-25.71978841,-26.25078872,-26.74254823,-27.19374049,-27.60422438,-27.97460409,-28.30659703
0,-7.106849151,-7.025269835,-6.92346215,-6.804483275,-6.672904866,-6.533267737,-6.391471838,-6.253551749,-6.125599445,-6.014249248,-5.924169379,-5.860509391,-5.826922621,-5.826459559,-5.859459308,-5.927253562,-6.029578135,-6.162990982,-6.326821528,-6.517898381,-6.735020196,-6.973032844,-7.230557351,-7.505541137,-7.795691989,-8.099302496,-8.414971717,-8.741539883,-9.078119448,-9.423912967,-9.778233342,-10.14034541,-10.5093596,-10.88416539,-11.26346811,-11.6457285,-12.02910805,-12.41160464,-12.79099095,-13.1649121,-13.53090952,-13.88650031,-14.22846113,-14.55604784,-14.86523005,-15.15461854,-15.42231086,-15.66669128,-15.88636121,-16.08034226,-16.24806531,-16.3890746,-16.50324068,-16.59155239,-16.65391292,-16.69186629,-16.70607458,-16.69831903,-16.66944193,-16.62140876,-16.55563947,-16.47405056,-16.37947096,-16.27210817,-16.15523467,-16.03114411,-15.902349,-15.77160756,-15.64197141,-15.51669484,-15.39919928,-15.29308236,-15.20274095,-15.1308512,-15.08225157,-15.06058936,-15.06853185,-15.11220656,-15.19125104,-15.31018174,-15.46942202,-15.67010483,-15.91370545,-16.19783125,-16.5206916,-16.8804106,-17.27286728,-17.69354765,-18.13715525,-18.59791632,-19.0696864,-19.54620364,-20.02121566,-20.48872765,-20.94326613,-21.37989778,-21.79454356,-22.18387958,-22.54537596,-22.8773174,-23.17881207
0,-21.27607063,-21.32811039,-21.30415567,-21.20507781,-21.02854711,-20.78582157,-20.48878193,-20.1497676,-19.78766333,-19.41962013,-19.06233818,-18.73076381,-18.43739905,-18.19106371,-17.99879947,-17.86377905,-17.78448542,-17.75995059,-17.78423598,-17.85048662,-17.95157099,-18.08106573,-18.23041441,-18.39313842,-18.56332379,-18.73629203,-18.90872835,-19.07847399,-19.24447565,-19.40659021,-19.56536725,-19.72112724,-19.87677302,-20.03127669,-20.18649548,-20.3427221,-20.49989129,-20.65762233,-20.81443432,-20.96912583,-21.11996957,-21.26520849,-21.40310456,-21.53230219,-21.65183184,-21.76154953,-21.86014845,-21.94889903,-22.02766875,-22.09670288,-22.15648694,-22.2087991,-22.25248306,-22.28805834,-22.3157349,-22.33534086,-22.34681895,-22.3502801,-22.3463702,-22.33646534,-22.32260545,-22.30807643,-22.29586737,-22.29044217,-22.29671,-22.31869149,-22.36058461,-22.42603876,-22.51823549,-22.6399435,-22.79283117,-22.98112907,-23.20163657,-23.45970378,-23.7542724,-24.08489227,-24.4514579,-24.8525333,-25.28542708,-25.74717967,-26.23391537,-26.74125629,-27.26444969,-27.79844096,-28.33803873,-28.87792385,-29.41298694,-29.93826421,-30.44906924,-30.94102086,-31.41029921,-31.85351388,-32.26784148,-32.6508119,-33.00028256,-33.31445687,-33.59141756,-33.82964401,-34.02772494,-34.18391339,-34.29822028
0,-23.67690668,-23.48999507,-23.24498628,-22.94170057,-22.58227616,-22.17115506,-21.71505264,-21.22272537,-20.7044247,-20.17163168,-19.6362567,-19.11024785,-18.60498836,-18.13066696,-17.69592964,-17.30735257,-16.96959116,-16.68556541,-16.45526492,-16.27706515,-16.14837118,-16.06505929,-16.02027053,-16.01049726,-16.02787711,-16.0679552,-16.12374346,-16.19093828,-16.26485162,-16.34253314,-16.42048781,-16.49768343,-16.57282356,-16.64603868,-16.71776917,-16.78952228,-16.86245229,-16.93815357,-17.01897461,-17.1043024,-17.1959102,-17.2933672,-17.39629503,-17.50123717,-17.60746504,-17.70910281,-17.80617634,-17.89122221,-17.96078701,-18.0101102,-18.03474079,-18.03031098,-17.99164988,-17.9189111,-17.80561068,-17.65094327,-17.45314902,-17.2143504,-16.93235001,-16.60959132,-16.2480434,-15.85048337,-15.42023414,-14.9612721,-14.47794726,-13.97364167,-13.45532858,-12.92543412,-12.38938711,-11.85179477,-11.31738627,-10.79061823,-10.27593605,-9.777745494,-9.300552978,-8.848909647,-8.427204843,-8.03952253,-7.689811404,-7.381484611,-7.117537225,-6.899737851,-6.729277304,-6.60595804,-6.52797812,-6.492959267,-6.497515074,-6.53762793,-6.60778038,-6.702827729,-6.817866774,-6.948122045,-7.089012315,-7.237163797,-7.386823696,-7.537172183,-7.6846546,-7.827419443,-7.964001483,-8.093208634,-8.214352729
0,-18.54339678,-18.35945721,-18.15690928,-17.94353338,-17.73079769,-17.533574,-17.37233196,-17.25150121,-17.19766962,-17.21357184,-17.32222717,-17.52122871,-17.81783088,-18.20750719,-18.69362935,-19.26635068,-19.9144416,-20.62698796,-21.38915724,-22.1860756,-23.00320243,-23.82507651,-24.63651752,-25.42535774,-26.18019622,-26.89085085,-27.54896507,-28.14851226,-28.68542967,-29.15652798,-29.56008771,-29.89258531,-30.16164091,-30.3619344,-30.49706656,-30.57168152,-30.58132891,-30.53592056,-30.43438362,-30.28283169,-30.07856187,-29.82725687,-29.53080754,-29.19508575,-28.82120747,-28.41494505,-27.97951895,-27.52187953,-27.04743182,-26.56218899,-26.0729274,-25.58591018,-25.1074329,-24.64320488,-24.19768478,-23.77486378,-23.37844767,-23.01083861,-22.67558496,-22.37024114,-22.09610573,-21.85660253,-21.64898548,-21.47581113,-21.33579483,-21.23038653,-21.15991189,-21.1235879,-21.12549247,-21.16453496,-21.23955179,-21.356155,-21.51207002,-21.70942897,-21.95155986,-22.23070577,-22.55485149,-22.91870252,-23.31992488,-23.7579927,-24.22567689,-24.71971166,-25.2343131,-25.76347055,-26.29885802,-26.8339659,-27.36178546,-27.87541115,-28.36784998,-28.83338693,-29.26725411,-29.66486033,-30.02241459,-30.3379226,-30.61137694,-30.83661502,-31.02150693,-31.15910129,-31.25189842,-31.30373185,-31.30886796
0,-14.43945496,-14.21627889,-13.97846008,-13.73036836,-13.4883551,-13.25865751,-13.05049251,-12.87925816,-12.74819866,-12.66724509,-12.64110517,-12.66943638,-12.75925364,-12.89858252,-13.09288437,-13.33213923,-13.61314472,-13.92725228,-14.26789599,-14.62706461,-15.00078742,-15.38233938,-15.76722301,-16.15209631,-16.53471187,-16.91353335,-17.28776343,-17.65755359,-18.02302526,-18.38449936,-18.74224113,-19.09597855,-19.44525744,-19.78884164,-20.12493405,-20.45148091,-20.7648004,-21.06411475,-21.34400616,-21.60217254,-21.83464254,-22.04108039,-22.21712545,-22.36389651,-22.47701945,-22.55902086,-22.60995281,-22.63024703,-22.62590622,-22.59536544,-22.54339375,-22.47375797,-22.39056764,-22.29688493,-22.19693549,-22.09303124,-21.99151421,-21.88983414,-21.79890037,-21.71334405,-21.64093945,-21.5800567,-21.53244489,-21.49984666,-21.48249522,-21.48044524,-21.49355784,-21.52097113,-21.56230199,-21.61919592,-21.68896159,-21.77285971,-21.87004014,-21.98036707,-22.10414396,-22.24133981,-22.39162441,-22.55502894,-22.73162477,-22.92082039,-23.12154554,-23.33158328,-23.55206112,-23.77910886,-24.01204905,-24.24744114,-24.48354518,-24.71759313,-24.94626493,-25.16741132,-25.37971144,-25.5795602,-25.76630564,-25.93810303,-26.09354669,-26.23321244,-26.35357555,-26.45914939,-26.54538202,-26.61319153,-26.66432152
1,6.179850314,6.082561281,6.084574534,6.213929919,6.482533038,6.867583581,7.346843557,7.896048619,8.453083996,8.976300248,9.41697496,9.733425783,9.896249629,9.883637782,9.7055313,9.358660114,8.868231476,8.270224872,7.586508522,6.864224648,6.125034824,5.400528325,4.712035878,4.074279256,3.49518969,2.976499586,2.514302434,2.100680528,1.726439778,1.372841964,1.036008706,0.701343978,0.361538291,0.012191992,-0.346016638,-0.708496512,-1.067231364,-1.412132582,-1.732838538,-2.019393766,-2.266234957,-2.473266539,-2.638600598,-2.768634999,-2.867349641,-2.947914996,-3.011958995,-3.067043454,-3.11908737,-3.168945049,-3.221467289,-3.276595926,-3.335301813,-3.397926733,-3.46410182,-3.532989868,-3.603601201,-3.671726757,-3.740264784,-3.805298865,-3.861041543,-3.911247341,-3.950911641,-3.979616735,-3.993296602,-3.990501337,-3.968561333,-3.924815358,-3.858020063,-3.768097882,-3.656756267,-3.527375321,-3.387467205,-3.248646107,-3.117805252,-3.013072971,-2.947906215,-2.937012566,-2.995627144,-3.135803005,-3.364437462,-3.691829116,-4.112756104,-4.630248494,-5.234020738,-5.913892448,-6.655267737,-7.442288528,-8.257975982,-9.0849607,-9.906399241,-10.70636442,-11.47041934,-12.18549726,-12.84068939,-13.42835812,-13.94073033,-14.37369422,-14.72481001,-14.99372463,-15.18280939
1,12.50767275,12.84484885,13.3072736,13.93223084,14.68046428,15.47811643,16.28104859,17.0892395,17.91989379,18.78796783,19.712271,20.72663164,21.85433346,23.06789526,24.289741,25.41824943,26.33517042,26.91958943,27.09437009,26.92043813,26.56995877,26.19108333,25.8266812,25.46580766,25.10528639,24.76291204,24.46560886,24.22947141,24.04658837,23.88443663,23.69934281,23.4569627,23.14239531,22.7643324,22.33733935,21.88698835,21.43164641,20.98320333,20.54796283,20.12627533,19.71889484,19.32404316,18.92938932,18.51445464,18.05691285,17.54554982,16.9936908,16.43804536,15.92098407,15.46963655,15.0929958,14.77550168,14.49134215,14.19967295,13.86347002,13.44859155,12.91474323,12.2118749,11.31580488,10.28254983,9.248272601,8.347422126,7.64514508,7.126681122,6.722684275,6.354361611,5.981794805,5.609934727,5.279687707,5.026026439,4.852820825,4.719475356,4.559127086,4.337155982,4.084532053,3.858085728,3.695073614,3.618966194,3.616955866,3.664084546,3.736154279,3.821081607,3.916483461,4.01683152,4.114989142,4.177659472,4.182689872,4.128881239,4.043882088,3.967681868,3.939361859,3.969386174,4.057738213,4.159376206,4.214040528,4.17987931,4.050674062,3.849662669,3.63002299,3.460445592,3.404012406
1,-10.82428293,-10.99112293,-11.08569694,-11.10041014,-11.03812842,-10.89803959,-10.69241157,-10.43336169,-10.13772765,-9.823358391,-9.507145838,-9.203981746,-8.927013192,-8.685903227,-8.487542998,-8.334614451,-8.226220283,-8.161388434,-8.135485188,-8.142572229,-8.176198239,-8.2308518,-8.300139248,-8.3788952,-8.463079757,-8.548189297,-8.633016086,-8.715271298,-8.794147082,-8.86931245,-8.940746505,-9.008561344,-9.07249059,-9.13186814,-9.185871163,-9.233042748,-9.271905569,-9.301151262,-9.319337545,-9.326134306,-9.321280011,-9.306206675,-9.281956572,-9.251672679,-9.218870298,-9.187757257,-9.163062212,-9.14959594,-9.152692573,-9.177044822,-9.226819991,-9.306104446,-9.418102102,-9.565138317,-9.749594287,-9.971044828,-10.23062429,-10.52729482,-10.8593713,-11.22434258,-11.61900723,-12.03927787,-12.48027035,-12.93628948,-13.40112316,-13.86856735,-14.33284819,-14.78929201,-15.23512678,-15.66982165,-16.09552106,-16.51665619,-16.94106401,-17.37726349,-17.83487261,-18.32325011,-18.84996479,-19.42153952,-20.04103849,-20.70948703,-21.42483607,-22.18241374,-22.97528267,-23.79463534,-24.63007833,-25.47002738,-26.30153434,-27.11258621,-27.88973305,-28.62113821,-29.29641603,-29.90751589,-30.44873216,-30.91701447,-31.3127479,-31.63696526,-31.89390767,-32.08845072,-32.22666679,-32.31518746,-32.35987186
1,-5.49954336,-4.385821629,-3.037107383,-1.547566951,-0.042842725,1.345298218,2.504332511,3.381086293,3.950064377,4.253845314,4.34006348,4.292141224,4.202705099,4.167379183,4.266070619,4.549801136,5.059009036,5.845101385,6.9527585,8.390883984,10.15305627,12.17987975,14.38729992,16.68312046,18.98509677,21.22903249,23.37166369,25.38230665,27.23649468,28.91215125,30.3930898,31.66839311,32.74265945,33.63506459,34.37888897,35.01320214,35.57187495,36.07003716,36.51252065,36.89177297,37.20110863,37.44228782,37.62787934,37.78289583,37.93662759,38.11223133,38.31138153,38.51278704,38.67500496,38.76417182,38.76138706,38.67691725,38.52182338,38.31032559,38.04308559,37.71739855,37.33112242,36.89096581,36.41424804,35.92316704,35.44067885,34.97631562,34.53420488,34.1021133,33.66282385,33.20806936,32.74674571,32.29575374,31.86467961,31.41858821,30.89799082,30.24357986,29.42411067,28.45382248,27.38422126,26.28543676,25.22322601,24.23446818,23.32567288,22.48244006,21.67856983,20.88581429,20.07932881,19.24286799,18.37320653,17.48354458,16.60063198,15.75925999,14.98723125,14.29649244,13.67864955,13.11506866,12.59019549,12.09936385,11.64379032,11.22602623,10.84364355,10.4885498,10.15656099,9.856773985,9.612088052
1,-1.528768969,-1.449063958,-1.212504466,-0.845248291,-0.374053301,0.187204153,0.859731045,1.72073645,2.856691949,4.259241266,5.788020413,7.29891311,8.776066561,10.26862266,11.74444,13.07735842,14.19320928,15.15795848,16.07790814,16.99657431,17.91247648,18.81643954,19.68837451,20.48028602,21.11910556,21.5182275,21.58605212,21.2414426,20.44783162,19.20711833,17.58324523,15.71727498,13.80551493,12.04778246,10.59492662,9.495993124,8.671542149,7.920775168,7.101775641,6.205182442,5.310626996,4.480159137,3.715923406,2.988240271,2.25224523,1.465036253,0.630847731,-0.180120095,-0.818614556,-1.186263608,-1.457651968,-1.904436289,-2.502477662,-2.951070918,-3.089975475,-3.06201857,-3.060924348,-3.137555769,-3.227959727,-3.250443752,-3.159065905,-2.985066606,-2.85764982,-2.878732053,-2.989942477,-3.072160253,-3.119025744,-3.20268323,-3.340900024,-3.481532704,-3.564554795,-3.593611585,-3.672372994,-3.885225241,-4.15145606,-4.297594679,-4.283375836,-4.213749293,-4.180936127,-4.188254474,-4.217420798,-4.289290384,-4.459044753,-4.750241488,-5.113476086,-5.477506864,-5.829897565,-6.212358699,-6.64286229,-7.101041521,-7.598887075,-8.163197065,-8.712580757,-9.098219829,-9.316748015,-9.491459422,-9.697744162,-9.902636541,-10.05995671,-10.19724979,-10.36770514
1,7.701933106,7.481509981,7.340198965,7.266647423,7.245184028,7.257109553,7.282695226,7.303317011,7.304203299,7.271698624,7.20036984,7.089083466,6.940456653,6.761991248,6.564125147,6.363293021,6.165351073,5.991662806,5.851253814,5.754503059,5.709695334,5.718730483,5.784712296,5.904543655,6.073745431,6.282488462,6.524281831,6.786995395,7.058228416,7.325767534,7.577959914,7.804367368,7.9963005,8.148317074,8.255792149,8.318554989,8.335735654,8.312564615,8.249309345,8.155831245,8.034735061,7.893022096,7.735501315,7.570512622,7.396350581,7.220334803,7.043659947,6.86816767,6.694197201,6.521514245,6.349104496,6.175849061,5.99970242,5.819446087,5.633784453,5.442179519,5.244686131,5.042142445,4.835823318,4.625423724,4.416566989,4.206633306,3.996953875,3.786830967,3.574175697,3.355666381,3.126843707,2.882826575,2.616833947,2.324655893,2.001094442,1.641058304,1.242288421,0.803472782,0.325012919,-0.191369885,-0.743424844,-1.326611353,-1.937397691,-2.56538738,-3.210984927,-3.8636959,-4.516341161,-5.160821424,-5.788496705,-6.390481091,-6.958095008,-7.483417774,-7.95973966,-8.38220357,-8.747530613,-9.057892774,-9.313553993,-9.52233671,-9.686977903,-9.816990064,-9.919729887,-10.00255153,-10.07185837,-10.13272519,-10.18833598
1,3.6252967,5.222995513,7.005280122,8.786774101,10.35842287,11.55065848,12.26414414,12.48744409,12.27634883,11.72650526,10.95723264,10.09196903,9.277206413,8.594120586,8.038695848,7.56499137,7.126081488,6.703442223,6.274212318,5.797994769,5.212759755,4.49008024,3.61759339,2.633859181,1.604456815,0.611513756,-0.291246923,-1.044289504,-1.589864264,-1.888070833,-1.985487963,-2.030351506,-2.183602509,-2.495445617,-2.88724794,-3.250552213,-3.496490585,-3.601676738,-3.578038845,-3.450418687,-3.274754235,-3.101159128,-2.965401183,-2.885062541,-2.809941901,-2.670009153,-2.392544881,-1.947689808,-1.328418815,-0.58143678,0.229411206,1.075172368,1.964467984,2.933148291,4.016962308,5.229317732,6.540359111,7.88266484,9.152905665,10.23240909,11.01918994,11.46112119,11.5535876,11.33609421,10.90064971,10.39249602,10.01029935,9.934865049,10.25679536,10.89961184,11.67160505,12.39756737,12.96850467,13.37326616,13.63238741,13.74619606,13.68016938,13.41023376,12.93375696,12.26810025,11.44201176,10.48013342,9.375784815,8.085445293,6.56961074,4.840842025,2.991636997,1.144684283,-0.583491865,-2.178101686,-3.66113856,-5.088627281,-6.5037024,-7.934572195,-9.389431418,-10.86475202,-12.34059788,-13.80497706,-15.22878551,-16.57054642,-17.71631688
1,-9.659115697,-8.673055164,-7.353568729,-5.680995208,-3.650950551,-1.282894521,1.381229704,4.278979159,7.338570613,10.47844009,13.61873163,16.68563704,19.61408899,22.34998674,24.85015481,27.08978541,29.04278868,30.69772354,32.05400027,33.09789007,33.83986594,34.2571949,34.36341702,34.14367711,33.61513168,32.78613314,31.67587428,30.3260979,28.76571469,27.03509847,25.17840124,23.24373054,21.27837586,19.33080806,17.4500352,15.67447735,14.03691564,12.54971094,11.2226168,10.03575654,8.978205815,8.022292163,7.144669196,6.322833846,5.543069516,4.79143255,4.056335738,3.335477844,2.622574781,1.915194941,1.210869803,0.50786384,-0.194876111,-0.896159675,-1.594064722,-2.28688283,-2.973086099,-3.653719131,-4.332788656,-5.016816444,-5.714757945,-6.434161909,-7.179516768,-7.947030441,-8.732513294,-9.524576233,-10.30893117,-11.07613428,-11.80715016,-12.48852357,-13.10775667,-13.66129095,-14.14004973,-14.54784479,-14.89141783,-15.17330079,-15.39906101,-15.57119378,-15.69393552,-15.77283015,-15.81594362,-15.83212843,-15.83353381,-15.8363608,-15.84797476,-15.87889647,-15.93347864,-16.01218811,-16.11159118,-16.22541296,-16.34513534,-16.46265299,-16.57198208,-16.66805101,-16.74918205,-16.81776471,-16.87200615,-16.91556378,-16.94877292,-16.97008574,-16.97449591
1,20.50710096,20.72904916,21.08337116,21.5667723,22.16117889,22.84270281,23.58239038,24.34860698,25.11157038,25.84324217,26.51883464,27.12102322,27.63494553,28.05501438,28.37957687,28.61155459,28.75818855,28.82833444,28.83286208,28.7820662,28.68324033,28.54002778,28.35212428,28.11848183,27.83543813,27.50227346,27.12079373,26.69422394,26.22960396,25.73388748,25.2179949,24.69286019,24.17159193,23.66737576,23.19045084,22.74638632,22.33572308,21.95209973,21.58981609,21.24091376,20.9018082,20.57247603,20.25526817,19.95411427,19.66925636,19.4001766,19.14117966,18.88422737,18.62187335,18.34481458,18.0463956,17.72074057,17.36404299,16.97454394,16.55189161,16.0981546,15.61579437,15.10671292,14.57224773,14.01253942,13.42692177,12.81438153,12.17305488,11.50139279,10.79903156,10.06812316,9.313700784,8.544234614,7.768983874,6.99867046,6.243236142,5.510882821,4.806918604,4.133736911,3.491147051,2.877251218,2.289551359,1.725798758,1.183742081,0.661567593,0.159094103,-0.326108081,-0.795177434,-1.250476741,-1.694310928,-2.128901193,-2.557268344,-2.979800981,-3.396441766,-3.80623507,-4.207344186,-4.597911891,-4.976146612,-5.340829041,-5.691359405,-6.02787841,-6.35196667,-6.664108573,-6.966016236,-7.258734018,-7.543282357
1,25.61535691,25.65467652,25.76295646,25.94266321,26.19253333,26.50848147,26.88350846,27.30687025,27.76912529,28.26011185,28.7709202,29.29287695,29.81816296,30.33943211,30.84932711,31.34122915,31.80819467,32.24398087,32.64256803,32.99936771,33.31061487,33.57434609,33.79044199,33.96080775,34.08814683,34.1764403,34.23000573,34.25230991,34.24583099,34.21106827,34.14706851,34.05346642,33.92555814,33.76187893,33.55989099,33.31823496,33.03631615,32.71489312,32.35598707,31.96303124,31.54074974,31.09529931,30.63194452,30.15664862,29.67406849,29.18762517,28.69993358,28.21302284,27.72910385,27.25026758,26.7786766,26.31614887,25.86397907,25.42289133,24.9935469,24.57611414,24.17052242,23.77647521,23.39324312,23.01986027,22.65481463,22.29542832,21.93784401,21.57615606,21.2025334,20.80846622,20.38443196,19.92225295,19.41475755,18.85738433,18.24612337,17.57834076,16.85055273,16.05997343,15.20204393,14.27193379,13.26494852,12.17643626,11.00497496,9.753093302,8.429137299,7.048701957,5.633546792,4.211563405,2.814262245,1.475306025,0.227291912,-0.900746296,-1.886447079,-2.715513185,-3.38358405,-3.895786598,-4.265780676,-4.512288793,-4.658381657,-4.72636607,-4.736383234,-4.706978485,-4.648486344,-4.568759104,-4.471266226
1,5.932085652,5.45643559,5.329491907,5.759534409,6.731608955,8.05743711,9.527742056,11.03288505,12.57650386,14.21079177,15.97369116,17.86624538,19.87091645,21.96353213,24.12682191,26.34129402,28.5814074,30.80614573,32.94716067,34.89994156,36.54542453,37.78101788,38.56443546,38.93005526,38.97718347,38.8539088,38.70636121,38.61556367,38.6244101,38.68925329,38.7494125,38.7538726,38.66896661,38.48292682,38.19676199,37.81821039,37.34935508,36.78058919,36.10421784,35.31983289,34.45978844,33.59480176,32.81718083,32.242168,31.96807166,32.04519291,32.46692725,33.11164203,33.76718947,34.21157909,34.27574117,33.89542072,33.14968041,32.14657321,30.96991228,29.67153866,28.24908135,26.72986745,25.16468713,23.64417365,22.22981384,20.981249,19.89921657,18.96328264,18.10488521,17.29842932,16.51978367,15.76039736,15.01625619,14.25846229,13.44873127,12.54940366,11.54359511,10.42541538,9.243432344,8.083323066,7.027277285,6.144819644,5.482238798,5.070328245,4.876755025,4.833899783,4.844952277,4.81767142,4.700304762,4.476595458,4.178429009,3.832536512,3.45872807,3.074651884,2.700307604,2.361048164,2.065891752,1.804682668,1.562648383,1.336311249,1.126674755,0.933254148,0.749064445,0.561636928,0.374765668
1,25.64762199,26.26509599,26.99991043,27.81729,28.65791137,29.43406498,30.02751874,30.30744672,30.19726961,29.65876814,28.74617403,27.55952197,26.23182492,24.8906228,23.65302716,22.58968378,21.7131211,20.9790762,20.31647605,19.6599972,18.9851192,18.30971114,17.6719844,17.11423862,16.65950395,16.30059125,15.98726198,15.62706237,15.11304781,14.36035477,13.33218785,12.04606679,10.54691104,8.879753828,7.074162935,5.144285517,3.144187683,1.19571993,-0.494826862,-1.752414136,-2.57973529,-3.089795179,-3.440817038,-3.729748701,-4.000359869,-4.284561777,-4.598996978,-4.927517061,-5.251488733,-5.58040391,-5.933500192,-6.319839117,-6.736587351,-7.203379957,-7.764411648,-8.454914236,-9.265304211,-10.11355229,-10.89251657,-11.54054886,-12.03797525,-12.38430575,-12.57602073,-12.59686834,-12.41787771,-12.04737605,-11.56883098,-11.11159111,-10.76141208,-10.53060668,-10.38730581,-10.31057225,-10.32460804,-10.46433077,-10.73982748,-11.11078596,-11.49594593,-11.83268705,-12.08920877,-12.25467914,-12.31136665,-12.24452927,-12.05723459,-11.7982887,-11.57092735,-11.48668279,-11.57276405,-11.73871582,-11.835847,-11.77517806,-11.55118081,-11.23750544,-10.92159409,-10.66912469,-10.52324632,-10.50904184,-10.63453859,-10.8620461,-11.11997317,-11.29125672,-11.29582361
1,-15.42880952,-15.29474924,-15.1332481,-14.9397136,-14.71416537,-14.45717618,-14.1708171,-13.85797123,-13.5222469,-13.17553068,-12.82969427,-12.49257298,-12.16325482,-11.83471967,-11.49864455,-11.13650599,-10.74162767,-10.30084354,-9.807951922,-9.265571289,-8.681344095,-8.070858496,-7.453324237,-6.855057564,-6.303904602,-5.817664313,-5.400060106,-5.041513651,-4.705918034,-4.367199344,-3.997602699,-3.587074398,-3.1444577,-2.687096669,-2.239774807,-1.80912781,-1.389401437,-0.96432006,-0.516372399,-0.029061397,0.508680977,1.108660911,1.769564979,2.487372637,3.251267362,4.052774207,4.890742286,5.762671205,6.659026947,7.567794714,8.484290259,9.367393185,10.19473788,10.94598481,11.62488595,12.24950507,12.86186319,13.47655106,14.10695558,14.74898543,15.38835462,16.00370778,16.57070824,17.06658921,17.4868513,17.82875324,18.10403707,18.3260134,18.50925709,18.67913713,18.84177534,19.02148565,19.209676,19.40600049,19.59165828,19.73666825,19.81882611,19.82763505,19.77750395,19.6887345,19.58586323,19.48908465,19.41077093,19.35716045,19.32916608,19.31769073,19.32248014,19.32955528,19.34235538,19.35459969,19.37110735,19.39328915,19.42216449,19.45603895,19.49080346,19.5188536,19.53044216,19.51477252,19.4636772,19.37149832,19.24242844
1,36.34444289,36.21501888,36.14158654,36.13985394,36.22142083,36.40472716,36.69650002,37.10900567,37.65121166,38.3314209,39.15873093,40.14163921,41.28580948,42.59298624,44.054626,45.65244236,47.35595366,49.12457341,50.91118148,52.66617182,54.34515372,55.91396861,57.35321759,58.65715544,59.82629199,60.87030221,61.79118141,62.59239441,63.26295567,63.78602993,64.14325919,64.30762908,64.25705293,63.98411421,63.47235549,62.70976656,61.71652904,60.49296205,59.06745909,57.47608615,55.75994628,53.96847538,52.1464514,50.34301568,48.60124993,46.96069706,45.44126474,44.06505578,42.83336005,41.74345896,40.7855749,39.947652,39.21802227,38.58775949,38.05121718,37.60582011,37.25147267,36.9882094,36.81571841,36.7296412,36.72277688,36.78381334,36.89889842,37.04986445,37.21975988,37.39383172,37.56210892,37.72024459,37.86884375,38.01285265,38.16079154,38.31977498,38.49720989,38.69657023,38.91729558,39.15369523,39.39763575,39.64085738,39.87351399,40.09371165,40.30311568,40.50717293,40.71539862,40.94118041,41.19277185,41.48420543,41.81770051,42.19984322,42.62751617,43.09693986,43.59268461,44.1002915,44.60423854,45.09032318,45.55057368,45.98047607,46.37731771,46.73654552,47.05437402,47.32716831,47.55189449
1,6.226039673,5.86472731,5.725032282,5.836059038,6.190193896,6.745350645,7.459163538,8.265413109,9.098620718,9.898284321,10.61998429,11.22883175,11.70981772,12.06057766,12.27954295,12.3750957,12.35416149,12.22385945,11.98811497,11.66027604,11.24360431,10.74331496,10.16635009,9.518599994,8.803866293,8.031548143,7.211441425,6.35475876,5.478276634,4.59915824,3.732611531,2.888067337,2.067231836,1.264411519,0.469937229,-0.323588179,-1.119165114,-1.913996761,-2.701364384,-3.472890999,-4.220699431,-4.938867763,-5.621211778,-6.261926831,-6.858188571,-7.407757894,-7.922158895,-8.40321647,-8.860215036,-9.30132618,-9.735095115,-10.16943871,-10.61240827,-11.07165215,-11.55413443,-12.05699417,-12.58345341,-13.12295032,-13.66620237,-14.20578984,-14.73295329,-15.23979718,-15.71564643,-16.14846328,-16.52058808,-16.82201766,-17.03704931,-17.16283926,-17.20157655,-17.16962393,-17.08729351,-16.98103536,-16.88393396,-16.82269549,-16.81907251,-16.88548477,-17.01807061,-17.21353479,-17.45901568,-17.74185406,-18.05078504,-18.37778655,-18.71603368,-19.06077625,-19.40727861,-19.75008564,-20.08101555,-20.38954905,-20.66166284,-20.88509993,-21.05081408,-21.15549488,-21.20156948,-21.1970046,-21.15701898,-21.09458943,-21.02581513,-20.96363284,-20.91432106,-20.87956881,-20.8561109
1,-5.930172061,-6.037188711,-6.077654474,-6.058707658,-5.991408569,-5.888230395,-5.760870373,-5.618348078,-5.466746466,-5.308213166,-5.141157147,-4.9589007,-4.749904652,-4.498066187,-4.185303831,-3.793250543,-3.310068999,-2.728230945,-2.050747595,-1.287627818,-0.454339642,0.432060192,1.356502423,2.308086715,3.280088635,4.267473093,5.263307513,6.255040433,7.222585092,8.140486343,8.982557217,9.727983304,10.3653428,10.89847879,11.33889931,11.7119427,12.0392877,12.34163934,12.62892771,12.90193024,13.15556286,13.38386717,13.58167037,13.74765586,13.88420598,13.9957621,14.08788092,14.16782363,14.24029322,14.30798011,14.37166773,14.43005429,14.4799581,14.51718877,14.54014338,14.54747507,14.541317,14.52529061,14.50419478,14.48245114,14.45980525,14.43892067,14.41656964,14.38924437,14.35422923,14.30857609,14.25159523,14.18497713,14.11334277,14.04458027,13.98903409,13.95857247,13.96464144,14.01608135,14.11591894,14.26025316,14.43869583,14.63759388,14.84176711,15.03797239,15.21534095,15.3685256,15.49899543,15.61464754,15.72797415,15.85288926,16.00119138,16.17926075,16.38475057,16.60776949,16.8322548,17.03994273,17.21501219,17.34904005,17.4427653,17.50359162,17.5410208,17.56192255,17.56715519,17.5503481,17.49927033
1,-1.647825114,-1.763654549,-1.84528388,-1.872885822,-1.845244335,-1.739429072,-1.564231977,-1.322340586,-1.019945681,-0.670827129,-0.288071349,0.115513257,0.528362464,0.940704994,1.344830313,1.73553041,2.109855654,2.466365067,2.804641685,3.124776146,3.426767031,3.710303657,3.974646881,4.2183536,4.439550002,4.636608683,4.807384453,4.951725292,5.067024635,5.15235157,5.209412792,5.235476105,5.233449491,5.201061497,5.139667762,5.050052856,4.931634624,4.78406271,4.607511977,4.402068357,4.167398239,3.903220449,3.6100323,3.288467156,2.939431822,2.564804814,2.167003252,1.749431203,1.316410546,0.872697569,0.423478792,-0.025235764,-0.467455045,-0.897632156,-1.310343682,-1.700609109,-2.064255769,-2.398229455,-2.699016037,-2.969179014,-3.204500058,-3.407651966,-3.582207024,-3.731449784,-3.859404169,-3.97346332,-4.081951235,-4.194190066,-4.320618509,-4.472121554,-4.659511407,-4.897159554,-5.184998365,-5.539715192,-5.962310975,-6.454455405,-7.016621774,-7.63884572,-8.317974038,-9.041669963,-9.796333104,-10.56836909,-11.34389423,-12.10933288,-12.85297741,-13.56479425,-14.236939,-14.86425282,-15.44363441,-15.97465347,-16.45893098,-16.89904356,-17.29921116,-17.66408274,-17.9982402,-18.3066834,-18.59417788,-18.86504862,-19.12290391,-19.37066662,-19.61087762
1,16.91216401,17.38626654,18.26901331,19.59137484,21.35406402,23.5177823,25.99433526,28.64972191,31.31471058,33.81135112,35.98048178,37.70726619,38.94159593,39.68833682,40.00272556,39.96678896,39.67167192,39.20105888,38.6152654,37.95632848,37.24509191,36.49328671,35.70379536,34.88180101,34.02621356,33.13238046,32.19105646,31.20018899,30.16719566,29.1035699,28.02010703,26.91972601,25.81150646,24.71421574,23.6604818,22.6870774,21.83144882,21.11989824,20.56146298,20.1475946,19.85719927,19.65984297,19.52690164,19.4371623,19.3810078,19.35471135,19.35289267,19.36862164,19.38084808,19.36667556,19.3029179,19.17257496,18.9662395,18.68540064,18.34230589,17.95724801,17.55447249,17.15984493,16.79578626,16.4787419,16.21621968,16.00743495,15.84027132,15.69451487,15.54462006,15.36561626,15.13556242,14.84175424,14.4760532,14.03523064,13.51850571,12.92620754,12.25812291,11.51313016,10.68682477,9.775643275,8.776542761,7.693219406,6.53909074,5.333210791,4.0975683,2.855367554,1.618532748,0.392063689,-0.829589922,-2.055702883,-3.28990666,-4.521705029,-5.722158125,-6.848116089,-7.851257921,-8.691042091,-9.345216118,-9.815195655,-10.11969731,-10.29291083,-10.3727213,-10.39629257,-10.39731896,-10.39921823,-10.41691857
1,-5.388210167,-5.604705958,-5.849911016,-6.131488043,-6.45227125,-6.808767938,-7.188718629,-7.573649635,-7.936687643,-8.248947617,-8.47945345,-8.604823041,-8.605810412,-8.475932302,-8.221442583,-7.859095652,-7.416519339,-6.931356682,-6.451977592,-6.028339308,-5.722113622,-5.590480612,-5.664187567,-5.975523561,-6.521801177,-7.289651021,-8.244946956,-9.34674074,-10.54125228,-11.76930246,-12.97317435,-14.10572267,-15.13092817,-16.03187073,-16.79469422,-17.41519442,-17.89321223,-18.23167713,-18.43973505,-18.53295589,-18.53249754,-18.4657725,-18.36080231,-18.2464592,-18.14347398,-18.06378395,-18.0091459,-17.97053632,-17.93517138,-17.88845656,-17.82005222,-17.72774505,-17.61298014,-17.48596897,-17.35846141,-17.23908075,-17.13647491,-17.0578346,-17.00357268,-16.97668859,-16.97537602,-16.99631031,-17.03663478,-17.09219096,-17.16094987,-17.24192118,-17.33333277,-17.43482667,-17.54390332,-17.65832871,-17.77622463,-17.89600306,-18.01840314,-18.1446549,-18.2764796,-18.41608607,-18.56403069,-18.71893586,-18.87827559,-19.03954418,-19.20076432,-19.36240444,-19.52635495,-19.69357808,-19.86673506,-20.04612198,-20.23275087,-20.42479396,-20.62532661,-20.83442999,-21.05320418,-21.28235437,-21.52103429,-21.76666323,-22.01428903,-22.25789071,-22.4905357,-22.70570387,-22.89757175,-23.06257389,-23.19677146
1,-42.46525553,-42.79450492,-42.88785733,-42.74632903,-42.40324163,-41.88285404,-41.21977269,-40.46150026,-39.64196561,-38.8031327,-37.9812685,-37.20531473,-36.49964062,-35.88267701,-35.36632758,-34.9565577,-34.64836324,-34.44415527,-34.32991886,-34.29726944,-34.33283642,-34.42244197,-34.55604085,-34.72117743,-34.90868374,-35.11102761,-35.32275304,-35.54055928,-35.76222611,-35.98499656,-36.21002786,-36.43817055,-36.66483787,-36.89615127,-37.12764571,-37.36033771,-37.59398206,-37.8272035,-38.0609575,-38.29277382,-38.52231097,-38.75217882,-38.97424228,-39.1931105,-39.40564473,-39.61102162,-39.8086235,-39.99807808,-40.17907323,-40.353797,-40.51823116,-40.67354318,-40.81760566,-40.94942611,-41.06498288,-41.16211721,-41.23794308,-41.28908596,-41.31448354,-41.31166256,-41.27867927,-41.21557294,-41.12268401,-41.00178186,-40.85599091,-40.68954272,-40.51029514,-40.32788654,-40.1487755,-39.98782025,-39.85978365,-39.77398579,-39.74978544,-39.800394,-39.93982216,-40.18039719,-40.53233079,-41.0037017,-41.59243219,-42.29802201,-43.11364659,-44.02604088,-45.01926329,-46.0745102,-47.17146724,-48.28901298,-49.40581289,-50.50127429,-51.55584795,-52.55138433,-53.47196913,-54.30238786,-55.03369803,-55.65689814,-56.16247755,-56.55396548,-56.82809642,-56.98916746,-57.03930129,-56.9871287,-56.84044105
1,-7.247108707,-6.646249163,-5.851813594,-4.887534513,-3.803875011,-2.673783731,-1.578857316,-0.609210339,0.158275358,0.670477474,0.901290891,0.850708478,0.550927371,0.054144201,-0.586626776,-1.312465728,-2.07267064,-2.833016455,-3.569591987,-4.269394836,-4.929382335,-5.540448309,-6.096269378,-6.589527911,-6.999382224,-7.312035949,-7.505856967,-7.567963987,-7.49109922,-7.290825485,-6.984869042,-6.610221698,-6.215387934,-5.845132439,-5.541071741,-5.330471208,-5.225811818,-5.224225675,-5.308746798,-5.449629342,-5.622326674,-5.79097221,-5.924996422,-6.001195917,-6.000490536,-5.913458659,-5.734852331,-5.471971314,-5.131480203,-4.722662182,-4.251557653,-3.719498227,-3.124557432,-2.464343412,-1.74257398,-0.974197574,-0.187494397,0.578860146,1.282781289,1.885967012,2.360656609,2.692823322,2.881414844,2.934745448,2.862635985,2.674504353,2.371398236,1.952766106,1.417372696,0.766174804,0.004616095,-0.852834149,-1.783284052,-2.757480985,-3.744254989,-4.716324532,-5.653770151,-6.546750777,-7.395057682,-8.205831515,-8.989501586,-9.756579054,-10.51453615,-11.26783677,-12.01748873,-12.76300448,-13.50395616,-14.24102652,-14.97592069,-15.70952115,-16.43904697,-17.15743887,-17.85278507,-18.51063471,-19.11698546,-19.66118855,-20.13796736,-20.54679742,-20.89243848,-21.18394416,-21.43381579
1,9.367475139,9.509629245,9.748788762,10.09239884,10.54543142,11.10457817,11.75774695,12.48391924,13.25220012,14.02566143,14.76477192,15.42921695,15.98897002,16.41885467,16.70661637,16.8521752,16.86958851,16.77710268,16.60594266,16.39042995,16.16781256,15.97337868,15.83413062,15.77569443,15.80958939,15.93873018,16.15429468,16.44013478,16.77388786,17.13179106,17.49757166,17.84583597,18.16477605,18.44681709,18.69155356,18.90320112,19.09236438,19.27476816,19.46803153,19.69012976,19.95761833,20.281596,20.66995234,21.12166294,21.63164099,22.18576662,22.7656661,23.34945575,23.91347239,24.4375594,24.90355182,25.30165856,25.62455889,25.87320886,26.04974817,26.16188697,26.21537328,26.21420433,26.15879406,26.04346085,25.85974587,25.5978891,25.24698419,24.79894628,24.24836397,23.59455403,22.84357822,22.0031919,21.08901083,20.12011656,19.1147715,18.09561722,17.08434655,16.09692686,15.15081722,14.25776601,13.42802782,12.67167857,11.99565701,11.39989257,10.89425109,10.47501222,10.13987797,9.887889305,9.711071789,9.600586526,9.545466383,9.533800623,9.550831896,9.585086793,9.623203053,9.653089322,9.666161752,9.652692895,9.609346279,9.532412268,9.422546688,9.282247375,9.116249903,8.930505829,8.731110497
1,-9.98744765,-10.18050921,-10.35372306,-10.5200359,-10.70056469,-10.92054599,-11.20155282,-11.55288903,-11.97060735,-12.42821648,-12.88947032,-13.31259359,-13.66466337,-13.93280457,-14.12290486,-14.25834258,-14.37275958,-14.49781405,-14.65350756,-14.84114877,-15.05228542,-15.27644991,-15.51069289,-15.77006923,-16.08124404,-16.47643293,-16.9739593,-17.57070197,-18.23933511,-18.93877307,-19.62559748,-20.26974792,-20.86190224,-21.41288708,-21.94579353,-22.48633804,-23.04555361,-23.62344211,-24.20225986,-24.75123272,-25.23433315,-25.6183167,-25.87789634,-26.00419947,-26.0072964,-25.90790037,-25.73773867,-25.53395875,-25.33350237,-25.16880055,-25.06249439,-25.02287149,-25.04230552,-25.09688858,-25.14890334,-25.16118892,-25.09948349,-24.94482739,-24.69188841,-24.34932754,-23.92903515,-23.44218532,-22.89734604,-22.3029101,-21.67094428,-21.02271733,-20.38306814,-19.78155203,-19.24495467,-18.79584057,-18.44625351,-18.19901536,-18.04727815,-17.97879754,-17.97767905,-18.02957474,-18.120718,-18.24294575,-18.3900851,-18.55899218,-18.74702639,-18.95099118,-19.16701173,-19.38990841,-19.61487095,-19.83888206,-20.05943202,-20.27727739,-20.49390143,-20.71004438,-20.92300094,-21.12703105,-21.31414184,-21.47569877,-21.60338737,-21.69106213,-21.73539413,-21.73580921,-21.69648013,-21.62238926,-21.51720112
1,23.32064087,23.98346525,24.61443122,25.19140783,25.69447395,26.10711344,26.42289428,26.63726673,26.75541303,26.78943765,26.7441982,26.62264157,26.42065857,26.13166986,25.7540838,25.29290594,24.75781762,24.15692311,23.49821728,22.78023377,22.00839097,21.18340054,20.31325141,19.4097844,18.48970957,17.57268274,16.68119288,15.83819243,15.06220424,14.36436321,13.74247905,13.18202451,12.66365719,12.16926812,11.6888235,11.22187426,10.77674053,10.3665738,10.00411672,9.700407328,9.460902975,9.284576535,9.166069942,9.094226886,9.051866445,9.020422079,8.980868705,8.91755656,8.820427363,8.686636139,8.51901723,8.323940362,8.109773479,7.887146768,7.664199925,7.447449656,7.240866573,7.048155924,6.875605876,6.728312992,6.616716755,6.546663386,6.523188916,6.546612967,6.611938129,6.711189396,6.833433268,6.969080822,7.106692701,7.23406155,7.339361294,7.412469935,7.445956939,7.433227368,7.368668624,7.250444819,7.076488072,6.853622363,6.592829319,6.31411154,6.043370671,5.811055584,5.646368183,5.567731636,5.586197113,5.697282172,5.885623001,6.130542705,6.408834321,6.699272012,6.98801444,7.269491126,7.548105052,7.832714501,8.137215924,8.471779132,8.842360879,9.250778691,9.693064012,10.1665151,10.6672815
1,42.5318206,43.10947042,43.75197771,44.42872197,45.12492711,45.83991301,46.58345512,47.36982864,48.21210564,49.11703778,50.08186368,51.09544748,52.14007658,53.20214923,54.28174657,55.37779499,56.47964957,57.54061845,58.49330268,59.27417225,59.85054168,60.22179517,60.39040187,60.33668153,60.03875137,59.47568837,58.67560893,57.70313824,56.63526173,55.54349766,54.48756725,53.48797067,52.52129952,51.56216996,50.61210236,49.69575084,48.85498188,48.10376519,47.44515615,46.86029812,46.30845725,45.74072811,45.12337227,44.44694898,43.71671486,42.94886959,42.15787714,41.36212696,40.56829359,39.77400257,38.98287749,38.20983068,37.46657595,36.75061663,36.04415715,35.31485573,34.52280782,33.64187483,32.67079081,31.62806594,30.54547813,29.4680666,28.4401459,27.48923952,26.62127319,25.82863989,25.09829415,24.41607727,23.76739893,23.13878096,22.51939177,21.90054404,21.28093979,20.66592597,20.06347091,19.47787025,18.90919884,18.35383161,17.80556136,17.25447752,16.68730485,16.09239194,15.47145747,14.8345481,14.18482587,13.51322898,12.80367368,12.04811137,11.25317012,10.44438823,9.655982436,8.943742738,8.352993313,7.906598543,7.586549025,7.348769833,7.154727004,6.984439724,6.842335398,6.757018322,6.769741836
1,16.87621643,17.92817757,19.25931182,20.79991924,22.46882247,24.19259544,25.90655175,27.55754024,29.10431123,30.51734471,31.77755066,32.87525661,33.80820119,34.58611471,35.21399815,35.72408709,36.12302224,36.43744697,36.6976631,36.91891028,37.123822,37.32956144,37.54956283,37.79132611,38.05279425,38.33951889,38.64432033,38.95934439,39.27667996,39.58744164,39.88113324,40.15110286,40.38935712,40.58785057,40.74211828,40.84678969,40.8969062,40.88922986,40.82065008,40.68893253,40.49251994,40.23068232,39.90295233,39.51326504,39.06300643,38.55680882,38.00320662,37.40961961,36.78427761,36.13838945,35.47919822,34.8163372,34.15773157,33.50971413,32.87771173,32.26591119,31.67732936,31.11374134,30.57564013,30.06306195,29.57549969,29.1123131,28.67258161,28.25504653,27.85755037,27.47710531,27.11106105,26.75472375,26.40260622,26.04779558,25.68109721,25.28959289,24.85620579,24.35850893,23.77048181,23.05741911,22.18368646,21.11464351,19.81756722,18.26766113,16.45389081,14.38520472,12.09277118,9.62861599,7.063650626,4.480914521,1.966434151,-0.399199085,-2.548806677,-4.432730621,-6.020723952,-7.29907409,-8.271323954,-8.950977429,-9.37110604,-9.555995556,-9.554336667,-9.39787251,-9.12293977,-8.76810229,-8.363923631
1,-27.57710305,-27.38006086,-27.06638553,-26.57734703,-25.80745567,-24.65236354,-23.06630414,-21.0544224,-18.66868206,-16.03769833,-13.33456643,-10.6921279,-8.186290609,-5.891001393,-3.841980231,-1.955704634,-0.029337255,2.163977124,4.763035485,7.776563177,11.13717026,14.78407006,18.63588104,22.55643015,26.3763064,29.88790132,32.89438069,35.37288766,37.58408514,39.84486462,42.29579137,44.83093528,47.22841554,49.27849482,50.87965217,52.08027053,52.97996216,53.69990706,54.29530084,54.79813776,55.22471548,55.65700576,56.19311517,56.80240859,57.27562583,57.43415151,57.3014688,57.16319715,57.3107363,57.83364533,58.70327812,59.64568824,60.17029439,59.9301306,58.95444291,57.4546567,55.71327072,53.91644417,52.05202609,49.98635059,47.64138451,45.04667801,42.28562134,39.46030484,36.68193164,34.05303634,31.66487474,29.59899475,27.89798564,26.53224461,25.3710517,24.26193208,23.1146792,21.94974317,20.7898465,19.65242237,18.53811052,17.55940856,16.89337489,16.59142249,16.56656539,16.61626853,16.54663931,16.26825351,15.80803905,15.21629429,14.49595582,13.6093609,12.54200805,11.34400811,10.0911826,8.846438501,7.65248495,6.512353407,5.38808241,4.236672613,3.051835056,1.879196692,0.794913439,-0.135705696,-0.887504959
1,44.71745503,44.9712782,45.61304737,46.6132742,47.87956406,49.28978847,50.70606426,51.99832324,53.05872437,53.81715946,54.24680729,54.35846039,54.1979334,53.82485924,53.30082532,52.68743532,52.02950564,51.3522282,50.66608767,49.96907338,49.24095097,48.45799848,47.59519993,46.62666837,45.53611426,44.31715285,42.97279135,41.51283733,39.94581313,38.27857606,36.51715071,34.67556372,32.78219529,30.87913511,29.01148137,27.21061797,25.48848524,23.84005089,22.25182192,20.71155065,19.21356183,17.75870984,16.35129852,14.99853461,13.70659391,12.47853641,11.31775822,10.22501261,9.206317655,8.267564636,7.412869001,6.645085223,5.963082798,5.365371874,4.850302163,4.414602327,4.054463338,3.764400832,3.539636129,3.375994552,3.267712969,3.204797376,3.175474158,3.170718557,3.188006196,3.236730304,3.333817991,3.49739021,3.744273417,4.062339749,4.435356644,4.825393361,5.197554737,5.532211394,5.825162593,6.08638962,6.324916717,6.563577779,6.811025637,7.079016982,7.371132829,7.684452314,8.010143088,8.333794611,8.638661885,8.909954546,9.137260661,9.32128293,9.465507953,9.57616114,9.666206379,9.740462614,9.80312114,9.856182243,9.901025473,9.941645173,9.979200079,10.01840841,10.06050767,10.10440205,10.14545644
1,-13.57818765,-10.03810789,-6.530610031,-3.565440631,-1.342680446,0.475706661,1.99679746,3.878143395,5.863061784,5.916459107,4.731628143,3.931682502,4.395566701,5.23677555,4.609377519,3.632290407,4.274670568,5.911572862,7.30943212,8.043701803,7.939793911,7.281323245,6.036415355,4.951175089,4.761313084,4.727457559,4.51742182,4.250622622,3.740570939,3.049595485,2.246907064,1.701195424,0.964982974,0.110761049,-0.313101626,-1.085769065,-2.657626727,-4.303203659,-5.545153685,-6.382771601,-6.94561278,-6.894737851,-6.405550639,-6.113131281,-6.263565103,-6.625023481,-6.800328663,-7.039024134,-7.471430045,-8.274419394,-8.777348944,-8.874659737,-8.87423675,-9.563849934,-10.25703567,-10.56378975,-10.51133472,-10.59407348,-11.1576342,-12.54228318,-14.93874082,-17.30968094,-18.90237565,-19.81464985,-19.47704332,-18.16932851,-16.87783342,-15.70317086,-15.1133296,-15.02262528,-14.86585458,-15.04749554,-15.94695299,-17.0490459,-18.18076291,-19.07827221,-19.661675,-20.01832305,-19.57300097,-18.57226465,-17.75575109,-17.57005655,-16.94334403,-15.61989978,-14.31735685,-13.53781788,-13.37518438,-13.50060998,-13.55909589,-13.82181878,-14.38365484,-14.53656371,-14.77701485,-14.86295092,-14.87089291,-15.39449565,-15.63082637,-16.04561114,-16.78190591,-17.51835842,-17.95146553
1,40.68556408,40.40668203,40.23372926,40.15336347,40.14626963,40.18744189,40.24559519,40.29380838,40.31342905,40.30648067,40.30929137,40.34784782,40.41594623,40.48325504,40.51007029,40.49870038,40.48462905,40.49567008,40.56396584,40.73747451,41.01062977,41.28679637,41.43236507,41.39770779,41.29564806,41.23565318,41.18737258,41.0859618,40.9444844,40.83918663,40.83262952,40.94539861,41.11184304,41.1815725,41.11714492,41.03135953,41.01040578,41.03052211,41.03148764,41.00240915,40.96213397,40.94105499,40.97744666,41.10082087,41.33031201,41.59721019,41.72921068,41.71062784,41.77146057,42.07938206,42.48849144,42.76813088,42.88159831,42.90390711,42.90434405,42.92101912,42.95181792,42.97261388,42.96531335,42.92054514,42.84033009,42.73619075,42.62185337,42.51855952,42.44756605,42.4065468,42.38015401,42.361862,42.32654092,42.2437968,42.14136647,42.10215744,42.20197999,42.45153371,42.77261785,43.02175426,43.0770733,42.93884864,42.71398759,42.50780484,42.35512671,42.23018973,42.09516406,41.94566761,41.80070504,41.67381293,41.56805615,41.46430035,41.32308722,41.12120776,40.86944312,40.59749953,40.34116633,40.12379172,39.92846192,39.72985285,39.544644,39.42114978,39.36878173,39.33760498,39.28689035
1,-13.01087099,-12.88035434,-12.64085114,-12.30726802,-11.90537844,-11.49644912,-11.1080788,-10.77882926,-10.51771864,-10.32382723,-10.18500589,-10.08570159,-10.0092761,-9.941271036,-9.871364013,-9.792893042,-9.704111527,-9.605866493,-9.500843662,-9.39105591,-9.277734004,-9.162597549,-9.049865688,-8.946898599,-8.865039524,-8.814951644,-8.810317918,-8.85612647,-8.953723164,-9.100410023,-9.292156595,-9.526412603,-9.803156388,-10.12516379,-10.49495924,-10.91043226,-11.3611881,-11.82441578,-12.26956358,-12.66681918,-12.98697594,-13.223889,-13.38384824,-13.48281019,-13.54378214,-13.58903194,-13.64118331,-13.71672172,-13.82681855,-13.97420044,-14.15357674,-14.35536881,-14.56724756,-14.77949088,-14.98325187,-15.1786608,-15.35610241,-15.50966526,-15.62393543,-15.69369155,-15.71283553,-15.68676761,-15.63120956,-15.5608546,-15.4921459,-15.43749224,-15.39909023,-15.37804338,-15.3642258,-15.34635066,-15.31684004,-15.26635112,-15.19698849,-15.11146899,-15.0177624,-14.92577559,-14.84856454,-14.80277573,-14.80251106,-14.8621462,-14.99158991,-15.19882131,-15.4816516,-15.8333105,-16.235023,-16.66296055,-17.09079644,-17.49450071,-17.85716457,-18.17098121,-18.4418078,-18.67747927,-18.89017777,-19.08313885,-19.25569779,-19.39543735,-19.49393839,-19.54887578,-19.56535962,-19.5508747,-19.51833088
