0,6.454382106,6.371311946,6.278071429,6.175724421,6.065868905,5.95037113,5.831344622,5.711122733,5.592102537,5.47666967,5.367174456,5.266188703,5.174697928,5.095896925,5.030064318,4.978904633,4.942737911,4.921590759,4.916181937,4.924352234,4.945448179,4.978233587,5.020562372,5.070134815,5.124422533,5.18097271,5.237163976,5.290596467,5.338954444,5.379131346,5.411415533,5.432259087,5.440981824,5.437428236,5.42013892,5.38919915,5.344924229,5.287272887,5.216655145,5.133943099,5.039795022,4.934958634,4.820046928,4.696614403,4.564743113,4.42556193,4.279776634,4.128068756,3.971044918,3.809247108,3.643148772,3.473193881,3.299778505,3.123286918,2.943591353,2.761577622,2.576717332,2.389324126,2.199409264,2.00702334,1.812256725,1.615239418,1.416117861,1.215119386,1.012530596,0.808742602,0.604215253,0.399432565,0.194949507,-0.008671724,-0.21079796,-0.410802101,-0.608003092,-0.801736777,-0.991325634,-1.176076781,-1.355281334,-1.52821736,-1.694263178,-1.85283323,-2.003375612,-2.145383375,-2.278517043,-2.402552418,-2.51737209,-2.622897772,-2.719245408,-2.806674594,-2.885557372,-2.956377686,-3.019718176,-3.075923506,-3.126153198,-3.171003306,-3.21107522,-3.247214105,-3.280142959,-3.310387278,-3.338452507,-3.364715117,-3.389536846
0,8.096766936,8.135665067,8.191205276,8.264028982,8.35349245,8.458333937,8.576511676,8.7053219,8.84146763,8.981266446,9.120840437,9.256331524,9.384113343,9.500955849,9.604204035,9.691865196,9.762296739,9.815653637,9.851690072,9.871447968,9.875971128,9.868020641,9.849421479,9.822248799,9.789286799,9.752823831,9.715043532,9.677699351,9.642261469,9.609604891,9.580468359,9.554591048,9.531846031,9.511401881,9.492193853,9.472918837,9.451941518,9.427942771,9.398883406,9.363833365,9.320470697,9.267695483,9.204324331,9.129426734,9.042431444,8.943106358,8.831593746,8.708424353,8.574445137,8.430837767,8.278990446,8.120448939,7.956827131,7.789679491,7.62046969,7.450491801,7.280860791,7.112422372,6.945742599,6.781072782,6.618334565,6.457046776,6.296369626,6.135071829,5.971555887,5.803918468,5.629996983,5.447463272,5.253991937,5.047424717,4.825884025,4.588004868,4.3330307,4.060936555,3.772511037,3.469364736,3.153896204,2.829134202,2.498657058,2.166320653,1.836134475,1.512013715,1.197591692,0.896088947,0.610179468,0.341984952,0.092899807,-0.136248984,-0.345277156,-0.534595582,-0.705100528,-0.858052878,-0.994986141,-1.117722253,-1.227856331,-1.327210862,-1.417462207,-1.500191153,-1.576715874,-1.648028168,-1.715123364
0,4.340541904,4.262922667,4.190377375,4.124363854,4.065996882,4.015671687,3.973018407,3.937580369,3.908282266,3.883385063,3.862014476,3.842250113,3.823585674,3.803987936,3.782643064,3.759209712,3.73263478,3.702546905,3.668270334,3.62956974,3.585986495,3.537097074,3.482674237,3.421861129,3.354088427,3.278637984,3.195135564,3.101934644,2.998756801,2.884763889,2.75907348,2.620981357,2.4697355,2.305436495,2.127503212,1.936187863,1.73102358,1.512241789,1.280275346,1.035569519,0.777121048,0.507785889,0.2256686,-0.067850984,-0.37211747,-0.686477262,-1.010008284,-1.342032131,-1.68123557,-2.026448667,-2.376206461,-2.729316925,-3.084236084,-3.439553996,-3.793741879,-4.145523178,-4.49365964,-4.836971301,-5.174508643,-5.505403412,-5.828972891,-6.144607289,-6.451778438,-6.750032563,-7.039040953,-7.318466035,-7.587916798,-7.847100563,-8.095734596,-8.333556524,-8.560349555,-8.775948913,-8.980256396,-9.173354909,-9.35543707,-9.526846427,-9.688154461,-9.840081716,-9.983354146,-10.1196611,-10.2498114,-10.37524906,-10.49752046,-10.61818811,-10.73877965,-10.86086662,-10.98596952,-11.11542803,-11.25032424,-11.39156954,-11.53981408,-11.6953355,-11.85791845,-12.02704754,-12.2019943,-12.38090645,-12.56305589,-12.74596607,-12.92746806,-13.10520791,-13.27705824
0,8.193728752,8.242799811,8.305981746,8.381202547,8.464898611,8.552715917,8.639498724,8.719804518,8.788180774,8.840465128,8.87094657,8.876864697,8.855313737,8.804472405,8.722253,8.609646425,8.465203848,8.28966024,8.082366746,7.845856116,7.579429129,7.285038448,6.964260706,6.619163993,6.252233928,5.86621458,5.464319343,5.050011032,4.62691008,4.198921746,3.770060619,3.344310069,2.925856965,2.518763491,2.126772028,1.753548612,1.402243544,1.075191696,0.774936005,0.502436507,0.260549552,0.046638829,-0.135013754,-0.283500209,-0.400722051,-0.483563217,-0.533091402,-0.548400498,-0.530255872,-0.480376269,-0.400800546,-0.294926353,-0.167777447,-0.022424249,0.135666392,0.301617809,0.470960926,0.639976058,0.805896091,0.966714208,1.121482677,1.270633548,1.414275414,1.552916714,1.687422908,1.818174865,1.943804696,2.063669423,2.175410166,2.27654614,2.363429547,2.43355909,2.483470368,2.51020777,2.51150792,2.486443165,2.433570737,2.352356165,2.244070277,2.11085312,1.952684944,1.773193636,1.573974566,1.357868836,1.128043451,0.887417204,0.63919234,0.386651165,0.132897416,-0.119021966,-0.366261328,-0.606137396,-0.836412554,-1.054796835,-1.259611971,-1.449468783,-1.623024326,-1.77958295,-1.918776754,-2.040621794,-2.145572537
0,16.70435727,16.65207752,16.58322625,16.50071111,16.41632484,16.34134686,16.27984093,16.21905871,16.13899578,16.03970332,15.92129653,15.80866374,15.71757511,15.65044909,15.59828313,15.54950323,15.49796431,15.44113669,15.38072779,15.31637374,15.25617619,15.20479062,15.15106205,15.08552025,15.00350733,14.92535436,14.86711418,14.83454,14.8052429,14.75951705,14.68109363,14.56296452,14.41207455,14.21067386,13.96480569,13.68922765,13.39955989,13.10474535,12.81108796,12.52563906,12.243154,11.95329175,11.63288863,11.27355535,10.87646099,10.45335541,10.00150187,9.512705835,8.986183105,8.423590342,7.828529421,7.202741031,6.538784926,5.833362484,5.101301693,4.370186777,3.654592634,2.941242414,2.209298684,1.444765506,0.661240753,-0.117966918,-0.881829958,-1.627221237,-2.357422526,-3.076368012,-3.794003871,-4.516116632,-5.244669191,-5.975706535,-6.699857667,-7.406691084,-8.08375142,-8.726313868,-9.339587597,-9.941292206,-10.54420648,-11.15333931,-11.75917872,-12.34892458,-12.91985942,-13.46568328,-13.97563708,-14.43889201,-14.85836635,-15.24267688,-15.60256263,-15.94415444,-16.27563979,-16.59605026,-16.902914,-17.18785719,-17.44372713,-17.67383912,-17.88495988,-18.07817094,-18.25977314,-18.4265914,-18.57835624,-18.72514351,-18.86797208
0,3.235303951,3.174502755,3.148373833,3.158068651,3.202365691,3.284331048,3.401198243,3.548771844,3.726883042,3.929528382,4.151560475,4.387039659,4.629199453,4.870860463,5.10460185,5.321902194,5.518377883,5.68520999,5.815849809,5.906446111,5.950648296,5.948187521,5.894325984,5.790344531,5.63408641,5.428963484,5.176130271,4.879244269,4.542133385,4.169716826,3.767592076,3.341518702,2.89771702,2.442865618,1.983360355,1.525280192,1.074158273,0.635092314,0.212622031,-0.189635226,-0.568974758,-0.923682578,-1.252955573,-1.556885313,-1.835997119,-2.091141506,-2.323669013,-2.538545099,-2.734691386,-2.916726322,-3.086846041,-3.247617784,-3.401660646,-3.551432214,-3.699131866,-3.846617752,-3.995508584,-4.14713343,-4.302150341,-4.461887193,-4.626733,-4.796013035,-4.969891082,-5.148734837,-5.330196979,-5.515006057,-5.701866737,-5.889736226,-6.077521391,-6.264218728,-6.448747748,-6.630239072,-6.807881355,-6.98142186,-7.149536315,-7.312322929,-7.470186783,-7.623228012,-7.772163161,-7.916930288,-8.060371491,-8.202081672,-8.344101376,-8.487841829,-8.634614414,-8.78568505,-8.942120842,-9.104706016,-9.273962395,-9.450504072,-9.632884242,-9.821500054,-10.01458845,-10.21049977,-10.4071653,-10.60201055,-10.79197868,-10.97349513,-11.14285721,-11.29587398,-11.42990548
0,5.603060495,5.662270522,5.729068565,5.803103358,5.884226585,5.972204268,6.067137001,6.16909759,6.278268862,6.394968518,6.519331864,6.651572739,6.792032914,6.940706778,7.097509341,7.262202333,7.434285643,7.613090878,7.797593634,7.986457737,8.17819988,8.371247011,8.563831679,8.75424414,8.940984236,9.12283484,9.298865136,9.468165774,9.630087501,9.785453699,9.933337723,10.07459124,10.20848809,10.33496495,10.45353551,10.56347165,10.6638968,10.75384342,10.83239651,10.89878777,10.95246928,10.99250024,11.02059068,11.03413301,11.03462787,11.0214923,10.99552936,10.9565364,10.90411617,10.83857557,10.75961957,10.66708109,10.56041996,10.43939427,10.30360438,10.1529043,9.987247075,9.806825795,9.612205817,9.404255157,9.184924153,8.955221071,8.717711073,8.474898953,8.230599805,7.98702346,7.747300704,7.51485059,7.29182028,7.079210366,6.879038142,6.690487934,6.512531466,6.343414271,6.180908198,6.021199626,5.864666524,5.706370654,5.545863052,5.38209924,5.214847341,5.044507804,4.872100544,4.699048068,4.526963977,4.357566229,4.192503374,4.03321077,3.880832682,3.736343183,3.600405449,3.473498606,3.356055315,3.248062846,3.150418284,3.063076166,2.986897389,2.922587531,2.871061662,2.833622337,2.812044127
0,6.078589522,6.085191137,6.103968168,6.134940028,6.176829292,6.229361412,6.290733173,6.358976762,6.431799306,6.506121781,6.579250098,6.648015376,6.70823224,6.756459244,6.788964648,6.802186295,6.792783297,6.757907305,6.694046074,6.602686874,6.478683345,6.324923057,6.140765971,5.928899499,5.690558014,5.429591376,5.149691592,4.855920525,4.552250279,4.243824374,3.935382783,3.631751227,3.336115446,3.052923662,2.784870303,2.534156724,2.302524053,2.091097925,1.900394025,1.73125469,1.581652652,1.452166721,1.341271985,1.247552865,1.169267136,1.10443486,1.050836092,1.006059366,0.967907908,0.933150136,0.899777906,0.865048319,0.826391817,0.781542558,0.727810284,0.663119486,0.585338264,0.492544578,0.383088006,0.255586701,0.108978164,-0.057383465,-0.243648027,-0.449371636,-0.673504802,-0.914360854,-1.16964342,-1.436456058,-1.711441826,-1.99087123,-2.270788305,-2.547532389,-2.81679619,-3.075845033,-3.321026163,-3.552391774,-3.766606149,-3.964293962,-4.145912152,-4.312856111,-4.467174243,-4.611570195,-4.749162106,-4.883425064,-5.018003105,-5.156431246,-5.302103531,-5.457366263,-5.624786201,-5.80584896,-6.00084529,-6.20945923,-6.430507834,-6.662123918,-6.901764998,-7.146483688,-7.393033463,-7.638010898,-7.877962146,-8.109528166,-8.329524753
0,4.426349657,4.569269683,4.720393394,4.875913806,5.032315862,5.186071264,5.334360238,5.47422852,5.604659853,5.722746803,5.829043742,5.923466858,6.005860777,6.077239998,6.138823889,6.19166874,6.236973615,6.275252896,6.307637465,6.334161902,6.354879221,6.369773215,6.378898798,6.382511713,6.381074234,6.375944626,6.368623371,6.361690623,6.357326291,6.359970297,6.37172969,6.395856505,6.435790665,6.492606415,6.568154383,6.662288961,6.774248986,6.902297912,7.043805851,7.195405676,7.354034831,7.516001209,7.677867923,7.837001965,7.991138284,8.137802513,8.276898055,8.407648479,8.529557481,8.642509528,8.74622704,8.840045818,8.922857994,8.99315275,9.048855197,9.087546524,9.106588726,9.103592475,9.075448658,9.02145761,8.937920468,8.827391399,8.686448391,8.516292266,8.318902036,8.094140271,7.845100744,7.572244176,7.2782173,6.963952519,6.631796552,6.28396839,5.921983393,5.548195747,5.164947607,4.774993265,4.381449721,3.987523955,3.596424018,3.2124567,2.838885907,2.479043777,2.136077407,1.812668911,1.510281571,1.23077219,0.97449796,0.741207611,0.530658703,0.34072099,0.170783201,0.018233131,-0.118077392,-0.240771389,-0.351632066,-0.452270932,-0.544826911,-0.629682173,-0.708480608,-0.781625635,-0.849440365
0,-4.666789569,-4.582880303,-4.501095362,-4.421704517,-4.346099812,-4.274040019,-4.20642521,-4.143774273,-4.086650652,-4.035640129,-3.991285447,-3.95422995,-3.924861703,-3.903786691,-3.891124793,-3.886942367,-3.892598753,-3.906361024,-3.928925434,-3.96083663,-4.001297597,-4.050151597,-4.1067939,-4.171403042,-4.243358821,-4.321630437,-4.406776657,-4.497179552,-4.592254586,-4.691001404,-4.792288185,-4.89486014,-4.997348647,-5.098308812,-5.196262039,-5.289701215,-5.377240259,-5.457425382,-5.529600936,-5.592582704,-5.645603267,-5.688490696,-5.721176831,-5.743865155,-5.757039638,-5.761407575,-5.757816139,-5.747211939,-5.730113339,-5.708538776,-5.682180595,-5.65243153,-5.62038714,-5.585923051,-5.550081686,-5.513417013,-5.477150375,-5.440491731,-5.4056677,-5.372670749,-5.342202838,-5.314804377,-5.290835625,-5.270399261,-5.253311974,-5.238989361,-5.227106867,-5.216019253,-5.204149489,-5.190493619,-5.172562465,-5.148734896,-5.116642484,-5.074585663,-5.021191051,-4.954567731,-4.87427257,-4.779960054,-4.671963277,-4.551352899,-4.419844748,-4.279726987,-4.133654581,-3.985091571,-3.836987277,-3.692898565,-3.555233344,-3.427746272,-3.312380278,-3.211858665,-3.126357822,-3.057837782,-3.006733436,-2.972800617,-2.955479363,-2.953981107,-2.967021611,-2.992984616,-3.029751292,-3.075659734,-3.128140768
0,6.672606059,6.629236459,6.584754074,6.539712737,6.494612028,6.449855621,6.40581621,6.362749785,6.320839679,6.280335942,6.241225339,6.203986451,6.168195084,6.134571901,6.102890545,6.073170661,6.045454547,6.019396528,5.994555618,5.970356604,5.94592507,5.920356181,5.892739153,5.862138319,5.827785728,5.789123434,5.745661153,5.697521486,5.645206721,5.588233822,5.527876118,5.464769928,5.399727722,5.333676873,5.267541943,5.202409489,5.139023925,5.078280036,5.020932677,4.967654295,4.918721582,4.874382752,4.834653434,4.799370396,4.768284832,4.741026113,4.716754629,4.695517365,4.676866458,4.660345812,4.646060447,4.633486715,4.623204528,4.615047351,4.609256582,4.606023236,4.605366506,4.607546839,4.612620194,4.620424769,4.63129271,4.644221586,4.659646965,4.677168627,4.696422754,4.717129451,4.739098945,4.762029938,4.786246427,4.811115347,4.836642798,4.863272233,4.890795763,4.919504101,4.949155212,4.98022005,5.012551839,5.046299897,5.081538238,5.118262379,5.156585514,5.196447791,5.237808385,5.280526936,5.324369647,5.368977488,5.413860527,5.458368189,5.501752523,5.543124025,5.581596536,5.616290449,5.645790072,5.669643094,5.687621752,5.698744822,5.702457882,5.698880652,5.687575715,5.669513975,5.644485668
0,-9.984468007,-9.922435583,-9.869606181,-9.825868012,-9.794369839,-9.774404497,-9.769627828,-9.777693442,-9.798093697,-9.82968402,-9.870363264,-9.917576137,-9.968790649,-10.02166497,-10.07233809,-10.1196185,-10.16050697,-10.19317246,-10.21551416,-10.22867881,-10.22925705,-10.21839958,-10.19622463,-10.16380308,-10.12259295,-10.07433349,-10.0218348,-9.96897901,-9.918199603,-9.874180528,-9.840675448,-9.820230812,-9.817711138,-9.835335238,-9.873612344,-9.933991182,-10.01648896,-10.12044722,-10.24311603,-10.38181657,-10.53335527,-10.6939855,-10.85966023,-11.02654528,-11.19079804,-11.34867147,-11.49820472,-11.6355463,-11.75929127,-11.86773487,-11.95935431,-12.0332647,-12.08900172,-12.12554903,-12.14153246,-12.13983983,-12.11639884,-12.0731344,-12.00977979,-11.92603529,-11.82294949,-11.70059268,-11.55976986,-11.40127529,-11.22657536,-11.03719994,-10.83443419,-10.61980544,-10.39546485,-10.16338848,-9.925581448,-9.68419384,-9.441428645,-9.199311673,-8.959659725,-8.724372346,-8.495106324,-8.273191592,-8.059729929,-7.855527777,-7.661225169,-7.477046192,-7.302902531,-7.138509967,-6.983644677,-6.837817255,-6.700253828,-6.570553508,-6.449431569,-6.334255725,-6.227158685,-6.127276921,-6.035059156,-5.950623896,-5.8742545,-5.806500638,-5.747471539,-5.697122265,-5.65519073,-5.622451384,-5.597571773
0,2.975401201,3.05862777,3.154197903,3.260538728,3.376808142,3.500939543,3.631446965,3.76719114,3.906044686,4.046127795,4.185117181,4.320386916,4.448895967,4.567430327,4.673015461,4.763031204,4.835255371,4.888054629,4.920281984,4.931599486,4.92250582,4.893895501,4.846790169,4.783425131,4.703729953,4.608884413,4.503942212,4.384474066,4.25361811,4.111205155,3.95702649,3.790768348,3.612176866,3.421220439,3.217404362,3.002049021,2.774434178,2.535711499,2.287262567,2.030689518,1.767855498,1.500877778,1.231993541,0.963649078,0.698223727,0.437844428,0.184424545,-0.0602831,-0.294915788,-0.518351442,-0.729892967,-0.929082934,-1.115786786,-1.289831514,-1.452032783,-1.602451608,-1.741544629,-1.869766372,-1.987668512,-2.095172876,-2.19315785,-2.281146228,-2.358812448,-2.427020937,-2.484607969,-2.531668833,-2.567750612,-2.592575422,-2.605684122,-2.606503383,-2.595126236,-2.571699685,-2.534707589,-2.483826737,-2.418774674,-2.338926258,-2.243471571,-2.131788768,-2.003995273,-1.859129446,-1.697896772,-1.520835106,-1.329430815,-1.125003333,-0.90985367,-0.686719074,-0.458728393,-0.229279263,-0.001953646,0.219648319,0.431985043,0.631510559,0.815151608,0.980387301,1.125126901,1.248688973,1.34972938,1.428309273,1.483439886,1.519663492,1.53524786
0,1.000184591,1.020764346,1.04656254,1.076494768,1.110711583,1.147252644,1.184823726,1.222634863,1.261552076,1.297667165,1.331951322,1.363950314,1.392771993,1.418113858,1.440296322,1.459042149,1.474483041,1.487407389,1.498826391,1.509092256,1.520752703,1.534546219,1.552847853,1.577840507,1.611483646,1.655683294,1.71303689,1.784046037,1.869990606,1.971225747,2.087600159,2.21781358,2.360590099,2.513518785,2.673394591,2.838189145,3.002680868,3.163913786,3.316756814,3.459295817,3.586400786,3.695713234,3.780958081,3.844606755,3.882515718,3.890645635,3.873444241,3.826108467,3.749281459,3.647557364,3.519545727,3.367510505,3.193973661,3.001742628,2.793596468,2.572907095,2.342805577,2.106625288,1.868517127,1.631410076,1.398726428,1.174334034,0.960967463,0.761435905,0.579058897,0.415683958,0.273306952,0.15350986,0.058687866,-0.012366526,-0.058654416,-0.07934067,-0.077892915,-0.051577841,-0.003898845,0.060867906,0.144109238,0.241287984,0.350876454,0.46988521,0.595699714,0.725905566,0.858268284,0.991029867,1.122697556,1.251018761,1.375586262,1.495962829,1.610572181,1.719789865,1.82177781,1.91990764,2.010513246,2.096086756,2.176757421,2.252052236,2.322879666,2.389347268,2.452596967,2.513715438,2.571832959
0,8.546734181,8.640597586,8.732847766,8.822578946,8.90652266,8.983630657,9.052445311,9.111981806,9.161935919,9.202249785,9.23285999,9.254751881,9.268285877,9.274569532,9.274090929,9.268790106,9.258046332,9.244709444,9.228811077,9.210822386,9.191335181,9.170135336,9.146805545,9.120970786,9.09037337,9.054955866,9.011013283,8.959710221,8.895323903,8.817607273,8.723754506,8.611279168,8.479597028,8.32488651,8.147255439,7.945389345,7.719145451,7.466263788,7.187653606,6.883697063,6.55483294,6.201421786,5.824537444,5.426081988,5.007010456,4.56874829,4.113807666,3.64432711,3.162373137,2.670750243,2.172429571,1.670258017,1.167355635,0.667187092,0.17312016,-0.311725755,-0.783870522,-1.239915659,-1.676992714,-2.093383684,-2.486038173,-2.853483656,-3.194617121,-3.50883871,-3.795850775,-4.055839965,-4.289379841,-4.496874383,-4.679434923,-4.838280447,-4.973320723,-5.084409737,-5.175100418,-5.243995502,-5.291910334,-5.319135498,-5.327357304,-5.316493144,-5.289239817,-5.245613119,-5.188182711,-5.11812191,-5.040406588,-4.953876823,-4.862546641,-4.768892947,-4.675416433,-4.584184221,-4.497188317,-4.416533789,-4.343495928,-4.278779747,-4.223316365,-4.177266749,-4.14042782,-4.1129658,-4.091330601,-4.079299421,-4.07081609,-4.068096755,-4.068749348
0,-10.06185763,-10.10246901,-10.13317669,-10.15319605,-10.16143946,-10.15858588,-10.14323628,-10.11580458,-10.07649678,-10.02563271,-9.963502695,-9.890764577,-9.807193784,-9.713038158,-9.608732645,-9.49407878,-9.369125499,-9.233963307,-9.088569314,-8.933037503,-8.768094031,-8.593707896,-8.41055128,-8.219346326,-8.021065938,-7.816877102,-7.608197818,-7.395946768,-7.18364736,-6.971313514,-6.761861716,-6.557334728,-6.360397116,-6.171808807,-5.994809026,-5.83098263,-5.681904542,-5.548841129,-5.432728645,-5.334267521,-5.253100279,-5.189276487,-5.141868175,-5.109834351,-5.091701805,-5.085831237,-5.090480395,-5.103814839,-5.123963024,-5.149573941,-5.178145217,-5.208966515,-5.240969357,-5.272405341,-5.303104631,-5.332254089,-5.359569323,-5.384934136,-5.408477624,-5.430709164,-5.451690816,-5.472397395,-5.493457139,-5.515778734,-5.539860041,-5.56658177,-5.596586058,-5.630385473,-5.66832719,-5.710624732,-5.757190886,-5.807756622,-5.861817281,-5.918641513,-5.977074604,-6.036818308,-6.094654334,-6.151070802,-6.203014478,-6.249197865,-6.288175062,-6.317288585,-6.335195103,-6.340781298,-6.332590882,-6.309822692,-6.273379154,-6.222820429,-6.159575182,-6.085457778,-6.002698832,-5.914010213,-5.822058659,-5.731074562,-5.64349675,-5.562795807,-5.492147955,-5.433680428,-5.390072345,-5.362209039,-5.351377095
0,-7.417855796,-7.422646979,-7.453730633,-7.509142602,-7.584897622,-7.675696785,-7.774331905,-7.873609711,-7.967356838,-8.048057209,-8.111585157,-8.153565167,-8.171934486,-8.165478051,-8.134380857,-8.080042453,-8.004344022,-7.90957944,-7.798215877,-7.672626542,-7.534995907,-7.387557807,-7.23215096,-7.070789402,-6.905599031,-6.738879678,-6.573711964,-6.412031403,-6.257992823,-6.114707374,-5.985746755,-5.873775704,-5.781396968,-5.711361131,-5.664496536,-5.640717903,-5.640196587,-5.66151436,-5.703078468,-5.762705261,-5.83785682,-5.925767376,-6.023533048,-6.128584932,-6.237320982,-6.347350296,-6.456317935,-6.560869106,-6.659973499,-6.751557239,-6.835088781,-6.909734007,-6.975788976,-7.03391505,-7.084919147,-7.130990302,-7.172219424,-7.211861498,-7.250156799,-7.288499674,-7.327660289,-7.368251927,-7.410324778,-7.453598966,-7.497626555,-7.541561523,-7.584214786,-7.624185945,-7.660103241,-7.690503696,-7.714216541,-7.729695172,-7.736464168,-7.734550956,-7.723457733,-7.702638399,-7.674460984,-7.638051537,-7.594832881,-7.545504837,-7.491149243,-7.43299622,-7.372255665,-7.31015438,-7.247987177,-7.18711385,-7.128849838,-7.074548207,-7.025293714,-6.982896216,-6.947939014,-6.921998621,-6.906015454,-6.900811334,-6.906582923,-6.924171032,-6.951350169,-6.988524692,-7.034095249,-7.086185098,-7.142936959
0,-7.158787482,-7.099224121,-7.030344203,-6.950666069,-6.858640146,-6.752904673,-6.632252263,-6.495768892,-6.342820647,-6.17312591,-5.986788426,-5.784170411,-5.565909971,-5.332883513,-5.086136101,-4.826995582,-4.556906844,-4.2775653,-3.990893737,-3.698998151,-3.404236901,-3.109063898,-2.816021887,-2.527597444,-2.246103971,-1.973622567,-1.711867528,-1.462050961,-1.224994975,-1.000982701,-0.789781888,-0.590605146,-0.402431603,-0.223791156,-0.052978651,0.111827108,0.272618392,0.431083058,0.589099619,0.74812284,0.910099926,1.075161085,1.244258012,1.417404083,1.594166015,1.773677323,1.954706882,2.135670742,2.314949081,2.490868445,2.662187708,2.827799142,2.985699486,3.137278528,3.283485884,3.423898908,3.560928922,3.696888786,3.833279184,3.972277991,4.115515475,4.264443323,4.419431214,4.58130945,4.748552648,4.92168429,5.099334587,5.280278826,5.463306472,5.647456152,5.831922517,6.016242766,6.200226484,6.383809801,6.567679362,6.752315275,6.938620277,7.127484724,7.319811844,7.516301311,7.717446772,7.923245957,8.133217857,8.346490977,8.561651813,8.776830741,8.989641341,9.197531162,9.397762545,9.587473793,9.763918112,9.924665349,10.06768479,10.19142612,10.29497424,10.37795402,10.44138243,10.48650363,10.5149623,10.52892284,10.53114763
0,6.66363733,6.598175211,6.561409658,6.54739363,6.562943387,6.602576006,6.671977454,6.766715468,6.887086186,7.031747492,7.196622164,7.379751645,7.579226192,7.791076032,8.010905165,8.235333474,8.460306885,8.681071095,8.892928688,9.092518416,9.275107031,9.436903629,9.575045252,9.687259586,9.770176151,9.82259916,9.847484692,9.838740509,9.802927733,9.73574274,9.643634358,9.526497733,9.38842112,9.230653004,9.056591945,8.8697751,8.672452333,8.467420471,8.257612497,8.044881465,7.830826299,7.617414241,7.406019732,7.197321845,6.99220603,6.791160476,6.594380728,6.403749192,6.216190917,6.03639445,5.859812232,5.689866466,5.525875704,5.36789994,5.21608692,5.070808337,4.932660442,4.801592368,4.677719301,4.560846151,4.453400974,4.352847891,4.260871295,4.178647217,4.10576644,4.04359443,3.993376248,3.956192978,3.93404533,3.928247206,3.94175602,3.974423378,4.031016678,4.111665561,4.219703591,4.356640824,4.52253861,4.720951415,4.946803858,5.20517593,5.490168818,5.801622532,6.135833706,6.487296902,6.85163541,7.223522306,7.596071982,7.96339595,8.320420377,8.660877903,8.979811641,9.274122647,9.54054538,9.77707839,9.983642218,10.1599752,10.30813163,10.43091754,10.53026428,10.60975965,10.67361741
0,11.48012312,11.54210175,11.58865354,11.62359994,11.64051361,11.6409953,11.62432039,11.59166066,11.54257373,11.48101684,11.40557077,11.3190008,11.22276091,11.11822225,11.00630756,10.88772203,10.76627936,10.63998181,10.5117605,10.38210619,10.25278745,10.12467192,9.998930018,9.876720979,9.759610177,9.649933701,9.54644982,9.453584792,9.372240934,9.302317494,9.247231334,9.207971607,9.185158608,9.180375229,9.19535371,9.228646775,9.282906026,9.357659818,9.453000682,9.568795522,9.704377862,9.858651712,10.03054391,10.21761966,10.41990426,10.63126759,10.85327094,11.08080924,11.31197676,11.54401236,11.77474122,12.00190466,12.22206411,12.43624316,12.6405528,12.83496216,13.01859775,13.19122206,13.35294194,13.50416432,13.64545835,13.77746605,13.90220063,14.01881509,14.1305453,14.23788449,14.34181185,14.44352366,14.54404479,14.64435376,14.74535717,14.84756437,14.95107813,15.05650562,15.16437005,15.27369785,15.38461775,15.49654959,15.60867276,15.71994111,15.82914599,15.93511043,16.03541342,16.13037554,16.21616495,16.29188592,16.35598829,16.40679106,16.44325904,16.46339815,16.46903134,16.45745131,16.42994591,16.38895532,16.33277653,16.26562846,16.18815404,16.10340272,16.01396006,15.92234841,15.83067098
1,-6.974203551,-6.921284833,-6.885218196,-6.867451884,-6.868732893,-6.889509594,-6.931661377,-6.998726959,-7.094697296,-7.221472722,-7.384296662,-7.581344618,-7.809543928,-8.062365629,-8.331825258,-8.609314135,-8.886800946,-9.157821868,-9.417671306,-9.663532151,-9.894009577,-10.10915222,-10.3075732,-10.49018247,-10.65660059,-10.80584478,-10.93732126,-11.05085461,-11.14511769,-11.21976769,-11.27470195,-11.31049002,-11.32805395,-11.33171026,-11.32232425,-11.30559192,-11.28633787,-11.26988479,-11.26155971,-11.26606675,-11.28788035,-11.32880955,-11.39004657,-11.47142623,-11.57083823,-11.68496206,-11.80956361,-11.93988526,-12.07104208,-12.19889269,-12.31930355,-12.42910817,-12.52610178,-12.60861123,-12.67762266,-12.73282175,-12.77606533,-12.80980133,-12.83666928,-12.85939685,-12.8801866,-12.90140934,-12.9245072,-12.95072428,-12.98039955,-13.01469383,-13.05372016,-13.09708016,-13.14474651,-13.19601916,-13.25001726,-13.30556833,-13.35933479,-13.41136869,-13.45587146,-13.48829187,-13.50394793,-13.49791701,-13.46482722,-13.40078102,-13.30080817,-13.16703499,-13.00144394,-12.80546199,-12.58740601,-12.35458811,-12.11638587,-11.88224769,-11.66282864,-11.45923775,-11.28377071,-11.13500408,-11.01385996,-10.91785908,-10.84329826,-10.7863157,-10.74134876,-10.70564305,-10.67653148,-10.65204688,-10.63176844
1,-37.48970553,-37.63184796,-37.79439074,-37.96530637,-38.14020102,-38.3168166,-38.48427324,-38.6250069,-38.71840047,-38.74930252,-38.71764069,-38.64593564,-38.56750018,-38.51955812,-38.52083183,-38.56812353,-38.64257608,-38.71743644,-38.77037025,-38.78576704,-38.75923883,-38.69276382,-38.59702624,-38.47978481,-38.34551471,-38.19652589,-38.03712006,-37.87609729,-37.72421371,-37.58762788,-37.4656287,-37.3556098,-37.26050424,-37.18514875,-37.14023625,-37.13008934,-37.15786136,-37.22750083,-37.34296398,-37.50659816,-37.71797802,-37.97521983,-38.27507502,-38.61129373,-38.97572719,-39.35430301,-39.72860667,-40.08127187,-40.39875344,-40.67334886,-40.89859986,-41.07072057,-41.19073156,-41.26799793,-41.31989365,-41.36540254,-41.4184527,-41.48456735,-41.56192388,-41.64470841,-41.72744967,-41.80924546,-41.89340237,-41.98668165,-42.09499177,-42.22221412,-42.36947326,-42.53476417,-42.71538747,-42.90939852,-43.11771064,-43.34287821,-43.58545348,-43.84230163,-44.10857295,-44.3785049,-44.64801122,-44.91192036,-45.16567776,-45.40658039,-45.63602136,-45.86005458,-46.08656265,-46.32093593,-46.56270106,-46.80553868,-47.03953582,-47.25699488,-47.45450215,-47.63433594,-47.80291306,-47.96729631,-48.13554803,-48.31382973,-48.50387807,-48.69935547,-48.88579402,-49.04608541,-49.16780532,-49.24879799,-49.29717561
1,24.00400919,23.823339,23.65558805,23.50859257,23.39001711,23.30303706,23.25054066,23.23159055,23.24544505,23.28410216,23.34424446,23.41690487,23.49257813,23.56353621,23.61956692,23.6533988,23.65726443,23.62443305,23.55237319,23.43924276,23.28251154,23.08511203,22.84817097,22.57556281,22.27216178,21.94285071,21.59287479,21.22785712,20.85334678,20.47460981,20.0966315,19.72389541,19.3602839,19.00898586,18.67239987,18.35204536,18.04859128,17.76188497,17.49100272,17.23432998,16.98974576,16.75475394,16.52666667,16.3026873,16.079972,15.85572343,15.62719504,15.3916922,15.14643015,14.88858112,14.61519096,14.32328733,14.00995288,13.67261917,13.30933378,12.91899358,12.50167191,12.05869584,11.59280687,11.10813037,10.60996769,10.10459947,9.598917048,9.100029238,8.614857341,8.149556137,7.709104564,7.29697578,6.914719251,6.562033796,6.236862316,5.935563444,5.653146826,5.384063713,5.122518113,4.863144419,4.601599976,4.33473414,4.060710517,3.778917737,3.48983862,3.19471314,2.89517002,2.592994678,2.289873426,1.987444625,1.687416452,1.391513438,1.101414961,0.818639799,0.544520151,0.28009781,0.026091429,-0.217037976,-0.448985289,-0.669545808,-0.878576564,-1.075961493,-1.261606105,-1.435286527,-1.596949923
1,6.313317076,6.324561143,6.384516609,6.499199764,6.670908819,6.896028416,7.16259184,7.45589999,7.7576312,8.056416864,8.345931276,8.623854272,8.891166932,9.144172228,9.378716304,9.586875328,9.760721139,9.888945883,9.960426359,9.957371956,9.868465596,9.687027466,9.416111679,9.065105089,8.649455037,8.179221363,7.661245854,7.096640154,6.490296524,5.852389657,5.202964195,4.565339544,3.955914034,3.380730969,2.833177374,2.298255874,1.758349295,1.199561683,0.615682948,0.009404615,-0.606308204,-1.216637079,-1.808533081,-2.374135388,-2.912244492,-3.426529816,-3.922857672,-4.407098436,-4.881116128,-5.342673862,-5.785198479,-6.201321869,-6.585616402,-6.937114025,-7.260080421,-7.563532336,-7.859309718,-8.160347567,-8.478575334,-8.822787844,-9.197380043,-9.601225916,-10.02775865,-10.46555083,-10.90004425,-11.31530449,-11.69772621,-12.03500703,-12.32158521,-12.55805059,-12.75238519,-12.91729752,-13.0664451,-13.21179068,-13.36135705,-13.51704759,-13.67692848,-13.83621352,-13.9892845,-14.13161657,-14.26146612,-14.37819954,-14.48499665,-14.58600739,-14.68774954,-14.79755089,-14.9218824,-15.06420306,-15.22335311,-15.39562804,-15.57481086,-15.75646478,-15.93593404,-16.10770208,-16.26660527,-16.40712086,-16.52376997,-16.61354895,-16.67641299,-16.71373227,-16.72829454
1,19.00998495,18.43154702,17.87656247,17.2963595,16.71460708,16.18510946,15.75002134,15.42327272,15.18584414,14.99341058,14.8058718,14.60501138,14.39395057,14.18384275,13.98125612,13.78301339,13.57481566,13.33257109,13.03387655,12.67323288,12.26964335,11.8565608,11.46023192,11.0808763,10.69830607,10.30103955,9.9044983,9.54310223,9.249835172,9.039408543,8.903500271,8.815545309,8.747396996,8.68202181,8.617281545,8.562238018,8.526774488,8.510110579,8.500362762,8.47873322,8.423817184,8.321075202,8.175977693,8.02121098,7.908617421,7.879007222,7.938314526,8.05448253,8.176514764,8.253380654,8.252964092,8.170001151,8.027294993,7.855853091,7.673956924,7.467999649,7.218925178,6.924928307,6.620407467,6.3516865,6.137212649,5.958249867,5.788596133,5.622546095,5.476371968,5.361564389,5.275684293,5.202194989,5.12750465,5.051852955,4.99482615,4.980982827,5.020366681,5.09435032,5.157150711,5.157735619,5.067253444,4.900276901,4.711981746,4.561428841,4.471546111,4.42137758,4.373753142,4.305779151,4.223649609,4.16083948,4.157979491,4.237045584,4.390669036,4.594989556,4.827489193,5.077101292,5.334801586,5.582260159,5.798139217,5.966236264,6.084746981,6.159386555,6.202983255,6.237172798,6.288671708
1,10.43845205,10.52767625,10.61361623,10.69373733,10.76861418,10.83708021,10.89921537,10.95548524,11.00625948,11.05327989,11.09717167,11.13841324,11.17772697,11.21478673,11.24947831,11.2804132,11.30674704,11.32875288,11.34126983,11.34803114,11.34513673,11.33236286,11.30987949,11.27511843,11.23068416,11.17505306,11.10829848,11.03017912,10.94027482,10.83796435,10.72177422,10.59146775,10.44490293,10.28067177,10.0964876,9.892718596,9.665701186,9.414953908,9.138064531,8.834311676,8.502678565,8.142747158,7.754782652,7.339975105,6.900500081,6.439487036,5.96093688,5.469198093,4.968859875,4.464616606,3.960930829,3.462145654,2.972162188,2.494319854,2.03159024,1.586693415,1.162232487,0.761693318,0.385009253,0.037848053,-0.279076726,-0.563808146,-0.814119694,-1.029866108,-1.208217255,-1.350922198,-1.456911194,-1.527456522,-1.564509004,-1.568784186,-1.547986027,-1.503844996,-1.442390776,-1.369440124,-1.291434548,-1.21483124,-1.145260625,-1.088941752,-1.05169676,-1.034593049,-1.04247989,-1.075340809,-1.135639647,-1.220142453,-1.326604772,-1.454594629,-1.600359974,-1.76110075,-1.934394387,-2.116454732,-2.305653078,-2.498986446,-2.6946195,-2.89033381,-3.083743922,-3.272661212,-3.45376494,-3.62558296,-3.785291541,-3.930622925,-4.059481391
1,11.36294137,10.63977928,9.896595164,9.237583178,8.806152976,8.677562877,8.801076581,9.010500987,9.176050173,9.271895868,9.367803686,9.534134876,9.764817505,10.0195639,10.24827249,10.43738577,10.60003689,10.76844153,10.99359988,11.30828774,11.71354983,12.13897067,12.50314325,12.74145351,12.83105324,12.78755116,12.62344177,12.37181836,12.04293306,11.64452336,11.1686984,10.64405547,10.12770913,9.657231186,9.2213918,8.801926772,8.398341047,8.03252513,7.699477957,7.383947249,7.060056887,6.702839501,6.295345855,5.839711904,5.323712392,4.762790423,4.167672604,3.579768807,3.044100212,2.590006814,2.213161136,1.883498394,1.558425078,1.197377614,0.782352105,0.322792112,-0.170971621,-0.695241777,-1.245947876,-1.809297215,-2.357031729,-2.85305211,-3.269688153,-3.593187465,-3.843650932,-4.07268835,-4.327554904,-4.627131151,-4.948482872,-5.269563103,-5.584603023,-5.879319316,-6.121484122,-6.278296332,-6.338817354,-6.30888591,-6.229518367,-6.151642249,-6.095971482,-6.052308813,-6.028898726,-6.04128997,-6.083952628,-6.111059725,-6.060973394,-5.886841623,-5.565212378,-5.109017609,-4.567255155,-4.005995201,-3.487114219,-3.063241408,-2.7745351,-2.641993833,-2.649874404,-2.743783577,-2.87320597,-2.985170817,-3.049982088,-3.077981927,-3.096795077
1,22.3622035,22.27806344,22.15890079,22.01701757,21.86651242,21.72023765,21.59092062,21.48716363,21.41188085,21.36065938,21.32913399,21.30357439,21.26932989,21.21046798,21.10605218,20.9411077,20.70367067,20.38855896,19.99258263,19.53128719,19.01108756,18.45319611,17.87562632,17.30055732,16.74381728,16.21778315,15.73472381,15.29434928,14.89983252,14.55253063,14.25437264,14.01499105,13.83935146,13.73624966,13.70802672,13.75767782,13.8781178,14.06448191,14.30665472,14.59408771,14.91704634,15.26535641,15.62767329,15.99794301,16.36814363,16.73101406,17.08031441,17.41000779,17.71322474,17.98464382,18.2186686,18.41233405,18.56375457,18.67246668,18.74325475,18.77851003,18.78528038,18.77245721,18.75087959,18.73136893,18.72708664,18.74199726,18.77803677,18.83162821,18.89052769,18.93727106,18.94782013,18.89894068,18.76431803,18.53147937,18.18157163,17.71512476,17.13271027,16.44500327,15.66802969,14.82338489,13.93486578,13.02918929,12.13473397,11.27134,10.46765396,9.738477436,9.095802422,8.544172519,8.082937912,7.706974967,7.408774601,7.17922607,7.004626975,6.876816475,6.777635626,6.698019612,6.623795589,6.544475547,6.451211594,6.338500194,6.202570844,6.04255219,5.861574037,5.663012467,5.453503024
1,-0.085123798,-0.372120237,-0.756782456,-1.22522199,-1.751457581,-2.310023196,-2.87354219,-3.419414407,-3.929676913,-4.392249597,-4.801648655,-5.158897976,-5.470908482,-5.746594693,-5.995704212,-6.226132691,-6.445150035,-6.657339397,-6.865232949,-7.070470256,-7.272665924,-7.469037127,-7.655322439,-7.824841538,-7.969788521,-8.083200782,-8.15986778,-8.200048523,-8.20568982,-8.184048328,-8.141871105,-8.086067437,-8.022770076,-7.954931013,-7.88467783,-7.812034636,-7.736638356,-7.660160179,-7.58369366,-7.510934829,-7.444615635,-7.386884234,-7.339957126,-7.304873531,-7.28089474,-7.264369687,-7.249152554,-7.228909832,-7.199428257,-7.159093315,-7.110517958,-7.057766729,-7.008851058,-6.97199464,-6.954842482,-6.963615805,-7.00177669,-7.069567667,-7.164769119,-7.282936747,-7.41712197,-7.559983045,-7.702017479,-7.834282172,-7.946669299,-8.030246703,-8.074482298,-8.074523768,-8.02283219,-7.91799942,-7.760720477,-7.553972519,-7.302962465,-7.015457117,-6.700460882,-6.366805102,-6.023405348,-5.677895244,-5.335907338,-5.001545225,-4.677252501,-4.364002034,-4.061719843,-3.770665575,-3.489957317,-3.219788895,-2.960656305,-2.713461996,-2.479579406,-2.260324718,-2.056533991,-1.868557403,-1.695810145,-1.53697623,-1.389978784,-1.252212422,-1.120838522,-0.991924855,-0.86131544,-0.725329995,-0.580621085
1,11.40988851,11.07920673,10.7014513,10.27949281,9.81595283,9.31410669,8.777398155,8.210220652,7.617401316,7.005220886,6.380730609,5.75236847,5.129098813,4.520333405,3.935069025,3.381146055,2.864765491,2.389658924,1.957462496,1.567202816,1.216074663,0.899515683,0.61261018,0.350254458,0.108732866,-0.114439031,-0.319950735,-0.507751578,-0.676739992,-0.825405334,-0.952489768,-1.057417052,-1.140138346,-1.20194501,-1.244318609,-1.270443521,-1.282754672,-1.283800285,-1.275607087,-1.260072443,-1.237993257,-1.210963899,-1.181003624,-1.150509798,-1.122925105,-1.101548817,-1.090414859,-1.091985188,-1.108570977,-1.140677736,-1.187662136,-1.247496094,-1.317397482,-1.393860855,-1.473419653,-1.552357997,-1.626970744,-1.694114066,-1.750668454,-1.794090324,-1.822392541,-1.834184069,-1.828123216,-1.803116211,-1.757983548,-1.690343818,-1.597302257,-1.475349234,-1.320561859,-1.131099063,-0.905266493,-0.643739229,-0.349211771,-0.025381312,0.32336525,0.693081738,1.080768772,1.484720252,1.904424546,2.340231934,2.792362911,3.259576418,3.739654732,4.227004996,4.714053068,5.191469194,5.648964597,6.077081893,6.46907281,6.821014603,7.133184989,7.408767585,7.653229007,7.873147519,8.074028071,8.261678641,8.438986275,8.607433457,8.766273707,8.912864439,9.043023366
1,6.455204193,6.498243686,6.414782827,6.211812039,5.921517317,5.589008826,5.25337422,4.946426172,4.700278838,4.554897443,4.547219808,4.719842036,5.079680028,5.637188386,6.354167609,7.185900175,8.0901484,9.047903693,10.03811033,11.04073111,12.00384944,12.86862075,13.58030892,14.11431477,14.48792168,14.73412653,14.9014147,15.009572,15.0859046,15.1346294,15.14596152,15.08947724,14.93627985,14.66789787,14.28052212,13.78995288,13.22365972,12.63011371,12.0514845,11.51714956,11.03333481,10.59099815,10.15854594,9.706933969,9.217304366,8.704401955,8.212308664,7.786648949,7.438618932,7.146677272,6.88374753,6.626308145,6.350946058,6.033068004,5.646886418,5.179928801,4.654695481,4.099033815,3.546378876,2.994906847,2.418909103,1.795550857,1.114663455,0.392240918,-0.354282421,-1.088004345,-1.760634344,-2.33104288,-2.782931967,-3.134926654,-3.434057921,-3.724458652,-4.036527536,-4.391775215,-4.778184317,-5.188918287,-5.598026583,-5.97786726,-6.310153598,-6.576412481,-6.797525983,-6.985969297,-7.162978345,-7.357339948,-7.58859654,-7.856817523,-8.146824349,-8.442471021,-8.734190242,-9.024730555,-9.31224903,-9.589823405,-9.846158884,-10.0652701,-10.23774112,-10.36484978,-10.45247441,-10.51182122,-10.55257,-10.58222271,-10.60627162
1,12.97092808,12.9179842,12.82477555,12.67275506,12.44828754,12.14743777,11.77471548,11.34073566,10.85988435,10.34972843,9.833544783,9.337490265,8.883574286,8.484182319,8.141843039,7.848239697,7.593591654,7.368318195,7.163565418,6.97124139,6.77722372,6.559117086,6.29510674,5.971838796,5.589346667,5.161622115,4.708466849,4.240594767,3.75538579,3.241436786,2.688140687,2.095568244,1.478352591,0.861142537,0.247049097,-0.382381852,-1.055187551,-1.771523042,-2.485115541,-3.130909303,-3.663962859,-4.088333184,-4.451197119,-4.809150934,-5.20285049,-5.642222549,-6.115492277,-6.584799096,-7.001072199,-7.329094529,-7.569683657,-7.757162957,-7.930554667,-8.106926122,-8.276706825,-8.425922475,-8.543499875,-8.626741123,-8.669555882,-8.674136547,-8.648702139,-8.607434057,-8.564186537,-8.536206256,-8.528092427,-8.547957096,-8.587081667,-8.630914138,-8.659407344,-8.649110373,-8.576271461,-8.420702786,-8.167075784,-7.810821634,-7.362324367,-6.844523569,-6.288651877,-5.727616974,-5.191444584,-4.709458325,-4.307219971,-3.993950681,-3.762605161,-3.601201174,-3.497426672,-3.444658353,-3.438538944,-3.474992923,-3.547431278,-3.643709439,-3.749541084,-3.850258584,-3.933870765,-3.993849096,-4.035812961,-4.068568834,-4.097550562,-4.117045902,-4.112545063,-4.078216434,-4.028523028
1,-7.649751099,-7.672308881,-7.662359659,-7.623844996,-7.564751152,-7.497853889,-7.436907408,-7.393450487,-7.375609623,-7.387463319,-7.428187878,-7.494121257,-7.581008095,-7.682269504,-7.79300998,-7.908863542,-8.030927167,-8.165610223,-8.322828909,-8.512943685,-8.738970693,-8.997292468,-9.277694124,-9.564395709,-9.852452271,-10.13776324,-10.41155137,-10.66479923,-10.87715219,-11.01458053,-11.05146759,-10.99704722,-10.86798692,-10.7083079,-10.55641313,-10.44261443,-10.37919643,-10.36684239,-10.39532106,-10.44509388,-10.49824781,-10.52304571,-10.50136736,-10.41435294,-10.25680895,-10.02926153,-9.743758051,-9.422430468,-9.082157604,-8.739073237,-8.395594245,-8.04674262,-7.676094786,-7.269608185,-6.816588594,-6.313486602,-5.765537346,-5.184697616,-4.588051519,-3.997061336,-3.433859662,-2.922604738,-2.484238807,-2.135377453,-1.887915074,-1.737952667,-1.679584669,-1.688149349,-1.744348908,-1.82269485,-1.908025598,-1.986883815,-2.055874513,-2.111906524,-2.157487397,-2.194640209,-2.224356588,-2.244681644,-2.255269123,-2.24721945,-2.221754058,-2.179588954,-2.125866938,-2.068650319,-2.01681406,-1.976895177,-1.953666925,-1.946873335,-1.95673269,-1.979819927,-2.012050765,-2.048652937,-2.086105833,-2.121649446,-2.154793976,-2.186095872,-2.216460839,-2.24600299,-2.273913507,-2.298676115,-2.319996784
1,17.49985532,17.19893065,16.82647115,16.39494238,15.91067764,15.38746411,14.83747857,14.27410968,13.71180738,13.16593962,12.65525774,12.19349911,11.80303231,11.50268371,11.30809172,11.23594959,11.29172731,11.46898771,11.75080243,12.11190334,12.52629536,12.9713832,13.42940839,13.88932751,14.33468002,14.75938597,15.15592103,15.52030216,15.85302551,16.15502132,16.42898929,16.67717543,16.90016132,17.09762693,17.2696762,17.41822392,17.54809559,17.66519535,17.77631124,17.88611098,17.99735443,18.11008784,18.22327481,18.33540844,18.44576493,18.55438419,18.66273239,18.77389938,18.89100478,19.01697755,19.15293572,19.29833754,19.45180056,19.6121132,19.77911969,19.95394121,20.13713129,20.32893591,20.52883048,20.73561462,20.94739977,21.16185576,21.3756593,21.58503495,21.7859069,21.97400437,22.14584421,22.29877185,22.43145567,22.54381016,22.63666584,22.71250503,22.77301089,22.82049957,22.85619172,22.87982449,22.88973787,22.883937,22.85979968,22.8147039,22.74824135,22.66143539,22.55511012,22.43115658,22.28972111,22.13038796,21.95477513,21.76720198,21.57501082,21.38663081,21.21138466,21.06010992,20.9360081,20.84805781,20.79696634,20.78042466,20.79173127,20.82252162,20.86549343,20.91531571,20.9691601
1,8.359354524,8.492094308,8.671666616,8.889895996,9.126746106,9.376220877,9.623902505,9.863791906,10.09314543,10.31340679,10.52576239,10.73318637,10.93536602,11.13047658,11.30939253,11.46308299,11.57837077,11.64633447,11.6604651,11.62084815,11.53071862,11.40448253,11.24813212,11.07288762,10.88511949,10.68761139,10.47959681,10.26038267,10.02998975,9.792786325,9.557035258,9.332353399,9.12978218,8.946365462,8.785777106,8.637440647,8.489005475,8.32652745,8.137236793,7.911587633,7.646680545,7.345098973,7.013578861,6.662359682,6.302424311,5.94621031,5.599588626,5.272739462,4.969861025,4.692992881,4.441998497,4.215426521,4.011621814,3.828811077,3.664661627,3.516812988,3.38303438,3.262934652,3.154066196,3.068718971,3.009947727,2.986869863,3.006021333,3.070946954,3.180970436,3.331856548,3.516110904,3.725021915,3.950775188,4.186402402,4.425957395,4.664498985,4.89615066,5.11225029,5.300283799,5.444218588,5.532875264,5.553814136,5.498820167,5.368935164,5.165587177,4.898209827,4.573916639,4.204789189,3.802566382,3.379461612,2.947803334,2.519926818,2.108485262,1.72358787,1.376322749,1.071720143,0.812484381,0.596183269,0.415147379,0.264014959,0.132253107,0.009293127,-0.10699839,-0.222105021,-0.338669597
1,2.848264371,2.662625067,2.506726537,2.372050489,2.249863759,2.133519693,2.021369162,1.916208899,1.825979664,1.760823259,1.735781186,1.76502488,1.861315818,2.037867171,2.300224161,2.653225165,3.094293787,3.616805902,4.207574761,4.846375055,5.508211329,6.166292046,6.79486678,7.373540458,7.88839191,8.332592555,8.705334623,9.010152867,9.254303699,9.4445066,9.588713283,9.694445085,9.769280023,9.820325929,9.854871862,9.879098786,9.897333647,9.909704699,9.913190243,9.89968129,9.861903072,9.792200797,9.686699754,9.546726111,9.37745077,9.188363165,8.990996784,8.797465933,8.618859806,8.46212143,8.33165746,8.224949204,8.136374792,8.055051855,7.968656579,7.86453037,7.732390855,7.565852814,7.365076283,7.133957643,6.881358017,6.618185097,6.356041956,6.10568108,5.875005708,5.670121508,5.49412228,5.34744904,5.228710559,5.134935374,5.062030079,5.005814506,4.961818118,4.926781605,4.898746316,4.877312201,4.863391119,4.858636361,4.864811214,4.882395751,4.910622507,4.947113185,4.988561557,5.032303246,5.076416256,5.12131628,5.168388192,5.220032697,5.278236227,5.344024315,5.416732622,5.494400494,5.575281195,5.657619332,5.741843168,5.828596254,5.917445003,6.005310043,6.086642517,6.155255306,6.205083841
1,-7.99393886,-8.350204014,-8.599499303,-8.736841638,-8.759273676,-8.677614298,-8.504613685,-8.251864191,-7.936986903,-7.580185153,-7.199922989,-6.812647702,-6.432781641,-6.072505089,-5.741776733,-5.446750196,-5.192594918,-4.978533403,-4.804865855,-4.666972189,-4.562175168,-4.484259602,-4.429065134,-4.391816129,-4.367262604,-4.355091848,-4.351597811,-4.358352791,-4.374094996,-4.40122533,-4.440436075,-4.49468481,-4.563898411,-4.65009158,-4.753900954,-4.875527056,-5.014557916,-5.170270209,-5.341685971,-5.527428898,-5.726196886,-5.936823781,-6.158116459,-6.388814983,-6.627958926,-6.874728139,-7.128181259,-7.386958623,-7.649767684,-7.915212377,-8.181685366,-8.447061808,-8.708832715,-8.964441163,-9.210882661,-9.446244059,-9.66489149,-9.86443423,-10.04136973,-10.19321685,-10.31661377,-10.40907777,-10.47073396,-10.49791423,-10.4901967,-10.45336386,-10.38190471,-10.28148078,-10.15418732,-10.00153104,-9.826231944,-9.633597017,-9.426195297,-9.208920005,-8.987267334,-8.766073979,-8.555606078,-8.361280667,-8.195254206,-8.06012728,-7.97302551,-7.931012138,-7.946190737,-8.015702222,-8.138625527,-8.311369996,-8.525566189,-8.772278919,-9.040302158,-9.317961967,-9.59400992,-9.857123492,-10.09942325,-10.31283773,-10.48899897,-10.63223841,-10.73426149,-10.79959804,-10.83201646,-10.83329426,-10.80937298
1,14.32065979,14.19524635,14.05469042,13.89926597,13.72833508,13.54093945,13.33713703,13.11754224,12.88378699,12.6364854,12.37322935,12.08864085,11.77790397,11.43946596,11.07671332,10.69592158,10.3027323,9.900002487,9.487202647,9.05897376,8.605247071,8.111492332,7.560122979,6.934662445,6.226085314,5.438591052,4.592316938,3.712460492,2.824290854,1.943528397,1.077856354,0.231391161,-0.592043164,-1.388917058,-2.157945251,-2.900803183,-3.619427645,-4.312133497,-4.971677651,-5.586785094,-6.145721708,-6.639569326,-7.064441515,-7.420912162,-7.71517289,-7.954289638,-8.146501156,-8.297915392,-8.412432429,-8.491658775,-8.537185463,-8.553249806,-8.54769825,-8.529771877,-8.507794455,-8.485600458,-8.462622132,-8.435151279,-8.39799818,-8.346197644,-8.275841936,-8.184523116,-8.071820739,-7.939637512,-7.790478878,-7.627446625,-7.453129296,-7.266403107,-7.062609141,-6.831233498,-6.557588702,-6.226207913,-5.824432009,-5.344790566,-4.785417822,-4.149376049,-3.444103611,-2.679998744,-1.867801654,-1.016326208,-0.132408297,0.778182609,1.707205218,2.644860022,3.576276548,4.484013781,5.350569104,6.162330142,6.911841323,7.596986834,8.217538703,8.772334411,9.259563789,9.678720043,10.0327826,10.3260968,10.56675248,10.76646124,10.93842285,11.09534019,11.24558927
1,-8.194363389,-8.642220713,-9.134621777,-9.658073933,-10.19534342,-10.72686376,-11.23410102,-11.69891946,-12.1064102,-12.44649621,-12.70947851,-12.89309298,-12.99256365,-13.01050102,-12.94726209,-12.80718177,-12.59408007,-12.31487554,-11.97811183,-11.59382037,-11.17348338,-10.72901914,-10.27063202,-9.804881598,-9.333748744,-8.853453708,-8.355880528,-7.830435807,-7.269074497,-6.668185972,-6.032495581,-5.375642931,-4.717923195,-4.085012795,-3.504722423,-3.003566595,-2.604084188,-2.323688037,-2.17073029,-2.148896233,-2.242121582,-2.43825647,-2.710813611,-3.031972724,-3.375583625,-3.720404105,-4.052686536,-4.367422031,-4.663645116,-4.949424989,-5.235639359,-5.533155695,-5.851757315,-6.200723797,-6.582969719,-6.998524485,-7.442041553,-7.904457583,-8.372536182,-8.830782905,-9.259397578,-9.640005764,-9.956279399,-10.19365281,-10.34903257,-10.42075583,-10.41740284,-10.35090188,-10.23846197,-10.09780053,-9.946507964,-9.800135206,-9.669216203,-9.560354561,-9.482549125,-9.438341642,-9.429700383,-9.455672865,-9.51412347,-9.599805511,-9.705389037,-9.820868637,-9.93497113,-10.03670901,-10.11685555,-10.16870712,-10.18954144,-10.1809037,-10.14826232,-10.10048855,-10.04767816,-10.0012381,-9.970505132,-9.961981984,-9.978139027,-10.01661976,-10.0713097,-10.13400504,-10.19525684,-10.24707636,-10.28305338
1,14.13961528,14.22418989,14.39160894,14.63561484,14.94507774,15.30696879,15.70555995,16.12394686,16.54505474,16.95271014,17.33259804,17.67301751,17.96533476,18.20451525,18.3880149,18.5185346,18.60069706,18.639628,18.6451623,18.62523883,18.58847733,18.54440514,18.49897746,18.45620311,18.42057918,18.3930409,18.37351879,18.36120625,18.35501947,18.35472981,18.35878223,18.36977029,18.38645024,18.41266209,18.44946257,18.4985834,18.5613953,18.63900788,18.73158107,18.8385068,18.95859749,19.08954271,19.2296846,19.37561455,19.5237794,19.67144364,19.81574596,19.95436248,20.08540781,20.20885878,20.32464142,20.43310263,20.53541202,20.63358214,20.72739919,20.81898245,20.90911768,20.99781994,21.0874638,21.17777345,21.26968019,21.3641316,21.462701,21.5633892,21.66804758,21.77418704,21.88000018,21.98237969,22.07810804,22.16378935,22.23770182,22.29847171,22.34557724,22.37995752,22.40309684,22.41571932,22.42111853,22.41801468,22.40853675,22.39216037,22.36934252,22.33752187,22.29849755,22.24809615,22.18992719,22.1203618,22.03930941,21.94652424,21.83971874,21.71820646,21.57997047,21.42583012,21.25384145,21.06352993,20.8614749,20.64628506,20.42402794,20.20186961,19.98450478,19.77878044,19.59010593
1,8.891444599,9.091785661,9.263043922,9.381588779,9.424939201,9.372261032,9.213498848,8.943922988,8.576793546,8.140028748,7.671887311,7.2148736,6.803995703,6.464651441,6.211694901,6.05340854,5.98995695,6.016427632,6.115827461,6.264855393,6.438413819,6.614941752,6.778454879,6.918976288,7.030699399,7.110247381,7.157719416,7.174757404,7.163768512,7.12641899,7.064252657,6.980420483,6.880114533,6.773130977,6.672621631,6.585823774,6.513763303,6.44824373,6.375860184,6.284168399,6.168929026,6.036629938,5.906021542,5.796153446,5.725775343,5.7027916,5.730886678,5.806508632,5.925202361,6.081034854,6.267934675,6.480486618,6.715283883,6.971227736,7.248125289,7.545209636,7.858772194,8.183329206,8.509545844,8.82458578,9.11606861,9.373233886,9.59223918,9.777161652,9.938336335,10.08784747,10.23386872,10.37840265,10.51718139,10.64354481,10.7508321,10.83594718,10.89975888,10.9455006,10.97687173,10.99668752,11.00559323,11.00393237,10.99156668,10.96940029,10.9406205,10.911025,10.88877044,10.88263389,10.90004038,10.94550143,11.01921075,11.11714192,11.23177185,11.35412939,11.47531418,11.58768428,11.68543187,11.76396904,11.82013701,11.85271226,11.86320801,11.8557038,11.83504004,11.80545286,11.76937554
1,10.98681398,10.98324811,10.95578515,10.89971752,10.80900193,10.67628858,10.4971174,10.26966026,9.993573435,9.675008257,9.320438433,8.938231961,8.536878045,8.124321063,7.707829574,7.293296408,6.88713146,6.490571515,6.108780508,5.74391459,5.396107202,5.065861995,4.751816768,4.450355616,4.156746153,3.86370704,3.561268624,3.238674589,2.885044244,2.492382347,2.055929476,1.5754197,1.055029529,0.502438257,-0.071855286,-0.6554398,-1.235693493,-1.801179856,-2.343670625,-2.857735224,-3.340231305,-3.790472562,-4.21183588,-4.612914293,-5.006658719,-5.408209236,-5.831656694,-6.286824114,-6.77777295,-7.302960245,-7.855712728,-8.426263028,-9.00605793,-9.589312347,-10.17420253,-10.76219872,-11.35483363,-11.95031686,-12.54097686,-13.11361175,-13.65058634,-14.13033675,-14.52986433,-14.82899192,-15.0099993,-15.06444513,-14.99637459,-14.82088458,-14.56150749,-14.2473737,-13.90777021,-13.56837894,-13.24989933,-12.96565574,-12.7236989,-12.52883236,-12.38157137,-12.28066615,-12.22232167,-12.20066543,-12.2080028,-12.23536948,-12.27449337,-12.31961696,-12.36830068,-12.42274748,-12.48608719,-12.56733853,-12.67284797,-12.80758536,-12.97252511,-13.16474704,-13.37834799,-13.60541441,-13.83742322,-14.06645371,-14.28521105,-14.48766725,-14.67013893,-14.83127899,-14.97207578
1,-1.385442789,-0.969902033,-0.459676146,0.118365362,0.73427398,1.358215442,1.96502709,2.538346851,3.070051718,3.558978062,4.001544913,4.389909676,4.709122439,4.942987814,5.078365885,5.11087723,5.043878204,4.88469636,4.64161355,4.313167322,3.892170841,3.363610374,2.71319222,1.934091097,1.034913726,0.044409732,-0.982420206,-1.973996818,-2.856341322,-3.573091558,-4.099740548,-4.445817069,-4.646663749,-4.745613075,-4.788612191,-4.812142162,-4.837947003,-4.875195228,-4.920701362,-4.965181135,-4.992499036,-4.989268232,-4.943991176,-4.849536706,-4.70580732,-4.518351698,-4.298921743,-4.068154447,-3.852102811,-3.683178741,-3.592621445,-3.608729568,-3.747820161,-4.015499173,-4.399404181,-4.87283113,-5.397069638,-5.928962648,-6.427818118,-6.860701541,-7.205318208,-7.448211301,-7.585814868,-7.623148804,-7.575544838,-7.468333405,-7.330508038,-7.188882723,-7.064148097,-6.968313727,-6.90551027,-6.871725249,-6.859852614,-6.858141561,-6.858839454,-6.857327913,-6.853129829,-6.852872655,-6.863845913,-6.893910195,-6.949422441,-7.033919068,-7.147870541,-7.28717229,-7.449692533,-7.628995053,-7.820107499,-8.019728554,-8.226515304,-8.440573508,-8.663245537,-8.896135751,-9.141458416,-9.400723726,-9.674965108,-9.963309292,-10.26286526,-10.56760093,-10.8698074,-11.16074187,-11.43228327
1,-10.2381452,-10.48620097,-10.75812538,-11.04796947,-11.34791359,-11.6507761,-11.95001897,-12.24050851,-12.51108891,-12.7452755,-12.91811081,-13.00284868,-12.97740928,-12.83590083,-12.58367969,-12.24115269,-11.82734565,-11.36700387,-10.88331044,-10.39988954,-9.935233558,-9.506026619,-9.122188154,-8.790061972,-8.512365881,-8.290269076,-8.122875615,-8.012308069,-7.96070896,-7.976640083,-8.063402085,-8.222849926,-8.449228736,-8.731119624,-9.052830227,-9.39848376,-9.753260467,-10.10849008,-10.45950399,-10.80524416,-11.14784226,-11.49085491,-11.84130777,-12.20393475,-12.58632146,-12.99023558,-13.41317843,-13.84799319,-14.28539278,-14.71911892,-15.1460404,-15.56651809,-15.98156887,-16.38927952,-16.78562835,-17.16045332,-17.50315129,-17.80464074,-18.06072069,-18.27441971,-18.45435658,-18.61274418,-18.76314149,-18.91566391,-19.07549446,-19.24327674,-19.41750416,-19.59490931,-19.77259458,-19.94546837,-20.10923759,-20.26023762,-20.39275721,-20.50359864,-20.58942573,-20.64838358,-20.68053,-20.69016715,-20.68267284,-20.66845767,-20.65695919,-20.65772383,-20.67159416,-20.69565246,-20.72241243,-20.74093299,-20.74552828,-20.7301143,-20.69012143,-20.62076197,-20.5181098,-20.38018508,-20.20962784,-20.01230906,-19.79728873,-19.57208535,-19.34778515,-19.13228656,-18.93338572,-18.76558521,-18.63739203
1,-4.618776956,-4.648349206,-4.772634955,-4.956872149,-5.153126149,-5.323231324,-5.448189482,-5.535158818,-5.608077468,-5.702057064,-5.847258627,-6.06053442,-6.338872659,-6.65702375,-6.97147127,-7.238923964,-7.432596694,-7.548107236,-7.598101128,-7.595923708,-7.556325834,-7.497790585,-7.449086338,-7.42892736,-7.427113117,-7.404223101,-7.320267369,-7.172192271,-6.999883049,-6.866480498,-6.818430171,-6.860503377,-6.960151196,-7.082907046,-7.223985645,-7.393229049,-7.606321271,-7.863210047,-8.165391052,-8.506734451,-8.867183014,-9.209429297,-9.497982096,-9.71203016,-9.832328173,-9.836652864,-9.71574106,-9.492779501,-9.21826114,-8.947325906,-8.723207293,-8.577155856,-8.521665944,-8.546315081,-8.623606406,-8.718678406,-8.793677132,-8.816685018,-8.765598876,-8.623689005,-8.379148603,-8.030176746,-7.591119835,-7.095707452,-6.588450697,-6.114541165,-5.70893497,-5.393115826,-5.168894556,-5.01825648,-4.909914603,-4.810390705,-4.693699338,-4.552121188,-4.385277371,-4.197625287,-3.984782211,-3.734032262,-3.435546611,-3.083948627,-2.673351783,-2.200052486,-1.671465719,-1.108788064,-0.535008334,0.041413064,0.623653147,1.20847575,1.777974304,2.300817685,2.734434314,3.03707828,3.191698503,3.222709062,3.193844492,3.172252026,3.201403223,3.293573082,3.440562329,3.617869038,3.795206293
1,5.546734508,5.640087293,5.737337279,5.848715086,5.974082889,6.112299674,6.255237549,6.393937021,6.517569202,6.608433417,6.657616197,6.657819322,6.603598543,6.493845313,6.330242851,6.118569965,5.859464236,5.560065336,5.22484799,4.855050037,4.449753699,4.005841889,3.519159405,2.985418136,2.401904129,1.769810914,1.092867183,0.378578645,-0.364024471,-1.125100217,-1.896540429,-2.672169928,-3.448667071,-4.225104713,-5.001885369,-5.778148312,-6.551212204,-7.316758207,-8.07011809,-8.807479435,-9.525964671,-10.22362954,-10.90093214,-11.55960117,-12.20122845,-12.82449519,-13.42459877,-13.99527017,-14.53186143,-15.0293529,-15.48359598,-15.88985745,-16.24349367,-16.54254682,-16.79033193,-17.00046654,-17.19334556,-17.39270552,-17.61700547,-17.87409065,-18.164458,-18.4811511,-18.81222652,-19.14831116,-19.48161724,-19.80682963,-20.12101957,-20.42282793,-20.71231975,-20.99066011,-21.25955715,-21.5206602,-21.77484733,-22.02192983,-22.26298277,-22.49365826,-22.71145497,-22.91198046,-23.08590472,-23.23251216,-23.33341068,-23.37937801,-23.35593934,-23.24908839,-23.05069253,-22.76591975,-22.40965967,-22.00714829,-21.58381446,-21.17379464,-20.80258045,-20.49078812,-20.24839507,-20.08047233,-19.98069759,-19.94577988,-19.95301,-19.99863402,-20.06651414,-20.14896871,-20.23768613
1,22.61509121,22.01197525,21.50297987,21.04082418,20.55572993,19.99399758,19.39537589,18.83270084,18.37029538,18.04467768,17.9189451,18.04802925,18.42237684,18.89475895,19.30614051,19.5976077,19.78600487,19.85947781,19.7218117,19.23028816,18.31681445,17.04749346,15.60302372,14.15825829,12.79539635,11.52842705,10.38724627,9.448614378,8.804521598,8.502920815,8.546628308,8.865889483,9.348076565,9.893342889,10.40520562,10.73726094,10.72917031,10.33681078,9.711033228,9.037433323,8.396733599,7.78199526,7.141140552,6.473185702,5.788988916,5.004887649,3.991495533,2.801596729,1.698393105,0.811756297,0.13440754,-0.333800349,-0.572978409,-0.580771718,-0.45477034,-0.366299285,-0.448565655,-0.69553785,-1.007851324,-1.313772807,-1.601588527,-1.883172063,-2.15846101,-2.411641058,-2.620161374,-2.765941993,-2.866382208,-2.972775563,-3.121220397,-3.32480389,-3.575592837,-3.834365221,-4.061652773,-4.200784713,-4.183426375,-3.938146058,-3.447178916,-2.780070158,-2.093573155,-1.491616019,-0.995508527,-0.568017989,-0.113757536,0.456308013,1.166974671,1.979719453,2.838675411,3.684913845,4.476312953,5.194171963,5.832852594,6.386291609,6.853042271,7.228409233,7.505948243,7.685254437,7.780030191,7.80955979,7.79076778,7.728839613,7.624085552
1,15.18166714,15.16746293,14.90350891,14.43549647,13.7934809,13.04832891,12.24786174,11.43354976,10.63830683,9.887410398,9.205106112,8.593159519,8.062107037,7.607054936,7.219789765,6.888168968,6.598491332,6.338537151,6.095157418,5.862412642,5.638105867,5.422963184,5.224456202,5.053340261,4.919495388,4.833466734,4.802369576,4.830231789,4.912278337,5.041645867,5.207212516,5.401744469,5.615378089,5.842538239,6.089594244,6.357122352,6.65739064,6.996554274,7.381096812,7.812198681,8.286240141,8.795339291,9.329908719,9.868299498,10.39900866,10.90639152,11.37630643,11.79727637,12.14716579,12.40107048,12.53104836,12.51019991,12.33322701,12.01163156,11.59154017,11.10886073,10.60929783,10.13163469,9.700715088,9.324040743,9.003926307,8.715461349,8.449141942,8.177630499,7.881883765,7.550944359,7.182806486,6.782717953,6.362557146,5.93118605,5.498497836,5.070154427,4.65043152,4.240779136,3.839662397,3.438281392,3.024386519,2.581339561,2.092004696,1.547329896,0.935868534,0.26125729,-0.469739053,-1.246884045,-2.055414465,-2.881295096,-3.711643383,-4.540103149,-5.356154044,-6.158582569,-6.945405002,-7.717121679,-8.472876264,-9.209737096,-9.922234874,-10.60145157,-11.2351573,-11.80976904,-12.30948035,-12.72506919,-13.04445783
1,-1.024534333,-1.965618943,-2.522236537,-2.606204336,-2.743213349,-3.316889412,-3.392513482,-2.448950097,-1.228283987,-0.474841765,-0.149077063,-0.495810205,-1.359202671,-2.567564924,-3.708522698,-3.953897701,-3.028643116,-1.492822339,-0.260628121,0.131010162,-0.226919342,-0.859415943,-1.677540602,-2.5302823,-3.187064352,-3.640132335,-3.992511652,-4.335444717,-4.546218312,-4.607205205,-4.57184332,-4.692528228,-5.121470618,-5.719921425,-6.007053603,-5.894488856,-5.788977013,-5.78422396,-5.491276658,-5.110973452,-4.825578859,-4.79052344,-5.143747951,-5.685552715,-6.219199279,-6.660672183,-6.990692182,-7.148187699,-7.100839799,-6.606426994,-6.192834508,-6.247259021,-6.696732897,-6.909993439,-6.787009237,-6.447927932,-5.822922941,-5.082205094,-4.152663549,-3.249751717,-2.894602026,-3.099548528,-3.700511374,-4.115313141,-4.102738072,-3.550227017,-2.728438767,-2.480585127,-2.512364002,-2.114744174,-1.285950569,-0.237375048,1.079333927,2.3109592,3.432596724,4.402303138,5.255073997,5.85767777,6.029877916,6.031318558,5.978094499,5.865451676,5.514162888,4.881022156,4.376890207,4.333195498,4.79881299,5.545050879,6.282298519,6.90108123,7.536090245,8.304918365,9.309604791,10.18269643,10.77980898,11.38315035,11.7227879,11.80339473,11.87987421,12.13562847,12.4319993
1,-9.888500361,-9.836183975,-9.828833544,-9.86278128,-9.930745639,-10.01166175,-10.06725807,-10.06908541,-10.02985219,-9.98988886,-9.97985342,-10.00114171,-10.03998589,-10.07822993,-10.08971718,-10.06725785,-10.02852763,-9.983092145,-9.943847722,-9.950312441,-10.02921292,-10.11499555,-10.09115963,-9.978044443,-9.902769486,-9.899607384,-9.887349538,-9.801442079,-9.669793841,-9.557871683,-9.508861362,-9.510216332,-9.516469184,-9.512826274,-9.516041989,-9.535391734,-9.553172358,-9.567269255,-9.60654098,-9.68003339,-9.756406284,-9.801427762,-9.817720247,-9.843030002,-9.913034537,-10.00440823,-10.04578666,-10.01661044,-9.994178408,-10.03910561,-10.09575205,-10.10148011,-10.0713543,-10.06047416,-10.10288107,-10.19038184,-10.29276902,-10.38235072,-10.44523939,-10.47681417,-10.47725103,-10.45467684,-10.42062585,-10.38332831,-10.34507849,-10.30848405,-10.28425418,-10.27747215,-10.27064515,-10.2441123,-10.20223279,-10.17175091,-10.17150743,-10.18426141,-10.16177482,-10.06952776,-9.921074555,-9.773603407,-9.679204705,-9.648581471,-9.663692163,-9.697633655,-9.725095284,-9.731489419,-9.716914896,-9.692206545,-9.668654969,-9.646390209,-9.612662232,-9.558223544,-9.489927688,-9.425226132,-9.374992053,-9.335796037,-9.305456189,-9.292154517,-9.307270974,-9.355242896,-9.423355864,-9.491706004,-9.54189899
1,-0.553009111,-0.270601784,-0.023349815,0.189011424,0.37750738,0.552875225,0.723224325,0.891699102,1.059044754,1.225642791,1.392994693,1.565248703,1.748825949,1.952014302,2.18321443,2.448610832,2.750038445,3.081806138,3.434199183,3.790879899,4.134767877,4.453364137,4.738078744,4.992378391,5.226279003,5.456006406,5.695066344,5.954647937,6.231923583,6.513894408,6.774107618,6.985006254,7.1232598,7.17483219,7.142194826,7.040010231,6.891803701,6.717473874,6.532420931,6.340672292,6.135822569,5.908067763,5.647581041,5.351592,5.026631105,4.685275516,4.346297209,4.02494611,3.732017634,3.473521153,3.248183843,3.051151182,2.872885695,2.703456894,2.532076197,2.348930158,2.147965866,1.929178179,1.695331431,1.453727331,1.211541913,0.979159307,0.761590781,0.564726137,0.390767736,0.241530145,0.11656258,0.01566091,-0.062185957,-0.115095319,-0.139497644,-0.134496755,-0.095185531,-0.018096207,0.094844033,0.24131253,0.415488926,0.607130065,0.809604603,1.014640591,1.219440824,1.42509605,1.640145495,1.872053037,2.131076446,2.424813812,2.756101256,3.124293405,3.518904547,3.921420041,4.307956594,4.652917959,4.937265934,5.150426944,5.293399474,5.372384764,5.398824188,5.3860502,5.346011618,5.285704223,5.210948525
