0,-3.808253355,-3.789183408,-3.768016375,-3.744682023,-3.719060273,-3.691059121,-3.66061637,-3.62759286,-3.591925593,-3.553526729,-3.512247943,-3.467996421,-3.420717967,-3.370333819,-3.316677646,-3.259706299,-3.199323772,-3.135450458,-3.068016029,-2.99697422,-2.922125032,-2.843662919,-2.761303113,-2.675108327,-2.585016185,-2.490989939,-2.393019537,-2.290991182,-2.185146399,-2.075280582,-1.961430917,-1.843683599,-1.722022892,-1.596478991,-1.467119673,-1.334029721,-1.197213552,-1.056812236,-0.912889806,-0.765516806,-0.614816454,-0.46093305,-0.303990459,-0.144077363,0.018618681,0.183931898,0.351696561,0.521774761,0.693974629,0.868083853,1.043906523,1.221278276,1.399952418,1.579729922,1.760417445,1.941749282,2.123553372,2.305550166,2.487500559,2.669240771,2.850529759,3.031083518,3.210726685,3.389242421,3.566350689,3.741868731,3.915582501,4.087297124,4.256784794,4.423865126,4.588331836,4.749998157,4.908721075,5.064296933,5.216585744,5.365405457,5.510610124,5.652107281,5.789747046,5.923398931,6.052930349,6.178268055,6.299315046,6.415934011,6.528081716,6.635649361,6.7385831,6.836819646,6.930305545,7.01897072,7.102776027,7.181667983,7.255616202,7.324634641,7.388650777,7.447694971,7.501678253,7.550627453,7.594514948,7.633367751,7.66730132
0,13.33533082,13.33595212,13.33734902,13.33951622,13.34261576,13.34674282,13.35202399,13.35851199,13.3663281,13.37556918,13.38638111,13.39866677,13.4126997,13.42846852,13.44598637,13.46538244,13.48663554,13.50982025,13.53490388,13.56196639,13.5909412,13.62185106,13.65467236,13.68937465,13.72590292,13.76424658,13.8042864,13.84603221,13.88935208,13.93416091,13.98038477,14.02794418,14.07669361,14.12653327,14.17738829,14.22913353,14.28163122,14.33476814,14.38846564,14.44256436,14.49700552,14.55167649,14.60646505,14.66130056,14.71610962,14.77081093,14.82533254,14.87960993,14.93358204,14.98722103,15.0404786,15.09331086,15.14566246,15.19753585,15.24887701,15.2996324,15.34979945,15.39934492,15.44821641,15.49640555,15.54385648,15.59055112,15.63644144,15.68148111,15.7256338,15.76888765,15.81119475,15.85249141,15.8927908,15.9320301,15.97017784,16.00724659,16.04316912,16.07796295,16.1116465,16.14417983,16.17559585,16.20591736,16.23518093,16.26340394,16.29063226,16.3168995,16.34228145,16.36681698,16.39057741,16.41364392,16.43607225,16.45790414,16.47927149,16.50020178,16.52078734,16.54111152,16.56120799,16.58120218,16.60112484,16.62107339,16.64108379,16.66127254,16.68165313,16.70232774,16.72333215
0,1.247905355,1.260706334,1.273606405,1.286561331,1.299558283,1.312574982,1.325615274,1.338636242,1.351660431,1.364683827,1.377711273,1.390734636,1.403752821,1.416774954,1.42984074,1.442938961,1.456089874,1.469346115,1.482694316,1.496191729,1.509867481,1.52372968,1.537849401,1.552251202,1.566973128,1.582074737,1.59754871,1.613502333,1.629992844,1.646986537,1.664617509,1.682859105,1.701818005,1.721526906,1.742036649,1.763385344,1.785622439,1.80876984,1.832907656,1.85806095,1.884233558,1.91147959,1.939834245,1.969339973,1.99996303,2.031740835,2.064699829,2.098881024,2.134235242,2.170751288,2.208473252,2.247335278,2.287333976,2.328477987,2.370679422,2.41394815,2.458242483,2.503500618,2.549659705,2.59670195,2.644535107,2.693073064,2.742284418,2.792063532,2.842342227,2.893029139,2.944046505,2.995288391,3.046658768,3.09807562,3.149392031,3.200547358,3.251439603,3.301948422,3.351963459,3.40139225,3.450097449,3.49799415,3.544981415,3.590945298,3.635769579,3.679400996,3.721702961,3.762566878,3.801949919,3.839735973,3.875846484,3.910227375,3.942732258,3.973324932,4.002012133,4.028653763,4.053220387,4.075642159,4.095928878,4.114006965,4.129858007,4.143445851,4.154753894,4.163764235,4.170534581
0,8.306103773,8.303071885,8.300570077,8.298665894,8.297441175,8.297013703,8.297460051,8.298874068,8.30138643,8.305111565,8.310145607,8.316631249,8.324680527,8.334437236,8.346067754,8.359647856,8.375400848,8.393453323,8.413989588,8.437159288,8.463159831,8.492174003,8.524388262,8.559966167,8.599189642,8.642200873,8.689279076,8.740563477,8.796298287,8.856702529,8.921977852,8.992336899,9.067987801,9.149086119,9.235848133,9.32840691,9.426915707,9.531510064,9.64228538,9.759303791,9.882650955,10.01232299,10.14834133,10.29066251,10.43922897,10.59394184,10.75467852,10.92128036,11.0935776,11.27135978,11.45438543,11.64237749,11.8350744,12.03215618,12.23330163,12.43817506,12.64640973,12.85764811,13.07151708,13.28762594,13.50560314,13.72505444,13.94557914,14.16681031,14.388378,14.6098905,14.83099114,15.05132163,15.27053083,15.48828839,15.70425784,15.91812972,16.12959221,16.33836502,16.54413825,16.74664825,16.9456658,17.14090265,17.33211724,17.51909338,17.70160954,17.87945887,18.05243811,18.22035863,18.38302601,18.54030106,18.69198497,18.83796877,18.97806433,19.11216753,19.24012656,19.36187675,19.47727378,19.5862061,19.68860673,19.78437696,19.87343782,19.95573349,20.03121002,20.09979398,20.16145198
0,1.201481751,1.237238722,1.268806676,1.296277862,1.317455421,1.329004788,1.323066014,1.294345377,1.239504499,1.164975529,1.08395883,1.011698842,0.952574721,0.908626774,0.87747391,0.852616146,0.833888297,0.810531946,0.789077971,0.764474346,0.737745859,0.704360668,0.660676472,0.607024962,0.547279234,0.486653438,0.430141706,0.382989809,0.351142776,0.332619154,0.338469015,0.366674093,0.413168093,0.470584076,0.532839976,0.595238137,0.649424004,0.694922843,0.724764119,0.73919301,0.756665044,0.778106618,0.810627685,0.864101351,0.930251957,1.00865848,1.079923722,1.142792441,1.192088319,1.239492158,1.293879718,1.35472622,1.419235862,1.479437918,1.530812769,1.571816769,1.595507806,1.604908763,1.598253786,1.57972209,1.553296695,1.522094793,1.495093794,1.470830926,1.440049191,1.41649565,1.399286044,1.392477421,1.39587493,1.412343078,1.448720949,1.49576327,1.561913655,1.639021273,1.717442526,1.784740436,1.832878358,1.853365863,1.8445466,1.813396316,1.774021807,1.74856877,1.751140439,1.789714075,1.855516501,1.949308199,2.061205104,2.183819681,2.310482873,2.441937399,2.581296004,2.736153269,2.91308869,3.112983859,3.339168299,3.595051777,3.878014787,4.184451762,4.507770736,4.831098819,5.133923345
0,4.193579435,4.150571865,4.113369993,4.082256172,4.057216216,4.038040443,4.024682141,4.017509294,4.0163777,4.021342357,4.032110795,4.048984312,4.071645588,4.100330469,4.134851786,4.175200069,4.22149924,4.273238602,4.330880103,4.394081059,4.462837276,4.537091249,4.616695612,4.701615457,4.79177443,4.887080226,4.987414846,5.092687172,5.202808937,5.317627651,5.437047241,5.560977054,5.689263082,5.821766669,5.958376712,6.098948881,6.243350907,6.391426476,6.543052088,6.69806337,6.856291949,7.017585145,7.181766498,7.348706958,7.518228423,7.690123764,7.864226409,8.040390673,8.218415613,8.398097564,8.579282351,8.761790118,8.945377256,9.129877749,9.315107007,9.500848024,9.686903824,9.873115689,10.05923388,10.24507854,10.43045795,10.61516792,10.79896664,10.98169724,11.16316825,11.34314241,11.52143635,11.69784693,11.87219757,12.04430133,12.21392993,12.38090858,12.54508135,12.70623399,12.86417136,13.01875755,13.16979643,13.3171437,13.46058534,13.59998664,13.73521573,13.86609591,13.99247313,14.11419998,14.23118039,14.34324857,14.45027216,14.55214312,14.64876684,14.74002051,14.82579061,14.90596771,14.98049689,15.04925766,15.11218316,15.16922283,15.22032137,15.26532726,15.30421082,15.33709446,15.36377906
0,-0.52321625,-0.514526569,-0.504448841,-0.492915298,-0.479934055,-0.465492738,-0.449574167,-0.432156092,-0.413243177,-0.392788043,-0.370793326,-0.347231973,-0.322072518,-0.295319701,-0.266927866,-0.236915394,-0.20526421,-0.171917179,-0.136929739,-0.100252125,-0.061894799,-0.021859907,0.019840291,0.063224334,0.108257775,0.154934008,0.203206719,0.253089236,0.304533359,0.357486237,0.411926938,0.467809305,0.52507716,0.583693982,0.643592176,0.704722739,0.76702429,0.83043252,0.894871547,0.960293405,1.026611407,1.093863507,1.161811806,1.23049659,1.299862459,1.369787361,1.440247702,1.511158397,1.582458594,1.65407249,1.725961858,1.798019199,1.870215559,1.942483031,2.014727946,2.086887937,2.158898787,2.230709588,2.302185011,2.373301827,2.443959687,2.514053978,2.583568578,2.652339698,2.720295586,2.787356517,2.853426519,2.918397343,2.982175041,3.044666306,3.105780326,3.16540472,3.22345725,3.279852554,3.334490022,3.387282873,3.438064343,3.486935015,3.533706148,3.578322374,3.620722972,3.660844092,3.698630439,3.734052246,3.767045909,3.797598236,3.825664147,3.851224196,3.874274406,3.89475969,3.912729327,3.928126834,3.940987144,3.951316021,3.959120772,3.964421102,3.967236448,3.967602014,3.965544224,3.961071296,3.954196154
0,7.041776011,6.999768564,6.95880433,6.919097602,6.880577223,6.843746661,6.80866332,6.775519991,6.744588102,6.715897743,6.689716446,6.666282039,6.64575959,6.628311911,6.614141635,6.603405389,6.596189418,6.59275288,6.593213399,6.597709023,6.606330494,6.619245628,6.636501412,6.658266907,6.684572092,6.71549844,6.751131191,6.791495532,6.836632194,6.886569159,6.941356136,7.000932408,7.065306393,7.134469621,7.208362005,7.286958904,7.370173986,7.457969225,7.550217911,7.646824433,7.747681287,7.852725208,7.961818776,8.074654768,8.191294618,8.311495689,8.43510571,8.561964223,8.691871325,8.824673257,8.960185596,9.098183891,9.238475274,9.380887252,9.525204529,9.671196569,9.818683018,9.967452654,10.11728759,10.26797224,10.41929771,10.57106187,10.72301674,10.87496925,11.02668178,11.17794263,11.32852838,11.47823173,11.62679664,11.77401449,11.9196605,12.06347392,12.20525801,12.34477725,12.48178205,12.61608728,12.74742513,12.87555791,13.00032561,13.12146208,13.2387198,13.35196973,13.46091993,13.56543668,13.66532959,13.76036955,13.85039815,13.93526005,14.01486296,14.08893041,14.15743699,14.22022399,14.27721175,14.32828687,14.37340389,14.41248178,14.44548167,14.47236464,14.49310496,14.50773427,14.51622421
0,-0.564177608,-0.526709993,-0.487546841,-0.446585033,-0.403894818,-0.359385639,-0.313025333,-0.264786402,-0.214650437,-0.162566292,-0.108538362,-0.052525156,0.005500671,0.065542679,0.127616416,0.191729329,0.257875866,0.326072477,0.396271063,0.46844324,0.542610697,0.618701814,0.696673432,0.776443308,0.857986232,0.941181319,1.025957324,1.112231632,1.199885537,1.28876931,1.37878887,1.469769606,1.561576082,1.654061362,1.747019125,1.840315272,1.933728156,2.027137174,2.120252524,2.212946126,2.305021723,2.396230405,2.486434366,2.57538557,2.662942272,2.748819081,2.8329205,2.915005422,2.994909204,3.072465866,3.147504857,3.219872792,3.289381917,3.355939107,3.419396263,3.479604687,3.536533164,3.590027519,3.639954208,3.686433609,3.729182128,3.768266472,3.803596698,3.835321801,3.863178502,3.887425253,3.907988829,3.924877892,3.938190019,3.948013876,3.954400085,3.957440984,3.957275089,3.953976878,3.947751129,3.938621858,3.926847903,3.912581661,3.895935377,3.877091295,3.856251746,3.833628574,3.809349176,3.783648084,3.756732995,3.728799202,3.700042395,3.670656107,3.640891762,3.610901055,3.580902578,3.5511004,3.52169053,3.492852124,3.464746873,3.437577047,3.41151531,3.386698675,3.363267224,3.341357349,3.321117275
0,1.256693656,1.229219308,1.202113876,1.175498101,1.149666855,1.124791791,1.101128732,1.078893019,1.058285223,1.039574646,1.022918976,1.008668804,0.996940215,0.987997833,0.982215436,0.979221583,0.98005607,0.984183251,0.99219597,1.004056223,1.019975032,1.040062821,1.064502193,1.093263447,1.126470369,1.164224047,1.206554663,1.253467309,1.304998701,1.361146269,1.421845545,1.487108366,1.556873528,1.631068392,1.709642512,1.792456241,1.879425789,1.97046167,2.065444927,2.164222538,2.266665761,2.372612744,2.481956123,2.594518263,2.710126073,2.828654808,2.949928687,3.073781075,3.200066261,3.328597307,3.459252008,3.591832705,3.726216562,3.862231357,3.999746349,4.138579568,4.278602672,4.419669418,4.561612876,4.704317377,4.847626428,4.991377455,5.135411802,5.279608098,5.423790957,5.567803008,5.711503069,5.854675978,5.997198327,6.138883559,6.27955417,6.419029087,6.55716066,6.693726816,6.828590754,6.961571486,7.092474803,7.221152805,7.347424069,7.471140731,7.592154644,7.710296434,7.825426945,7.937422691,8.046121417,8.151428453,8.253230948,8.351418417,8.445879043,8.536527771,8.623297279,8.70610915,8.784916225,8.859637129,8.930219097,8.99665501,9.058900943,9.116917596,9.170725409,9.220276964,9.26560656
0,7.782173845,7.722084015,7.660111117,7.596602594,7.531941369,7.466544731,7.400811039,7.335214309,7.27015848,7.206045081,7.143340053,7.082359533,7.023513776,6.967040325,6.913265429,6.862331716,6.814467309,6.769743491,6.728259507,6.690007727,6.654967782,6.623124385,6.594238538,6.568316717,6.545133453,6.524492625,6.506223926,6.490093958,6.47590743,6.463500646,6.452616744,6.443158654,6.43491758,6.427770347,6.421626696,6.416407861,6.412020226,6.408446743,6.405637705,6.403594513,6.402301892,6.401794015,6.402030182,6.403115387,6.404983614,6.407747839,6.411387649,6.415924791,6.421425138,6.42793475,6.435531288,6.444214792,6.454086581,6.46521463,6.477684304,6.491563309,6.506910793,6.523869415,6.542484083,6.562831145,6.585014389,6.609049793,6.635006799,6.662912133,6.692763104,6.724531738,6.758175886,6.793606953,6.830712399,6.869382945,6.909473623,6.950801271,6.993213667,7.036539096,7.08053626,7.125047837,7.169836374,7.214739184,7.259528086,7.303992868,7.34794389,7.391245795,7.433681519,7.475118129,7.515386935,7.554387772,7.592014532,7.628168836,7.662830938,7.695874621,7.727340097,7.757222972,7.785467217,7.812140961,7.837239434,7.86080539,7.882822792,7.903348539,7.922324248,7.939828966,7.955822066
0,0.891343908,0.880588024,0.870843682,0.862136847,0.854482399,0.847912232,0.842506968,0.838217808,0.835107543,0.833269601,0.832624704,0.833211984,0.83518871,0.838462148,0.843070471,0.849088592,0.856507846,0.865339622,0.875600971,0.887401828,0.900682484,0.915365168,0.931659194,0.949461207,0.968801534,0.989685533,1.012118119,1.036107498,1.061616169,1.088645121,1.117201206,1.147253388,1.178738777,1.211658751,1.245987918,1.281658745,1.318635401,1.356855888,1.396266892,1.436815863,1.478425578,1.521030761,1.564553783,1.608919919,1.654072102,1.69990384,1.746326859,1.793284226,1.840687272,1.888457573,1.936506276,1.984750534,2.033130288,2.081551979,2.129948672,2.178240269,2.226373047,2.274275752,2.321872403,2.369124827,2.416010774,2.462328035,2.508286761,2.553592284,2.598332134,2.642445151,2.685866164,2.728625786,2.770584772,2.811917323,2.852382157,2.892047311,2.93091421,2.968956402,3.006139119,3.042443346,3.07790786,3.112484017,3.146143908,3.178927939,3.210810642,3.241774134,3.271811175,3.300938932,3.329133335,3.35638967,3.382710149,3.408099112,3.432531202,3.455967947,3.478502252,3.500045691,3.520649274,3.540253839,3.55887708,3.57653562,3.593214121,3.608901901,3.623610053,3.637330635,3.650078206
0,3.140299568,3.123368452,3.109403574,3.098373901,3.090224901,3.084951707,3.082714262,3.083463968,3.087086982,3.093728981,3.103268178,3.115883122,3.131331668,3.149848974,3.171331679,3.195764502,3.223156998,3.253502701,3.286799494,3.323007122,3.362142092,3.404165938,3.449041514,3.496830586,3.54737827,3.600759352,3.656906099,3.715774292,3.777338518,3.841561901,3.90837666,3.977760367,4.04964731,4.123974091,4.200699084,4.279763875,4.361089059,4.444626164,4.530282489,4.618017007,4.707711964,4.799324753,4.892753148,4.987944718,5.084809518,5.183214505,5.283132507,5.38447765,5.487147959,5.591016237,5.696030866,5.802101605,5.909121447,6.01698418,6.12566164,6.234974209,6.344882851,6.455258139,6.566017445,6.677106139,6.788353926,6.899719314,7.011075831,7.122340717,7.23340288,7.344153004,7.454511244,7.564364885,7.673609007,7.782132247,7.889822942,7.996614205,8.10238723,8.206988352,8.310348068,8.412338283,8.512833289,8.611768316,8.708987172,8.804401931,8.89786773,8.989308824,9.078580289,9.165575021,9.250176725,9.332312852,9.411786169,9.488585076,9.562534823,9.63354582,9.701507142,9.766369481,9.827981917,9.886255209,9.941117648,9.99244273,10.04022811,10.08435204,10.12471912,10.16129391,10.1940188
0,3.632565894,3.615840485,3.601989023,3.591091734,3.583154669,3.578246905,3.576307768,3.577404358,3.581630883,3.588916251,3.599341903,3.61275282,3.629667118,3.649372883,3.672518379,3.698771579,3.728244757,3.760989862,3.796978679,3.836128675,3.878532813,3.924212296,3.973058405,4.025100536,4.080326686,4.138724024,4.200245393,4.264851865,4.332526686,4.403191638,4.476819103,4.553383698,4.632787146,4.714985494,4.799925873,4.887507064,4.977642272,5.070287377,5.165385333,5.262777393,5.362386897,5.464126101,5.567918242,5.67362663,5.781141291,5.890344198,6.001137371,6.113370907,6.226950031,6.341757177,6.457634354,6.574446069,6.69207189,6.810394067,6.929241686,7.04849431,7.168003643,7.287622596,7.407214036,7.526636572,7.645741853,7.764375535,7.882388483,7.999658338,8.116008788,8.231321768,8.345475387,8.458277416,8.569594334,8.67930426,8.78728957,8.893396606,8.997479713,9.099451772,9.199161103,9.2964606,9.39127396,9.483462507,9.572904459,9.659537727,9.743240808,9.823877655,9.901408101,9.975722788,10.04673016,10.11435143,10.17850421,10.23916044,10.29623817,10.34964439,10.39933716,10.44534854,10.48751469,10.52591366,10.56045234,10.59107409,10.61780877,10.64073225,10.65950964,10.67457461,10.68569496
0,1.343760008,1.346465901,1.355742122,1.372499342,1.396322525,1.427201974,1.46506815,1.509654613,1.561510324,1.620270697,1.685886256,1.758377769,1.837794653,1.924091322,2.017200771,2.11707325,2.223748625,2.337189383,2.457283244,2.584017657,2.717367999,2.857253469,3.003597274,3.156332589,3.315374415,3.480634148,3.652020839,3.82942259,4.012704798,4.201764866,4.396448177,4.596600938,4.802103207,5.012785167,5.228472341,5.448975402,5.674131436,5.903738463,6.137615372,6.375546408,6.617309411,6.862730667,7.111594311,7.363650245,7.618718403,7.876557068,8.136924307,8.399641679,8.664459863,8.931138554,9.19948427,9.469281781,9.740271929,10.01225257,10.28499941,10.55832322,10.83196892,11.10571422,11.37935178,11.65268893,11.92545615,12.19746779,12.46849764,12.73831815,13.00672282,13.2734548,13.53827993,13.80100432,14.06139104,14.31919037,14.57418229,14.82608444,15.0746919,15.3197811,15.56105129,15.79825193,16.0311756,16.25957877,16.483175,16.70167877,16.91490853,17.12257014,17.32440177,17.52012494,17.70954012,17.89240652,18.06842944,18.23737181,18.39898445,18.55306818,18.69940412,18.83769289,18.96774312,19.0893499,19.20219646,19.30640613,19.4015761,19.48750564,19.56400828,19.63090454,19.68833417
0,-0.022873714,-0.018745518,-0.01312642,-0.005886303,0.00309152,0.013736159,0.026352419,0.040933899,0.05764518,0.076475791,0.097644414,0.121223646,0.147337679,0.176107417,0.207632281,0.242018907,0.279399693,0.319867255,0.363530588,0.410505964,0.460895643,0.514774652,0.572243446,0.633395303,0.698296379,0.767017579,0.839639766,0.916211785,0.996766768,1.081372589,1.170028937,1.262770959,1.359625168,1.460558888,1.565584637,1.67466874,1.787789436,1.904883878,2.025907428,2.150788358,2.279434801,2.411765033,2.547676796,2.687040565,2.829728614,2.975612648,3.124523901,3.276306503,3.430797155,3.587807851,3.747146616,3.908624446,4.072028143,4.237151869,4.403772158,4.571673131,4.740622255,4.910410293,5.08079646,5.251546775,5.422432411,5.59322151,5.76369468,5.933612406,6.102746494,6.270893088,6.437829888,6.603349734,6.767233836,6.929299453,7.089347205,7.247180466,7.402635768,7.555535016,7.705744853,7.853070128,7.997398526,8.13859015,8.276513775,8.411068698,8.54214046,8.669636449,8.793468267,8.913571535,9.029862609,9.142301714,9.250850414,9.355453026,9.456085965,9.552732269,9.645383359,9.734048128,9.818707831,9.899388868,9.976126043,10.04893013,10.11782683,10.18287705,10.24411561,10.30160224,10.35539321
0,3.624591242,3.639862607,3.655153017,3.670247762,3.684954466,3.699127146,3.712663974,3.725479542,3.737550975,3.748875823,3.75951088,3.769502216,3.77898147,3.788056069,3.796937119,3.805781135,3.814811199,3.824257136,3.834381876,3.845477859,3.85780585,3.871705597,3.887455651,3.905388034,3.925800501,3.949070512,3.975481485,4.005310225,4.038910174,4.07659434,4.118611276,4.165242557,4.216741494,4.273362577,4.335288443,4.402752582,4.475884248,4.554855808,4.639773856,4.730755099,4.827841638,4.931105011,5.040576742,5.156217942,5.278022705,5.405953923,5.539930058,5.679846518,5.825596258,5.977040924,6.134050575,6.296405869,6.463939454,6.636423409,6.813628211,6.99532191,7.18123569,7.371081674,7.564577189,7.761413893,7.961253836,8.163788302,8.368655412,8.575494696,8.783950861,8.993629921,9.204176596,9.415176499,9.626208792,9.836923908,10.046878,10.25566165,10.46286511,10.66808079,10.87090251,11.07090963,11.26769174,11.46085273,11.64997226,11.83468362,12.01458277,12.18928018,12.3584193,12.52160249,12.67851424,12.82877232,12.97206157,13.10804796,13.2364072,13.356873,13.46913514,13.57291878,13.66798055,13.75403836,13.83101372,13.89855193,13.95643247,14.00457646,14.0426072,14.07081797,14.08868534
0,3.23591317,3.242106677,3.248990287,3.256618555,3.265077085,3.274433826,3.284778047,3.296216926,3.308804877,3.322699288,3.337988939,3.354798546,3.373240519,3.393429935,3.415511386,3.439617348,3.465863133,3.494385363,3.525317263,3.558785689,3.594929568,3.633864373,3.67571286,3.720556908,3.768566743,3.819805945,3.874371228,3.932362514,3.993851612,4.058889881,4.127542685,4.19985979,4.27586874,4.355589095,4.43901987,4.52616645,4.617004459,4.71150209,4.809625152,4.911302167,5.016470873,5.125054682,5.236962615,5.352085335,5.470315997,5.591523415,5.71558989,5.842371139,5.971724648,6.103479133,6.237486271,6.373580076,6.511581097,6.651325589,6.792634363,6.935316301,7.079182099,7.224067695,7.369769192,7.516108633,7.662900835,7.809965971,7.957106016,8.104156172,8.250943903,8.397277845,8.542993313,8.687931622,8.831912734,8.974790222,9.116391204,9.25656862,9.395178685,9.532066567,9.667107433,9.800151458,9.931075662,10.05975063,10.18606368,10.30989374,10.43112671,10.5496689,10.66541855,10.77828095,10.88816899,10.9949964,11.09869428,11.19919801,11.29642267,11.39032451,11.48084079,11.56791937,11.65151656,11.73159899,11.80813358,11.88107826,11.95040988,12.01613135,12.07819182,12.13660144,12.19136725
0,0.633723819,0.632296395,0.634409655,0.639300598,0.647659735,0.659163968,0.67392053,0.691993145,0.713078268,0.737504764,0.765148249,0.796022048,0.830137963,0.867536397,0.908148543,0.952024995,0.99920921,1.049629844,1.10330394,1.160224261,1.220373813,1.283747014,1.350302479,1.420002967,1.49281264,1.568701146,1.64759477,1.729409999,1.814103683,1.901602768,1.99180519,2.084625818,2.179940264,2.277655304,2.377673664,2.479836486,2.58403823,2.690134825,2.797992938,2.907457966,3.018379383,3.130616006,3.244004657,3.358380913,3.473583946,3.589459968,3.705853723,3.822586589,3.939495185,4.056428644,4.173215129,4.289687475,4.405717928,4.521145376,4.635811163,4.749579551,4.862318295,4.973863404,5.0840929,5.192909875,5.300154321,5.405726923,5.50952495,5.611441486,5.711361482,5.809195631,5.904877174,5.998331507,6.089444023,6.178159827,6.264438279,6.348202525,6.429416405,6.508032649,6.583990498,6.657278081,6.727881637,6.795746573,6.860866504,6.923245526,6.982868992,7.039715771,7.09380172,7.14511525,7.193664313,7.239494546,7.282547267,7.322867327,7.360506363,7.395415142,7.427618325,7.457188048,7.484019686,7.508272208,7.529873288,7.548890199,7.565300192,7.579079708,7.590291892,7.599066331,7.605178225
0,2.711976576,2.725965481,2.742831647,2.762786273,2.785463253,2.811157199,2.839771542,2.871316444,2.905801347,2.943226588,2.983619322,3.02698899,3.073329882,3.122662575,3.175008239,3.23036847,3.288771368,3.350211415,3.414701203,3.482262262,3.552876765,3.62656901,3.703338787,3.783172275,3.866078123,3.952052952,4.041064814,4.133106725,4.228151185,4.326146486,4.427086363,4.530921805,4.637581157,4.747015493,4.859160647,4.97394138,5.091271488,5.211058648,5.333217898,5.457621208,5.5841691,5.712743909,5.843201804,5.97541433,6.109241437,6.244530452,6.381145645,6.518904279,6.657641918,6.797219875,6.937453968,7.078149879,7.219151173,7.360287071,7.501365487,7.642222601,7.782654427,7.922512896,8.061612383,8.199783866,8.336864282,8.472663288,8.6070343,8.739828904,8.870882314,9.000050123,9.127200118,9.252181634,9.374869001,9.495139858,9.612890608,9.728007959,9.840372137,9.949908371,10.05651413,10.16012811,10.26068541,10.35808879,10.4522984,10.54327431,10.63096128,10.7153368,10.79635402,10.87397813,10.94821063,11.01904873,11.08647175,11.15046043,11.2110173,11.26815638,11.3218952,11.37222176,11.41915059,11.46269247,11.50286519,11.53969953,11.57308651,11.6032199,11.63013414,11.65362908,11.67385475
1,0.386807428,0.337325466,0.298556383,0.271188759,0.254855999,0.249661944,0.255242272,0.271661098,0.298610226,0.335964309,0.383003709,0.439414498,0.505104283,0.579372436,0.661740366,0.75176563,0.848947198,0.952810674,1.062891006,1.178750369,1.300005325,1.426315419,1.557319882,1.692773469,1.832439131,1.97614277,2.123721467,2.275087359,2.430130753,2.588829094,2.751156631,2.917086285,3.086593694,3.259700348,3.436389619,3.616645403,3.800448654,3.98773225,4.178451823,4.372494663,4.569767104,4.770123498,4.973397061,5.179406487,5.387938866,5.598733061,5.81159799,6.026226511,6.242385397,6.459781769,6.678137683,6.8972004,7.116691915,7.336379693,7.556007836,7.775345194,7.994196563,8.212371331,8.429668903,8.645918576,8.860986904,9.074706866,9.286942115,9.497574603,9.706456996,9.913430057,10.11836052,10.32106713,10.52137391,10.71908767,10.91396075,11.10574508,11.29413397,11.47884764,11.65954144,11.83583287,12.0073715,12.17376699,12.33461753,12.48951441,12.63809935,12.78000786,12.9148874,13.04244982,13.16241918,13.27456582,13.37871653,13.47472253,13.56248879,13.64196649,13.71314149,13.77605988,13.83081095,13.87751,13.9163266,13.94757785,13.97137889,13.98803209,13.99763797,14.00091501,13.99791931
1,-7.133359661,-7.121025244,-7.108155083,-7.094222819,-7.078599058,-7.060605324,-7.039543615,-7.014657596,-6.98530338,-6.950770507,-6.910538868,-6.864125741,-6.811200356,-6.75150954,-6.684951391,-6.611513936,-6.531339022,-6.444596581,-6.351600994,-6.252677356,-6.148297032,-6.038912358,-5.925053821,-5.80725598,-5.686085821,-5.562114436,-5.435945751,-5.308136902,-5.179280694,-5.049967727,-4.920722166,-4.792086876,-4.66450698,-4.538393517,-4.414086951,-4.291822436,-4.171812573,-4.054144883,-3.938815319,-3.825806885,-3.714967936,-3.606102115,-3.499007007,-3.393431003,-3.289147525,-3.185979854,-3.083722164,-2.982263409,-2.881511017,-2.781438871,-2.682042137,-2.583349931,-2.48542961,-2.38834963,-2.292214071,-2.197078559,-2.103017587,-2.010084192,-1.918285594,-1.827632122,-1.738121155,-1.649775698,-1.562495313,-1.476295,-1.391065809,-1.306731119,-1.223164429,-1.14023213,-1.057800225,-0.975752648,-0.893873116,-0.812106238,-0.730277098,-0.648285868,-0.566034031,-0.483395289,-0.400381712,-0.316843515,-0.232770527,-0.148148348,-0.062994258,0.022628974,0.108588528,0.194741201,0.280804063,0.366502136,0.451395233,0.535060422,0.616986848,0.696620796,0.773390511,0.846784002,0.916286702,0.981524882,1.042183615,1.098042659,1.149058261,1.19530551,1.236906609,1.274123432,1.30725025
1,5.811696359,5.755015542,5.701295888,5.650441973,5.602220169,5.556561654,5.513369771,5.472546171,5.433966584,5.397607994,5.36342419,5.331386879,5.30148928,5.273754278,5.248195643,5.224873061,5.203872617,5.185262815,5.169180723,5.155745246,5.145117208,5.137432327,5.132940978,5.131801196,5.13433666,5.140555187,5.150847094,5.165465207,5.18466306,5.208673076,5.237771145,5.27220037,5.312215557,5.358083687,5.410011036,5.468292313,5.533034423,5.604502984,5.682892188,5.768367007,5.861073866,5.961149946,6.068673541,6.183749337,6.306433658,6.436770079,6.574779141,6.720441231,6.873745733,7.034612471,7.202975043,7.378698739,7.561697721,7.751763659,7.948727377,8.152372034,8.362450041,8.578700173,8.800805451,9.028436396,9.261237793,9.49881536,9.740757884,9.986616179,10.23589873,10.48809966,10.7426778,10.99907545,11.25667271,11.51486044,11.77299998,12.03039262,12.2863933,12.5402934,12.79136789,13.03891974,13.28225839,13.52065919,13.75344528,13.97992791,14.19945469,14.41138727,14.61514657,14.81014562,14.99587062,15.17182961,15.33757596,15.49270192,15.63687794,15.76979975,15.89123667,16.00096668,16.09897248,16.18509747,16.25938617,16.32188481,16.3728004,16.41226844,16.44049251,16.45779469,16.46455067
1,18.93964631,18.92239697,18.90602282,18.89093833,18.87741659,18.86608579,18.8574353,18.85223554,18.85113937,18.85490534,18.86409393,18.87921914,18.90085519,18.92906519,18.96400056,19.00552694,19.05346503,19.10756193,19.16756783,19.23341553,19.30523541,19.38296319,19.46726769,19.55872919,19.65796743,19.76570048,19.88279842,20.00977514,20.14721621,20.29533132,20.45406583,20.62316365,20.80196,20.98957218,21.18474332,21.38607612,21.59190486,21.80052704,22.0102091,22.21924985,22.42612708,22.62955183,22.82839292,23.02194473,23.20968534,23.39148701,23.56740248,23.73773236,23.90283796,24.06328776,24.21955098,24.37225247,24.52190484,24.66897237,24.8138172,24.95678285,25.0979423,25.2374595,25.37533263,25.51161799,25.64635024,25.77964561,25.91156754,26.04226132,26.17175876,26.30014297,26.42732129,26.55287964,26.67678921,26.79818099,26.91626822,27.03026426,27.13922493,27.24217033,27.33830925,27.42682167,27.50717005,27.57897332,27.64210102,27.69668402,27.74303616,27.7817155,27.81355067,27.83927608,27.85993884,27.87655576,27.89020706,27.90185163,27.91251462,27.92303329,27.93413865,27.94644894,27.96034479,27.97605682,27.9935336,28.01254459,28.03262841,28.0532944,28.07388182,28.09359336,28.11176496
1,2.98452943,2.931850283,2.896304809,2.877428462,2.874074674,2.884927864,2.907942707,2.941045058,2.981939999,3.027695838,3.076241625,3.125406081,3.173067906,3.21776692,3.258424293,3.294466776,3.325789686,3.35275053,3.376155879,3.397153031,3.417032884,3.437284841,3.459253737,3.484179916,3.513084477,3.546674419,3.585347065,3.629166832,3.677836089,3.730683612,3.786922492,3.845510812,3.905337279,3.965470509,4.025039702,4.08347948,4.140457634,4.195960395,4.250303539,4.303980173,4.357624151,4.41197016,4.467823462,4.525838977,4.586820994,4.651474754,4.720576814,4.794946144,4.875451089,4.963078717,5.058860896,5.163843978,5.279152632,5.405741817,5.544503488,5.696004577,5.860352551,6.037242446,6.225881188,6.425140071,6.633591334,6.849588394,7.071322336,7.296912682,7.524432585,7.752000133,7.977742119,8.200038285,8.417303286,8.628074038,8.830983976,9.025092719,9.209113942,9.382367155,9.544270881,9.694521948,9.833063843,9.960231604,10.07654315,10.18281304,10.28007608,10.36943541,10.45200151,10.52868772,10.60015951,10.66679397,10.72858145,10.78509007,10.83560956,10.87904439,10.91418919,10.9397573,10.95443911,10.95725688,10.94741569,10.92466158,10.88876111,10.84013718,10.77932392,10.70712311,10.62446198
1,28.01391013,27.94250508,27.87294332,27.80522441,27.73929429,27.67516671,27.61278917,27.5521399,27.49318404,27.43588861,27.38025688,27.32629028,27.27398212,27.22339121,27.17452698,27.12745985,27.08227724,27.0391133,26.99804913,26.95928317,26.92292908,26.88919549,26.858284,26.83041479,26.80578019,26.78482174,26.76734944,26.75394699,26.744969,26.74029301,26.74048563,26.74566157,26.75606605,26.77192629,26.79355789,26.82091738,26.85430314,26.89391718,26.9398743,26.99222916,27.05110826,27.11652627,27.18854227,27.26713493,27.35226164,27.44389646,27.54195923,27.64636466,27.75697172,27.87361762,27.99617735,28.12447255,28.25829466,28.39743048,28.54167468,28.69078577,28.84451775,29.00261937,29.16487695,29.33097672,29.5006857,29.67370673,29.84976544,30.02859266,30.20987272,30.39331586,30.57856145,30.76532359,30.95323551,31.14191908,31.33098587,31.52004932,31.70862671,31.89630592,32.08258477,32.26698198,32.44902296,32.62815206,32.80386159,32.97563181,33.14293481,33.30526105,33.46211966,33.61300127,33.75752329,33.89512001,34.02562278,34.14866415,34.26384803,34.37100343,34.46996646,34.56059307,34.64279024,34.71659158,34.78199296,34.83908613,34.88801332,34.92895193,34.96216348,34.98775809,35.00627535
1,18.1240912,18.02099823,17.91871184,17.81890118,17.72392285,17.63620458,17.55804218,17.49098176,17.43684729,17.39733117,17.37385382,17.36758419,17.37851395,17.40600824,17.44904786,17.50545636,17.57257599,17.64730694,17.72847692,17.8144761,17.90524012,18.00145204,18.10445657,18.21600846,18.33780086,18.47099807,18.61622253,18.77312899,18.94088289,19.11820559,19.3038041,19.49632652,19.69438273,19.89647921,20.10137876,20.30798077,20.51572906,20.72484291,20.93751411,21.15567191,21.38422751,21.62811877,21.89228602,22.18092374,22.49690129,22.84074443,23.21052809,23.60109922,24.00461688,24.41146511,24.81103126,25.1930826,25.54800258,25.86889661,26.151003,26.39318661,26.59731551,26.7686396,26.91304446,27.03787134,27.14935834,27.25247637,27.35117426,27.44580368,27.53557982,27.61804285,27.68849278,27.74256475,27.77528342,27.78482027,27.76906188,27.72869463,27.66588521,27.58423014,27.48782653,27.38081555,27.26716906,27.15018177,27.03232384,26.91588594,26.80197142,26.69371491,26.59062157,26.49453131,26.40593709,26.32514934,26.25273173,26.18861576,26.1333758,26.08851099,26.05473595,26.03298143,26.02361948,26.02663217,26.04118908,26.06604979,26.09982134,26.1401261,26.18433044,26.22957052,26.27204431
1,8.561093904,8.592978357,8.631494836,8.676199289,8.726504948,8.781786762,8.841357001,8.904414396,8.970145316,9.0377644,9.106514634,9.175578166,9.244578243,9.312682668,9.379884667,9.445922584,9.510798016,9.574840483,9.638381754,9.702253409,9.767036326,9.833895314,9.903696503,9.977856158,10.05807071,10.14524211,10.24114531,10.34725115,10.46508809,10.59607266,10.74153921,10.90289457,11.08081202,11.27651368,11.4906846,11.72375001,11.97598341,12.24750333,12.53819982,12.84771112,13.17549575,13.52087818,13.88300463,14.26084631,14.65325063,15.05900539,15.4767719,15.90514414,16.34264487,16.78779872,17.23907024,17.69491562,18.15376623,18.61411004,19.07442132,19.53320416,19.98899142,20.44037316,20.88600035,21.32454106,21.75472929,22.17540906,22.58546577,22.98383271,23.36954471,23.74164339,24.09923412,24.44147244,24.76747881,25.07644217,25.36761426,25.6401951,25.89333649,26.12646832,26.33899895,26.53004072,26.69962673,26.84675097,26.97170452,27.07428064,27.15441184,27.21268137,27.24896087,27.26539107,27.26173505,27.23943873,27.20001259,27.14464179,27.07507118,26.99296368,26.90004621,26.79812341,26.68871229,26.57414549,26.45550158,26.33443389,26.21257716,26.09139593,25.97214814,25.8558818,25.74400583
1,4.214135831,4.206742453,4.202820562,4.202200609,4.204746436,4.21031812,4.218574281,4.22930509,4.242184566,4.256783432,4.272726661,4.289596688,4.306940918,4.324375424,4.341438378,4.357717355,4.372867182,4.386593539,4.398614289,4.408795554,4.41702849,4.423255621,4.427631775,4.430263219,4.43140891,4.431371789,4.430489131,4.429251922,4.42806932,4.427431572,4.427832389,4.429734337,4.433533975,4.439725882,4.44854376,4.46030735,4.475269529,4.493489083,4.515087484,4.54004778,4.568247589,4.599667353,4.63408718,4.671352488,4.711272695,4.753609688,4.798211928,4.844869009,4.893385654,4.943660681,4.995601855,5.049054887,5.103969774,5.160303652,5.217933019,5.276899913,5.337141827,5.398585953,5.461186312,5.524837359,5.589452755,5.654898074,5.720999511,5.787583114,5.854432983,5.921368228,5.988100757,6.054464114,6.120124154,6.184934691,6.248615719,6.310948076,6.371736241,6.430775063,6.487924216,6.542991506,6.59589562,6.646474777,6.694663746,6.740507241,6.783844535,6.824705226,6.863073726,6.89900869,6.932468094,6.963496949,6.992099577,7.018307189,7.042125943,7.063540363,7.082618126,7.099337067,7.113734622,7.125861906,7.135665245,7.143247723,7.148655198,7.151955622,7.153221141,7.152573895,7.150179581
1,2.927484285,2.971974748,3.022982742,3.080563436,3.144643114,3.215365162,3.292638416,3.376716446,3.467648623,3.565554958,3.670615484,3.782976162,3.902836212,4.030358755,4.165760509,4.309210626,4.460894737,4.620955796,4.789585034,4.96686642,5.152950179,5.347909595,5.551783696,5.764571898,5.986258681,6.216792044,6.456073365,6.703960297,6.960275427,7.224810135,7.497301295,7.777490216,8.065027287,8.359602104,8.660801681,8.968218643,9.281426443,9.599960471,9.923339107,10.25108399,10.58265773,10.91753238,11.25516961,11.59498965,11.93646953,12.2790019,12.62199092,12.96487653,13.30700665,13.64782365,13.98665923,14.32291669,14.65597504,14.98519795,15.30993914,15.62957841,15.9434734,16.25099334,16.55153756,16.84443724,17.12911608,17.40497467,17.67145187,17.92798634,18.17408607,18.4092741,18.63308665,18.84514557,19.04506985,19.23262361,19.40748306,19.56950443,19.7185852,19.85453335,19.97747878,20.08738667,20.18434262,20.26860476,20.34018186,20.39964873,20.44709525,20.48298922,20.5076846,20.52173752,20.52555373,20.51966832,20.50455963,20.48094751,20.44912163,20.40978573,20.36329152,20.31010756,20.25069055,20.18543848,20.11463403,20.03853833,19.95739014,19.87128445,19.78046499,19.68478206,19.58431863
1,6.476409942,6.629030031,6.824256204,7.052406869,7.30588999,7.575155318,7.851690969,8.128058959,8.397692137,8.655139754,8.89741381,9.121994791,9.327710183,9.51533623,9.685078445,9.838940111,9.978837469,10.10740833,10.22736679,10.34107257,10.45090011,10.55864343,10.66577402,10.77360066,10.8822357,10.9933016,11.10657362,11.22217498,11.34011166,11.45926378,11.57902797,11.69754407,11.81383965,11.92629041,12.0339206,12.1358279,12.23150523,12.32145418,12.40660464,12.48881749,12.57025787,12.65348797,12.74230568,12.83928897,12.9482396,13.07230263,13.2151937,13.37670076,13.55896033,13.7609121,13.97997987,14.2121314,14.45253328,14.69500418,14.93316086,15.16106754,15.37338257,15.56520027,15.73363012,15.87667924,15.99500772,16.09010201,16.16570757,16.22668358,16.27848468,16.32695895,16.37689498,16.43349922,16.49944096,16.5773525,16.66854434,16.77270292,16.88857124,17.01306884,17.1417405,17.2692144,17.38850421,17.49196926,17.57424819,17.62912076,17.65407882,17.65101489,17.62093236,17.56956504,17.50280112,17.42939835,17.35367287,17.28079719,17.21365687,17.15296187,17.09853228,17.05023832,17.00553121,16.96363726,16.92348669,16.88469672,16.84629594,16.80859998,16.77144377,16.73600495,16.7003273
1,2.876974478,2.759760118,2.665056684,2.595534584,2.550890234,2.530817231,2.531614195,2.54777775,2.572887987,2.599623128,2.621196597,2.631807082,2.628190102,2.60826164,2.574295988,2.530703171,2.484532406,2.4438879,2.417333075,2.412238383,2.434110493,2.486527684,2.570780693,2.687207056,2.835197362,3.014338256,3.224932215,3.46779085,3.744492738,4.056145346,4.403565364,4.78524999,5.197484207,5.63382703,6.085637725,6.542849479,6.995644721,7.435106023,7.853656211,8.245373176,8.606096096,8.934321914,9.230896148,9.499347402,9.744775362,9.973140384,10.18959185,10.39805343,10.60048491,10.79724186,10.98762621,11.17073034,11.34565634,11.51175684,11.66867967,11.81640012,11.95566018,12.08768898,12.21423949,12.33662213,12.45563398,12.5714564,12.68231783,12.78609304,12.87922563,12.95787917,13.01922175,13.06132364,13.08434907,13.08984283,13.08030867,13.05908555,13.02816007,12.99008516,12.9455288,12.89616625,12.84325226,12.78841118,12.73373471,12.68112356,12.63313564,12.59132214,12.55732866,12.53251872,12.517668,12.51325489,12.51902387,12.53395899,12.55637386,12.58402764,12.61423021,12.64404235,12.6711822,12.69240817,12.70533781,12.70797485,12.69835736,12.67534194,12.63861362,12.58911005,12.5288395
1,-0.663077637,-0.627565573,-0.592183447,-0.556654887,-0.521357954,-0.487427592,-0.455455176,-0.427247867,-0.404254889,-0.387867583,-0.379480392,-0.380014036,-0.389899167,-0.408908916,-0.436444548,-0.471121297,-0.511078986,-0.55406368,-0.597786845,-0.639349425,-0.676725276,-0.707741918,-0.730461132,-0.744018554,-0.748079194,-0.741932394,-0.72639434,-0.702336869,-0.670836567,-0.633494841,-0.591881567,-0.547657625,-0.50223214,-0.45739852,-0.414087698,-0.373450167,-0.336237619,-0.302709875,-0.273062014,-0.247122956,-0.224372223,-0.204170906,-0.185613136,-0.167793667,-0.149573736,-0.130165234,-0.108787191,-0.084293028,-0.056440312,-0.024723706,0.011119268,0.050979143,0.095021911,0.142849653,0.194286874,0.249070411,0.306977926,0.36770882,0.431424333,0.497865789,0.567314593,0.64011238,0.71652162,0.796805921,0.881136273,0.969915991,1.063041048,1.160356845,1.261830886,1.366979991,1.475310727,1.586242428,1.698882903,1.812382582,1.92568154,2.037649686,2.147050611,2.252702608,2.353473339,2.448410343,2.53654036,2.617222201,2.690000571,2.754634999,2.811111128,2.859721964,2.900686884,2.934420004,2.9614779,2.982339345,2.997512885,3.007377392,3.012213256,3.012740854,3.00890185,3.001051465,2.989353741,2.973973002,2.955067182,2.932875634,2.907508209
1,0.778395101,0.640454421,0.511661294,0.392907076,0.284831411,0.188216134,0.103467811,0.031274029,-0.028027606,-0.074374744,-0.107372727,-0.127187934,-0.134114998,-0.128676828,-0.111642513,-0.083892292,-0.046519506,-0.000422621,0.052745175,0.112381146,0.177270645,0.246528376,0.319303889,0.395660884,0.474642758,0.556084398,0.639943793,0.726001076,0.814230936,0.904571367,0.997077616,1.091990877,1.189679691,1.290763482,1.395955208,1.506192755,1.622472255,1.745852755,1.877452289,2.018354188,2.169088598,2.330945707,2.504345502,2.689759058,2.887423735,3.097378104,3.319442633,3.553211262,3.798169451,4.053611863,4.318919598,4.593419005,4.876572174,5.167968444,5.467302073,5.774407542,6.08909662,6.411181809,6.740392414,7.076273994,7.41820552,7.765327612,8.116529422,8.470570416,8.826060511,9.181498341,9.535433736,9.886401733,10.23308878,10.57436381,10.90930958,11.23720383,11.5576006,11.87026065,12.17518177,12.47246559,12.76232621,13.04503999,13.32082188,13.58988666,13.85236803,14.10829566,14.35759194,14.60003117,14.83529486,15.06295332,15.28256431,15.49357425,15.6955595,15.88805575,16.07079208,16.24371471,16.40675016,16.56024145,16.70464568,16.84066432,16.96911939,17.0910191,17.20742848,17.31949893,17.42833189
1,3.569745091,3.490914702,3.428790916,3.383538211,3.355167702,3.343611912,3.348782339,3.369953795,3.40670255,3.459118222,3.52493408,3.604723587,3.697110323,3.801021916,3.915443105,4.039306851,4.171479643,4.310913773,4.456524745,4.607311923,4.762347637,4.920740354,5.081721578,5.244571439,5.408759199,5.573788672,5.73927882,5.904998453,6.070771354,6.236532689,6.402282771,6.568121051,6.734239369,6.900828227,7.06813344,7.236476609,7.406170222,7.57751757,7.750850725,7.926476628,8.104695648,8.285746055,8.469867036,8.657236524,8.847994051,9.042194504,9.239897112,9.441038242,9.645530166,9.853210739,10.06388347,10.2772276,10.49295329,10.71066469,10.92991191,11.15018415,11.3710223,11.59179491,11.81197737,12.03094564,12.2480966,12.46280761,12.67449508,12.88257257,13.08648234,13.28568655,13.47974313,13.66818508,13.85065423,14.02679761,14.19634742,14.35903254,14.5146953,14.66317127,14.80437964,14.9382661,15.06478659,15.18397528,15.29586838,15.40041884,15.49786062,15.58821288,15.6714957,15.74782395,15.81727686,15.87981444,15.93575383,15.98483721,16.02736263,16.06326872,16.09262849,16.11551156,16.13198543,16.14209859,16.14609516,16.14388696,16.13553236,16.12159734,16.10194497,16.07682147,16.04648882
1,-3.927953938,-3.983824871,-4.037134539,-4.087828123,-4.135608286,-4.180574415,-4.222798938,-4.262550401,-4.300168891,-4.336096763,-4.370901885,-4.405106249,-4.439408281,-4.474425165,-4.510768565,-4.549058242,-4.589808248,-4.633502472,-4.680544289,-4.731226884,-4.785808709,-4.844295202,-4.906718961,-4.972839362,-5.042315579,-5.114624824,-5.189080876,-5.264846829,-5.340971885,-5.416405868,-5.489988755,-5.560535148,-5.626802114,-5.687478629,-5.741320035,-5.786922744,-5.823325571,-5.849254927,-5.863560461,-5.865549477,-5.854476069,-5.829734149,-5.790913757,-5.737854586,-5.670433882,-5.588670844,-5.49266399,-5.38258165,-5.258664166,-5.121235671,-4.970566184,-4.807147171,-4.63140325,-4.443908156,-4.245197555,-4.035899476,-3.816640634,-3.588140395,-3.351050314,-3.106126773,-2.854053735,-2.595530869,-2.331259017,-2.061884762,-1.788048606,-1.510331814,-1.229307434,-0.945500385,-0.659367222,-0.371344782,-0.081785896,0.208949385,0.500547282,0.792677077,1.084958261,1.376942724,1.668056401,1.957545955,2.244502941,2.527839938,2.806225601,3.078203177,3.342150122,3.596310654,3.838894395,4.068177826,4.282502368,4.480311171,4.660312339,4.821286016,4.962633745,5.083609205,5.183981441,5.26381657,5.323475922,5.363621592,5.385148969,5.389453379,5.377873137,5.352058094,5.313856345
1,9.336317179,9.290871911,9.249399553,9.212052995,9.178889083,9.149988138,9.125455141,9.105346065,9.089726386,9.078585613,9.071878479,9.070018794,9.072289948,9.079296773,9.090745097,9.106634968,9.12698277,9.15159503,9.180493725,9.213556409,9.250824414,9.291842309,9.336864466,9.385630311,9.438030935,9.493918763,9.55318972,9.615716705,9.681374855,9.750040216,9.821584781,9.895869325,9.972794928,10.05225967,10.13413412,10.2183231,10.30474534,10.39330643,10.48390645,10.5765175,10.6710068,10.76739148,10.86555296,10.96547046,11.06709493,11.17037591,11.27529076,11.38179976,11.48985431,11.59940724,11.71043919,11.82288813,11.93671026,12.05185149,12.16824167,12.28580348,12.40444923,12.52410153,12.64465613,12.76599217,12.88797916,13.01048105,13.13335122,13.25639964,13.37946128,13.50233401,13.62481897,13.74672484,13.86778977,13.98778204,14.10646354,14.22358665,14.33888599,14.45209802,14.56295259,14.67119899,14.77656283,14.87880148,14.97765341,15.07286342,15.16421395,15.25147622,15.33443134,15.41283172,15.48676393,15.55563949,15.61978974,15.67878056,15.7326358,15.78127419,15.82468165,15.86287183,15.89581844,15.92357982,15.94621531,15.96378106,15.97638212,15.98421379,15.98738096,15.98605533,15.98041094
1,4.912980336,4.751894082,4.579795555,4.399540531,4.214105222,4.026545298,3.839942838,3.657349494,3.481828564,3.3163712,3.163943153,3.027359579,2.909443644,2.812826342,2.739948329,2.693323651,2.674631504,2.685719774,2.728039629,2.802354064,2.909027109,3.048143694,3.219024657,3.420597238,3.651325898,3.909280838,4.192140436,4.49733107,4.82213945,5.163693237,5.519136682,5.885679888,6.260676685,6.641644475,7.026343595,7.412785176,7.799255216,8.184279099,8.566699925,8.945535223,9.320033518,9.689594426,10.05373731,10.41208027,10.76428805,11.11000906,11.44889304,11.78057688,12.10464141,12.42066297,12.72817157,13.02668592,13.31579985,13.59511436,13.86436491,14.12344487,14.37240605,14.61139617,14.84085329,15.06127443,15.2733672,15.47794749,15.67596787,15.86844089,16.05640664,16.24094561,16.42306691,16.60372221,16.78375196,16.96386025,17.14461445,17.32637592,17.50939324,17.69371696,17.87926566,18.06580638,18.25303939,18.44050868,18.62774829,18.8141593,18.99907483,19.18176205,19.36134896,19.53695656,19.70751415,19.87195006,20.02910576,20.17787256,20.31702836,20.4455348,20.56237792,20.66672119,20.75788648,20.83535347,20.89887284,20.94828168,20.98360439,21.0052476,21.01349696,21.00885719,20.99193121
1,15.03162365,15.01344355,15.00252851,14.99849203,15.00063546,15.00856877,15.02126634,15.03767121,15.056722,15.07733396,15.09828092,15.11845211,15.13644927,15.15140114,15.16212038,15.16794978,15.16794601,15.16135034,15.14791257,15.12722648,15.0990915,15.06351909,15.02061999,14.97053791,14.9137445,14.85055709,14.78167901,14.70760928,14.62900699,14.54670875,14.46153554,14.37443864,14.286271,14.19815677,14.11129027,14.02664219,13.9453569,13.86864328,13.79758974,13.73322778,13.67676241,13.62896136,13.59077263,13.56291496,13.54590944,13.54027263,13.54623911,13.56395857,13.5934607,13.63441157,13.686589,13.74974214,13.82284266,13.90556374,13.99700414,14.09631364,14.20262703,14.31448919,14.43144296,14.55203343,14.67516333,14.79973301,14.92457605,15.0484639,15.17028853,15.28898364,15.40353024,15.51293689,15.61640913,15.71325136,15.80282883,15.88476607,15.95880641,16.02484723,16.08298085,16.13328619,16.17655413,16.2129103,16.24299469,16.26766136,16.28754157,16.30340561,16.31595604,16.32601251,16.33421326,16.3410666,16.34733877,16.35322183,16.35907896,16.3651527,16.3715877,16.37841509,16.38556738,16.39291888,16.40029343,16.40750109,16.41427796,16.42036838,16.42548375,16.42940841,16.43186971
1,0.853550326,0.816829605,0.780922144,0.745764502,0.711275747,0.67735321,0.643970956,0.611075678,0.57861779,0.546573133,0.514915586,0.483667187,0.452817205,0.422412456,0.392524247,0.363206078,0.334591999,0.306778967,0.279938444,0.254191367,0.2297611,0.206841433,0.185650316,0.166409894,0.149398361,0.134826877,0.122968925,0.114102059,0.108477654,0.106348986,0.107975369,0.113561132,0.123421504,0.137679396,0.156565035,0.180253895,0.20891359,0.242644514,0.281585025,0.325813391,0.375364086,0.430265476,0.490531937,0.556173247,0.627064065,0.703185853,0.784566111,0.870781467,0.961946507,1.05782749,1.158303019,1.263143651,1.372160231,1.485157966,1.60192207,1.722231959,1.845793184,1.972418416,2.1018177,2.233723519,2.367849858,2.503921722,2.641617805,2.780629532,2.920643274,3.06134165,3.202372704,3.343412346,3.484109112,3.624117998,3.763107879,3.900707006,4.036602091,4.170462696,4.301927986,4.430723124,4.556535298,4.679053893,4.798042265,4.913248842,5.024447078,5.131426227,5.234038458,5.332132292,5.42564705,5.514443357,5.598498987,5.6778774,5.752481935,5.822434129,5.887829628,5.948756879,6.005369357,6.057804551,6.106258803,6.150857414,6.191874831,6.229387293,6.263987916,6.29539399,6.324061762
1,3.006971835,3.106218988,3.207614133,3.310240703,3.413448643,3.516791305,3.620199505,3.723811489,3.827967206,3.933123806,4.039832198,4.148643049,4.260081858,4.374565892,4.492385389,4.613741367,4.738667704,4.867230729,4.999378653,5.135022437,5.274023202,5.41619554,5.561337841,5.709289445,5.859965756,6.013373973,6.169648831,6.329057085,6.49198019,6.658886326,6.830270031,7.006618802,7.188365013,7.375855769,7.569322394,7.768868468,7.974488995,8.186078852,8.403429298,8.626260424,8.854149107,9.086585512,9.322908894,9.56237747,9.804138319,10.04729619,10.29088589,10.53385347,10.77512086,11.01351735,11.24785582,11.47687202,11.69928484,11.91386596,12.1194967,12.31524385,12.50041126,12.67458987,12.83766274,12.98981582,13.13150408,13.26342344,13.3865035,13.50183528,13.61060911,13.71413326,13.81366095,13.91039012,14.00544615,14.09978733,14.19414972,14.28900103,14.38444437,14.48027379,14.57596267,14.67071061,14.76352431,14.85330707,14.93896994,15.01955261,15.09428079,15.16265429,15.22467087,15.28060809,15.33110338,15.37709976,15.41979447,15.4604657,15.50043364,15.54090279,15.58269052,15.62660833,15.67285455,15.72138648,15.77169557,15.82301799,15.87430927,15.92439155,15.97207179,16.01625192,16.05600978
1,1.08031351,1.096294707,1.11476311,1.135608971,1.158708001,1.183844168,1.210829949,1.239556642,1.269747426,1.30135882,1.334260774,1.368471268,1.404060432,1.441146567,1.47996592,1.520777184,1.564049864,1.61016197,1.65977473,1.713417787,1.771813393,1.835660853,1.905676757,1.982595321,2.067016267,2.159604288,2.260893671,2.371468224,2.49171002,2.62205823,2.762798437,2.91413182,3.076098642,3.248577174,3.431268366,3.623708543,3.825186706,4.034891419,4.251889394,4.4750112,4.703197669,4.93517626,5.169739425,5.405661912,5.641758956,5.87680636,6.10976849,6.339621939,6.565386379,6.786238944,7.001423037,7.210282382,7.412205708,7.606643537,7.79313936,7.971256514,8.140672675,8.301163116,8.452491203,8.594758472,8.72799373,8.852456516,8.968535764,9.076614029,9.177173819,9.270746927,9.357814125,9.438878192,9.514285017,9.584341466,9.649243542,9.709123891,9.763965204,9.813713859,9.858241266,9.897251808,9.930582858,9.957832481,9.978919075,9.993456678,10.00137035,10.00255916,9.997154489,9.985412786,9.967484345,9.943835412,9.914846476,9.881094009,9.843064694,9.801354193,9.756491411,9.70904149,9.659562606,9.608544674,9.556394157,9.50349828,9.450170869,9.396518199,9.342628146,9.288386572,9.233597712
1,1.472870102,1.419716321,1.377927175,1.35064194,1.340535448,1.349772109,1.379910409,1.431687899,1.505209858,1.600234607,1.715685039,1.850190863,2.002198036,2.169942323,2.351260522,2.543922374,2.745079668,2.951671007,3.16030807,3.367261131,3.56894329,3.761684317,3.942257903,4.10790244,4.256533045,4.38667653,4.497637497,4.5894436,4.662826312,4.719331858,4.760751784,4.789677434,4.809009162,4.821416027,4.830319042,4.838930473,4.850484975,4.868169322,4.894784588,4.932773492,4.983991805,5.049860101,5.130603102,5.226738405,5.337578173,5.462200213,5.59921762,5.746826659,5.903157762,6.066005439,6.23311839,6.402176994,6.570921284,6.737282315,6.899410676,7.055814505,7.20537964,7.347489684,7.482045671,7.609198621,7.729681361,7.844543374,7.954778677,8.06137025,8.165261621,8.267240898,8.368091652,8.468526836,8.5694053,8.671654421,8.776454312,8.885012762,8.998474526,9.117982341,9.244386464,9.378015662,9.518856386,9.666223964,9.818626335,9.973860445,10.1292684,10.28143501,10.42764959,10.56404404,10.6878958,10.7966758,10.88842985,10.96180826,11.01593192,11.05050203,11.06546826,11.06122347,11.0383544,10.99785838,10.94085045,10.86891162,10.78397949,10.68859012,10.58567975,10.47847818,10.37048297
1,7.057651029,7.018396767,6.992391214,6.982139402,6.9884465,7.012084995,7.053626041,7.112563774,7.188099814,7.278659273,7.382185387,7.496320039,7.618259915,7.745320925,7.874821325,8.004569511,8.132853795,8.258472347,8.381268544,8.501398428,8.619761659,8.73761055,8.856745857,8.979126397,9.106765994,9.241659868,9.385434059,9.539826928,9.705282561,9.882966762,10.07313583,10.27591589,10.49102002,10.71772468,10.95486133,11.20057372,11.45253244,11.70819431,11.96499038,12.2211206,12.47501657,12.72666912,12.9765392,13.22665594,13.47925221,13.73708947,14.00283095,14.27800621,14.56505315,14.86481567,15.17787791,15.50398055,15.84237055,16.19144658,16.54931726,16.91324917,17.28029586,17.64713354,18.0098831,18.36472493,18.70768645,19.03468247,19.34192788,19.62623905,19.88458507,20.11491711,20.31612849,20.48822632,20.6320822,20.74937836,20.84264886,20.91477953,20.96875354,21.00804271,21.0352708,21.05320205,21.06410095,21.07054813,21.07414408,21.07746119,21.08235869,21.0909749,21.10504157,21.12549603,21.15366793,21.19019389,21.23526422,21.28905905,21.3511802,21.42107472,21.49722063,21.57854645,21.66350011,21.75039461,21.83742818,21.92282177,22.00483811,22.08236126,22.15371493,22.21923062,22.27798356
1,-3.793859125,-3.657954613,-3.518017878,-3.376763887,-3.235986153,-3.098505558,-2.966298655,-2.842805269,-2.731487306,-2.636120022,-2.560004132,-2.505748585,-2.474973109,-2.468144628,-2.485715047,-2.524824574,-2.586256092,-2.667534056,-2.768048398,-2.886489824,-3.021713553,-3.172202754,-3.336331428,-3.512308116,-3.69786444,-3.890516017,-4.087870584,-4.28768377,-4.488620018,-4.689746184,-4.890775415,-5.091376729,-5.291032501,-5.488782228,-5.683014532,-5.871495613,-6.051525441,-6.219835497,-6.373245221,-6.5095466,-6.626486378,-6.723154447,-6.798679504,-6.852254541,-6.88382277,-6.891837115,-6.876635657,-6.838135129,-6.777293506,-6.695572337,-6.595240742,-6.478779242,-6.348700255,-6.207193239,-6.055028758,-5.893918431,-5.722904827,-5.541009953,-5.347548723,-5.14192568,-4.923420421,-4.69295445,-4.451870445,-4.202476717,-3.948365542,-3.693878742,-3.443791299,-3.202617734,-2.973850011,-2.759286369,-2.559241255,-2.37193039,-2.194339968,-2.022216847,-1.851249634,-1.678063377,-1.50122734,-1.321757224,-1.142944452,-0.970196701,-0.809194481,-0.665406059,-0.542988088,-0.444355894,-0.369663234,-0.316658948,-0.280973923,-0.255926089,-0.233921966,-0.208055628,-0.173485121,-0.128236272,-0.073821185,-0.014905109,0.042678739,0.093841377,0.135368709,0.166422198,0.187725277,0.200914894,0.208023918
1,4.698207129,4.739536465,4.795491561,4.865854055,4.949292856,5.04610432,5.155220968,5.27592822,5.407434552,5.548928879,5.699729345,5.858824736,6.025596002,6.199157325,6.378707842,6.563454806,6.752641649,6.945536326,7.141452879,7.339732116,7.539776312,7.741032633,7.94299776,8.145231068,8.347361897,8.549047627,8.749990645,8.949982385,9.148852127,9.346460168,9.542728339,9.737625843,9.931144325,10.12330045,10.31415897,10.50379142,10.69228906,10.87975249,11.06628829,11.25199404,11.43698142,11.62133628,11.80514228,11.98845347,12.17132119,12.3537729,12.53581866,12.71744995,12.89862535,13.07928713,13.25936522,13.43876173,13.61737511,13.79505884,13.97165599,14.14699345,14.32088118,14.49310722,14.66343495,14.83162749,14.99742732,15.16053821,15.32069492,15.47759258,15.63092666,15.78040054,15.9256827,16.06647581,16.20248968,16.33342398,16.4590027,16.57894203,16.69299538,16.80091203,16.90248708,16.99754382,17.08593899,17.16723907,17.24189349,17.30916166,17.36933946,17.42230666,17.46792619,17.50621453,17.5371267,17.56069743,17.57697927,17.58589914,17.58777407,17.58230398,17.56989811,17.55040372,17.52399321,17.49078521,17.45062415,17.40436089,17.35162335,17.29267168,17.22773504,17.15713194,17.08091368
1,0.145702293,0.019663737,-0.108855573,-0.225877034,-0.317519648,-0.372066287,-0.380244206,-0.337088686,-0.24253771,-0.101620279,0.077209755,0.282993507,0.503004491,0.723359928,0.931708006,1.116563473,1.269857949,1.386501701,1.464246328,1.50286225,1.503710052,1.469210847,1.405024969,1.317650601,1.217472103,1.117762897,1.033345989,0.978819022,0.967141116,1.008838601,1.110038474,1.272657799,1.49317547,1.764069251,2.073113021,2.405120496,2.743507928,3.073104353,3.381056413,3.659102903,3.904416244,4.120765738,4.317023816,4.506016801,4.70294227,4.920981194,5.169813447,5.453157191,5.766755058,6.099761323,6.435370193,6.75431252,7.038547959,7.273172385,7.450327188,7.569216254,7.635233822,7.658273044,7.650669136,7.623818291,7.58744406,7.548810553,7.512276492,7.479701681,7.450646473,7.423901148,7.398052822,7.372909099,7.349785115,7.330963187,7.319145732,7.315912918,7.321984148,7.331569999,7.336698273,7.325273277,7.281961868,7.191417994,7.042939023,6.831063838,6.560005061,6.242492714,5.898408609,5.55032154,5.219911366,4.924139102,4.673207044,4.469816039,4.310692932,4.185845325,4.085905528,3.9996377,3.917370054,3.831562558,3.736901548,3.630416214,3.510158695,3.378648946,3.237859825,3.092957648,2.949484078
1,-0.726918813,-0.818521633,-0.910217599,-1.001165455,-1.090848083,-1.17851612,-1.26343874,-1.344871608,-1.422204435,-1.49481104,-1.562187928,-1.62385577,-1.679473312,-1.728786919,-1.771585837,-1.807728683,-1.836721076,-1.859206979,-1.874590017,-1.882806457,-1.883857465,-1.877866882,-1.864588617,-1.844027128,-1.816152643,-1.780765861,-1.738005649,-1.687669276,-1.629835067,-1.564491577,-1.491615422,-1.411290149,-1.323557559,-1.22853455,-1.126365387,-1.017238966,-0.901305577,-0.778917087,-0.650329087,-0.51593906,-0.376148893,-0.231475978,-0.082363167,0.070611231,0.226915526,0.386012775,0.547402087,0.71062688,0.875252033,1.040952274,1.207418541,1.374422956,1.541784102,1.709351098,1.877021296,2.04469913,2.212261576,2.379590315,2.546516288,2.712800904,2.878143385,3.042209898,3.204541338,3.364592801,3.521818086,3.675564481,3.825172276,3.969978602,4.10928555,4.242394498,4.368642257,4.487445432,4.598173124,4.700308139,4.793601592,4.877586719,4.952075851,5.016983097,5.072355551,5.11823923,5.154909062,5.182571588,5.201626622,5.212303518,5.215360768,5.211021286,5.199691161,5.181876804,5.157945306,5.128212302,5.092992795,5.052341315,5.006782423,4.956149043,4.900640676,4.840230842,4.775047312,4.70525128,4.630983707,4.552483637,4.470157606
1,0.893092797,1.224474799,1.542771754,1.8230771,2.018950849,2.078431358,1.965865272,1.684439096,1.298874401,0.917293343,0.63367346,0.487340991,0.465058648,0.528878113,0.624611105,0.668527334,0.563693005,0.257165988,-0.207961389,-0.694970591,-1.056502771,-1.22308415,-1.210863565,-1.06592009,-0.822886324,-0.508548665,-0.157947956,0.19298856,0.518255429,0.806227325,1.050123522,1.241455975,1.379820477,1.465836454,1.510101963,1.549014857,1.626913778,1.756113061,1.906324892,2.02850347,2.084422826,2.075915145,2.046961275,2.046391515,2.086603634,2.140793653,2.178405592,2.204797539,2.250778349,2.335843665,2.450614758,2.550516455,2.585937438,2.549256863,2.468018036,2.381828804,2.32445049,2.3118483,2.34217513,2.398105544,2.458455534,2.494846105,2.479217939,2.405156021,2.30778437,2.255013677,2.286132763,2.372684299,2.464150228,2.539063041,2.604328949,2.670362994,2.72223169,2.721820006,2.648576332,2.515852704,2.359024662,2.222719468,2.159006859,2.201454487,2.331341499,2.491997933,2.635962655,2.742595418,2.808262699,2.83942523,2.849917314,2.845757792,2.819142515,2.773065488,2.733660624,2.726563816,2.746334218,2.752605179,2.706480185,2.614046289,2.53129701,2.523546032,2.606846412,2.738314046,2.846624914
1,2.703163483,2.69457976,2.685302876,2.675223606,2.664217568,2.652203241,2.638917167,2.62438254,2.608177144,2.590080692,2.569867156,2.547161881,2.521708952,2.493309097,2.461723827,2.426814361,2.388599977,2.347089051,2.302481748,2.255065571,2.205275926,2.153620125,2.100732278,2.047336644,1.994231865,1.942391056,1.892394931,1.845406143,1.802260682,1.763770278,1.73080225,1.70415871,1.684419378,1.672361461,1.668394283,1.672968324,1.686592775,1.709361445,1.741501253,1.782946737,1.833614853,1.893332086,1.961748445,2.038470582,2.123029946,2.214875564,2.313448693,2.418030248,2.528146786,2.643097031,2.762265127,2.885115595,3.011112723,3.139710905,3.270459859,3.402867113,3.536518586,3.671006442,3.80590577,3.940881232,4.07549745,4.20947854,4.342496058,4.474289599,4.604580752,4.733213663,4.859980781,4.984738186,5.107432724,5.227976719,5.34636917,5.462587192,5.576693044,5.688661674,5.798580885,5.906446972,6.012286218,6.116084066,6.217783231,6.317295624,6.414422738,6.509130416,6.601086279,6.69011641,6.775968311,6.858347761,6.937022586,7.01173984,7.082266733,7.148394616,7.209944098,7.26676177,7.31877321,7.365866893,7.408019001,7.445299867,7.477706108,7.505336635,7.528270523,7.546684741,7.560667415
