0,-1.62329908,-1.609745239,-1.595192814,-1.579662916,-1.563140839,-1.545659595,-1.527243071,-1.507887884,-1.48761573,-1.466471412,-1.444416904,-1.421506076,-1.397747912,-1.37316206,-1.347749558,-1.321565513,-1.294595676,-1.266842257,-1.238340335,-1.209087961,-1.179116158,-1.148433299,-1.117023681,-1.084923218,-1.052125655,-1.018640428,-0.984478802,-0.949603027,-0.914068938,-0.877853817,-0.840971252,-0.803397661,-0.765129557,-0.726188852,-0.686543898,-0.646208879,-0.605182834,-0.563467713,-0.521052079,-0.47794224,-0.434131564,-0.389618856,-0.344409139,-0.298529489,-0.251940001,-0.204711841,-0.156829571,-0.108284822,-0.059102416,-0.009310193,0.041053775,0.091983534,0.143465745,0.195447509,0.247929748,0.300851318,0.354202219,0.407918228,0.461966804,0.516327187,0.570945041,0.62576272,0.68072535,0.735834171,0.790992737,0.846157038,0.901276813,0.956308319,1.011184447,1.065808974,1.120143915,1.17415389,1.227778261,1.280939697,1.333552477,1.385578145,1.436966312,1.487602787,1.537452393,1.586481806,1.634560762,1.681677442,1.72777163,1.772748156,1.816593053,1.859206868,1.900570407,1.940608106,1.979279152,2.016542252,2.052355027,2.086676271,2.119468385,2.150690072,2.180315868,2.208331782,2.234694166,2.259381813,2.282406622,2.303726741,2.323352997
0,-7.42882448,-7.432576688,-7.435183739,-7.436655339,-7.437079218,-7.436453197,-7.434855715,-7.432413124,-7.429139758,-7.425161028,-7.420579836,-7.415494399,-7.410052973,-7.404324016,-7.398507032,-7.392674604,-7.386979716,-7.381548335,-7.376514426,-7.372000765,-7.368139931,-7.365015452,-7.362788784,-7.36151761,-7.361273016,-7.362201903,-7.364360101,-7.367802677,-7.372564784,-7.378726203,-7.386307406,-7.395330771,-7.405808402,-7.417742338,-7.431131942,-7.445973654,-7.462225807,-7.479865379,-7.498857199,-7.519146725,-7.540689081,-7.563461866,-7.58732202,-7.612245105,-7.638188191,-7.665030253,-7.692697494,-7.721103542,-7.750192927,-7.779845262,-7.809981334,-7.840498876,-7.871314723,-7.902352576,-7.933500454,-7.964668617,-7.995778719,-8.026728016,-8.057475648,-8.087916743,-8.117975773,-8.147584814,-8.17666328,-8.205171116,-8.233030873,-8.260205711,-8.286642991,-8.312311486,-8.337177211,-8.361193971,-8.384336908,-8.406601358,-8.427990327,-8.448405333,-8.467984812,-8.48659829,-8.504297945,-8.5210997,-8.537000021,-8.552033617,-8.566189484,-8.57947081,-8.592010923,-8.603737952,-8.61472119,-8.624975172,-8.634533514,-8.64344916,-8.65175463,-8.659476325,-8.666674216,-8.673367061,-8.679596699,-8.685413485,-8.690819676,-8.695900885,-8.700688749,-8.70517301,-8.709423229,-8.713482252,-8.717368877
0,-1.572886058,-1.571958617,-1.570847594,-1.569592561,-1.56822174,-1.566670786,-1.564994348,-1.563160672,-1.561216746,-1.559136399,-1.556933328,-1.554628181,-1.552202867,-1.549644727,-1.546987207,-1.544225756,-1.541341154,-1.538384921,-1.535308159,-1.532095669,-1.528814601,-1.525396386,-1.521872896,-1.518232171,-1.514466671,-1.510576131,-1.506531815,-1.502352891,-1.498009446,-1.493507751,-1.488795049,-1.483894569,-1.478786474,-1.473452183,-1.467891017,-1.462053973,-1.455941814,-1.449551659,-1.442836944,-1.435800581,-1.428418632,-1.420710562,-1.412613127,-1.404131236,-1.395224474,-1.385923622,-1.376218982,-1.36606642,-1.35548635,-1.344439037,-1.332932007,-1.320957148,-1.308506632,-1.295599211,-1.282207839,-1.268342749,-1.254003781,-1.23918688,-1.223916491,-1.20820806,-1.192031187,-1.175419973,-1.158401233,-1.140962642,-1.123113521,-1.104902366,-1.086332473,-1.067423064,-1.048188546,-1.028657316,-1.008856371,-0.988811672,-0.968539345,-0.948081858,-0.927444735,-0.906672761,-0.885805423,-0.864851901,-0.843840989,-0.822815457,-0.801834084,-0.780900381,-0.760041328,-0.739314192,-0.718758045,-0.698407607,-0.6783033,-0.658473204,-0.638971683,-0.619839347,-0.601100209,-0.582832987,-0.565041253,-0.547783307,-0.531127749,-0.515103276,-0.499740441,-0.4851078,-0.471248561,-0.458162084,-0.445986262
0,-0.537114851,-0.537158967,-0.538656858,-0.541627773,-0.546020714,-0.551838705,-0.559070294,-0.567697459,-0.577718227,-0.589129888,-0.601946596,-0.616144969,-0.631788078,-0.648839338,-0.667355508,-0.687343552,-0.708817049,-0.731818623,-0.756383017,-0.782556247,-0.810372354,-0.839873623,-0.87112558,-0.904166133,-0.939027765,-0.97583239,-1.014567044,-1.055321885,-1.098194533,-1.143185678,-1.190396681,-1.239896498,-1.291743245,-1.346000841,-1.402741615,-1.462062656,-1.524014509,-1.588643131,-1.656019238,-1.726199616,-1.799279977,-1.875238099,-1.954146186,-2.036062576,-2.120964496,-2.208898111,-2.299856145,-2.393800712,-2.490740108,-2.590629835,-2.693386105,-2.798922044,-2.907178406,-3.018073707,-3.131390014,-3.247027022,-3.364816585,-3.484557255,-3.606012603,-3.729017326,-3.853261874,-3.978532985,-4.104516086,-4.230943199,-4.357490806,-4.483904553,-4.609819611,-4.734943921,-4.85896399,-4.981592577,-5.102473149,-5.221327972,-5.337870317,-5.451819032,-5.562914405,-5.670903425,-5.775547626,-5.876657928,-5.974029078,-6.067477339,-6.156873075,-6.242075714,-6.322978981,-6.399503571,-6.471570308,-6.539166487,-6.602267267,-6.660834807,-6.714939298,-6.764559565,-6.809808732,-6.850699261,-6.88738621,-6.919855771,-6.948325537,-6.972805905,-6.993481547,-7.010439771,-7.023787726,-7.033699343,-7.040214521
0,-1.528229366,-1.499052006,-1.465554753,-1.434351707,-1.408529298,-1.39518751,-1.394800185,-1.40411197,-1.419542926,-1.439825885,-1.459789969,-1.474792914,-1.480946318,-1.478173517,-1.466500079,-1.448974025,-1.427284341,-1.40489234,-1.381791385,-1.358081548,-1.333302916,-1.305689466,-1.277019667,-1.247293139,-1.217306385,-1.190132821,-1.165902698,-1.147195176,-1.132079528,-1.123037778,-1.117083246,-1.111289444,-1.10292051,-1.087796654,-1.065140641,-1.032550813,-0.998239466,-0.961411588,-0.925676403,-0.890921228,-0.854993852,-0.816179385,-0.773875072,-0.730374033,-0.687058139,-0.647725148,-0.612232498,-0.579666681,-0.546714801,-0.510932832,-0.471784727,-0.430466651,-0.390030478,-0.353372337,-0.322868653,-0.295219088,-0.266121445,-0.232051451,-0.194638194,-0.156043724,-0.120755539,-0.088925722,-0.058981898,-0.027758867,0.007081094,0.050112742,0.104334858,0.170909962,0.247716371,0.32707489,0.399494968,0.459944679,0.508146032,0.558808345,0.621762972,0.701184969,0.795225768,0.892126248,0.985347064,1.066191641,1.13250805,1.181785841,1.213180366,1.232099043,1.245431194,1.259505679,1.284481587,1.325009942,1.382444749,1.452202357,1.527560332,1.602261879,1.667601477,1.718068618,1.750503945,1.769073968,1.779965348,1.791705627,1.805435555,1.830123847,1.866975631
0,0.674174667,0.679849122,0.685960797,0.692512938,0.699480284,0.706858223,0.714664932,0.7228789,0.731470177,0.740500353,0.749834704,0.759571245,0.769683305,0.780147967,0.790958959,0.802087012,0.813542974,0.825326582,0.837433297,0.849838144,0.862513955,0.875487434,0.888729331,0.902214989,0.915960117,0.929921762,0.944107687,0.95851201,0.973108657,0.987873665,1.002796155,1.01786374,1.03304406,1.048322443,1.063675615,1.079099702,1.094562026,1.110046619,1.12552131,1.140958463,1.156325871,1.171615549,1.186780724,1.201824898,1.216715801,1.231404081,1.245869184,1.260080194,1.274016883,1.287679518,1.300997956,1.313949062,1.32656057,1.338752923,1.350504311,1.361813127,1.372667989,1.383026532,1.392866966,1.402183041,1.410967631,1.419191279,1.426855551,1.43393752,1.440434514,1.446349537,1.451649779,1.456347339,1.460462789,1.463976843,1.466884845,1.469197436,1.470927219,1.472070179,1.47263783,1.472662039,1.472138493,1.471072337,1.469493445,1.467407295,1.464836179,1.46179373,1.458300439,1.454379185,1.450050135,1.445314903,1.440209783,1.434722239,1.428908488,1.422767117,1.41634863,1.409571846,1.402571986,1.395293908,1.387788643,1.380031742,1.372037433,1.36383722,1.355411051,1.346791976,1.337938771
0,9.306139505,9.29658127,9.28855415,9.282122414,9.277236802,9.274016021,9.272445495,9.272551096,9.274360336,9.277874841,9.283101735,9.290035414,9.298688664,9.309028896,9.321007298,9.334656042,9.349915348,9.366792573,9.385057904,9.404894427,9.426073346,9.448616472,9.472427344,9.497415774,9.523512643,9.550618667,9.578658442,9.607527759,9.637131555,9.66737327,9.698159247,9.729376117,9.760932978,9.792718795,9.824626774,9.856578534,9.888455499,9.920166178,9.951577132,9.982756178,10.01341098,10.04358768,10.07316872,10.10208529,10.13028915,10.15771105,10.18432593,10.21006983,10.23491419,10.25883693,10.28183316,10.30387929,10.32497932,10.34515392,10.36440446,10.38278311,10.40029899,10.41702283,10.43298725,10.44824632,10.46287746,10.47700224,10.49061301,10.50383832,10.51677319,10.52950268,10.54212193,10.55473108,10.567432,10.58031687,10.59348219,10.60702807,10.62105073,10.63562509,10.65083711,10.66675819,10.68345909,10.70099646,10.71947539,10.73877345,10.75908061,10.78035048,10.80259392,10.82581739,10.85000389,10.87495727,10.90096174,10.92768917,10.95516797,10.98329876,11.01198953,11.04113747,11.0706143,11.10030169,11.13007975,11.1598148,11.18935012,11.21851631,11.24718215,11.2751967,11.30239257
0,-4.69426111,-4.700092768,-4.707959562,-4.717809995,-4.729597844,-4.743245432,-4.758688455,-4.775830128,-4.794660431,-4.814895306,-4.8365895,-4.859535638,-4.883636559,-4.908760915,-4.934737041,-4.961479078,-4.98881757,-5.01659031,-5.044679574,-5.072945291,-5.101235979,-5.129436201,-5.157395448,-5.184974617,-5.212098053,-5.238625968,-5.264445143,-5.289476922,-5.313643566,-5.336853777,-5.359015496,-5.38010286,-5.400060568,-5.418813191,-5.436365914,-5.452701863,-5.467774852,-5.481597287,-5.494160697,-5.505496279,-5.515632039,-5.524586278,-5.532366287,-5.539035866,-5.544638683,-5.549236793,-5.552871153,-5.55558213,-5.557462835,-5.558560606,-5.55895696,-5.558721581,-5.557917192,-5.5566027,-5.55487698,-5.552785364,-5.550426615,-5.547826654,-5.545074498,-5.542237727,-5.539372394,-5.53649788,-5.533717456,-5.531025167,-5.528505983,-5.526146673,-5.52401839,-5.522091041,-5.520421236,-5.518985676,-5.517815015,-5.516886801,-5.516200966,-5.515739829,-5.515491551,-5.515419361,-5.515531326,-5.515747184,-5.516068709,-5.516452496,-5.5168702,-5.517270795,-5.517628847,-5.517927139,-5.518063076,-5.518049403,-5.517815769,-5.517351316,-5.516601367,-5.515523966,-5.51410362,-5.512289902,-5.510057118,-5.507367424,-5.504193569,-5.50051493,-5.496309547,-5.491545773,-5.486231586,-5.480348815,-5.473887407
0,-6.302261915,-6.306573295,-6.312132081,-6.318850403,-6.326616506,-6.335311777,-6.34483686,-6.355018709,-6.36575528,-6.376878484,-6.388239699,-6.399678208,-6.411070437,-6.422248572,-6.433053934,-6.443363946,-6.453003089,-6.461837165,-6.469782476,-6.476657683,-6.482394368,-6.486861933,-6.490042444,-6.491770849,-6.491945884,-6.490662451,-6.487752006,-6.483199494,-6.476965154,-6.46908521,-6.45951007,-6.448257917,-6.435331699,-6.420773955,-6.404592647,-6.386803976,-6.367512759,-6.346750115,-6.32457045,-6.301019589,-6.276171233,-6.250114637,-6.222924979,-6.194638566,-6.165383755,-6.13522929,-6.104232722,-6.072482068,-6.040084234,-6.007108962,-5.973623595,-5.939702873,-5.90544865,-5.870899476,-5.836166203,-5.801274051,-5.766310165,-5.731320695,-5.69635975,-5.661461895,-5.626720294,-5.592150626,-5.557770502,-5.523608214,-5.489726732,-5.456134979,-5.422861902,-5.38988913,-5.357258181,-5.32498679,-5.293054754,-5.261499276,-5.230298002,-5.199468107,-5.16902561,-5.138950196,-5.109242957,-5.079916311,-5.050987112,-5.02241984,-4.994200845,-4.966376493,-4.938927358,-4.911844001,-4.885131997,-4.858810182,-4.832836278,-4.807297652,-4.782130319,-4.757386071,-4.733061958,-4.709191598,-4.685798801,-4.662894568,-4.640526628,-4.618720385,-4.59751603,-4.576931908,-4.557023719,-4.537831753,-4.519401545
0,1.904845465,1.895679086,1.885671329,1.874998681,1.863536878,1.851350047,1.838503607,1.825035299,1.810986157,1.796424856,1.781447517,1.766150328,1.750522988,1.734775253,1.718962735,1.703180341,1.687544015,1.672182443,1.657179336,1.642628045,1.628643754,1.615348379,1.602818961,1.591123917,1.580340097,1.570543257,1.561876869,1.554162398,1.547652165,1.542306804,1.538127354,1.535115764,1.5332766,1.532578171,1.533006282,1.534518147,1.537080424,1.540596112,1.545062345,1.550390596,1.55653332,1.563339465,1.570792843,1.578783855,1.587212594,1.596012362,1.605043577,1.614247851,1.623505913,1.63273437,1.641823773,1.650692589,1.659232597,1.667361832,1.675003401,1.682049952,1.688463963,1.694148685,1.699041984,1.703105843,1.706277636,1.708515975,1.709792096,1.710080572,1.709353888,1.707566222,1.704848486,1.701055869,1.69631467,1.690565662,1.683962181,1.676473581,1.668127482,1.65900678,1.649185285,1.638701565,1.627634124,1.616040468,1.603998979,1.59158325,1.578871011,1.56594041,1.552869156,1.53973479,1.526599254,1.513576384,1.500732399,1.488125762,1.475862833,1.464007641,1.452632933,1.441820469,1.431626071,1.422095696,1.413309809,1.40532104,1.398180346,1.391902879,1.386533154,1.382081618,1.378608779
0,2.696670575,2.696479368,2.694228166,2.690044625,2.684092468,2.676540513,2.667588958,2.657451332,2.646356652,2.63451728,2.622192526,2.60956012,2.59689149,2.584427553,2.572337419,2.560838932,2.550159789,2.540405893,2.531808092,2.524432488,2.51840315,2.513879421,2.510858119,2.509439885,2.50960847,2.511433375,2.514840455,2.519813746,2.526332907,2.53430077,2.543652287,2.554261875,2.56606849,2.578896781,2.592659782,2.607210556,2.622408224,2.638093221,2.654094926,2.67032682,2.686577095,2.702696381,2.718587251,2.734051375,2.748976452,2.763207288,2.776650998,2.789151062,2.80059877,2.810932545,2.820012174,2.827746525,2.834107945,2.838976182,2.842337356,2.844128983,2.844307359,2.842875704,2.839788184,2.835067702,2.82869048,2.820732283,2.811185734,2.800119454,2.787593136,2.773682202,2.758435036,2.741944684,2.724374194,2.705744856,2.686209278,2.665898289,2.644892145,2.623363042,2.601427102,2.579171124,2.556734313,2.534242427,2.511813802,2.489520982,2.467503014,2.445865393,2.424684883,2.404045497,2.384029313,2.364689367,2.346169959,2.328453611,2.311652503,2.295804514,2.280967107,2.267249067,2.254637003,2.243171288,2.232954722,2.223997051,2.216333057,2.209986034,2.205028695,2.201444469,2.199263868
0,-1.145061228,-1.141418204,-1.137657177,-1.133863847,-1.129997421,-1.126128235,-1.122302766,-1.11854029,-1.114860618,-1.111310635,-1.107914481,-1.104688444,-1.101664211,-1.098868265,-1.096304853,-1.09398995,-1.091929988,-1.090182094,-1.088595938,-1.087345217,-1.086335267,-1.085559022,-1.085020861,-1.08470429,-1.084564763,-1.084608424,-1.084817986,-1.085166862,-1.085627232,-1.086178525,-1.086805428,-1.087498294,-1.088233476,-1.088990861,-1.089775908,-1.09057647,-1.091380273,-1.092184882,-1.09300273,-1.093844835,-1.094709282,-1.095611214,-1.09657743,-1.097618241,-1.098770837,-1.100023727,-1.101456254,-1.103085257,-1.104930677,-1.107043978,-1.109470217,-1.112252473,-1.115413234,-1.119014074,-1.123105509,-1.127720434,-1.132892681,-1.138705146,-1.145180043,-1.152384708,-1.160304253,-1.169017309,-1.178574054,-1.188990432,-1.200293319,-1.21252235,-1.225701602,-1.239846416,-1.254957587,-1.271057854,-1.288213987,-1.306264586,-1.325373881,-1.345429799,-1.36642725,-1.388379259,-1.411212427,-1.434897111,-1.459398725,-1.484663284,-1.510629682,-1.537227121,-1.564385435,-1.592048304,-1.620114555,-1.64849882,-1.677124022,-1.705872655,-1.73463965,-1.7633341,-1.791855172,-1.820055259,-1.84783877,-1.875106421,-1.901708832,-1.927528102,-1.952469321,-1.976378088,-1.999163676,-2.020689693,-2.040877451
0,-4.292031759,-4.297378511,-4.303325213,-4.309904966,-4.316971127,-4.324625818,-4.332823362,-4.341537989,-4.350749019,-4.360414421,-4.370531044,-4.381074513,-4.392013013,-4.403312443,-4.41494709,-4.426885905,-4.439092501,-4.451554505,-4.464221277,-4.477057937,-4.490041267,-4.503127763,-4.516280232,-4.52948397,-4.542684991,-4.555869368,-4.568974601,-4.581991949,-4.594873253,-4.607620236,-4.620166097,-4.632492286,-4.644576328,-4.656387708,-4.667907865,-4.679109054,-4.689953516,-4.700440621,-4.710538911,-4.72022672,-4.729484577,-4.738318083,-4.746712983,-4.754639715,-4.76209565,-4.769071918,-4.77556282,-4.781561822,-4.787048877,-4.792046293,-4.796564248,-4.800596916,-4.804112231,-4.807139514,-4.80969767,-4.81177722,-4.813394207,-4.814542453,-4.815287189,-4.815591613,-4.815480819,-4.814953947,-4.814061223,-4.812805729,-4.811202487,-4.809243959,-4.807014911,-4.804478847,-4.801659513,-4.798598117,-4.795290132,-4.791777243,-4.788075915,-4.784201359,-4.780172445,-4.776007803,-4.771712876,-4.767331844,-4.762852274,-4.758312549,-4.753709092,-4.749070947,-4.744418337,-4.739736511,-4.735031363,-4.73034287,-4.725647361,-4.720980654,-4.716323868,-4.711695755,-4.707110241,-4.702561475,-4.698044105,-4.693581983,-4.689159523,-4.684788901,-4.680457924,-4.676183056,-4.671964575,-4.667810331,-4.663695622
0,-3.018048166,-3.028699138,-3.039836985,-3.05148444,-3.063654863,-3.076370775,-3.089624887,-3.103412043,-3.117733292,-3.132596554,-3.148006324,-3.163925283,-3.180354815,-3.197295875,-3.214769186,-3.232640767,-3.251015366,-3.269798082,-3.288997651,-3.308575163,-3.328508489,-3.348764378,-3.369316783,-3.390123791,-3.411146316,-3.432359423,-3.453738797,-3.475233021,-3.4967965,-3.518390223,-3.539974205,-3.561526011,-3.582990374,-3.60431213,-3.625485415,-3.646466051,-3.667186495,-3.687623117,-3.707738074,-3.727445898,-3.746808215,-3.765701577,-3.784115459,-3.802015359,-3.819348396,-3.836151668,-3.852275352,-3.867798301,-3.882642972,-3.896759857,-3.910170113,-3.922823411,-3.934675554,-3.945733594,-3.955991501,-3.965410143,-3.973969338,-3.981668383,-3.988436359,-3.994398699,-3.999453481,-4.003568503,-4.006775761,-4.009097983,-4.010516097,-4.011013827,-4.010617909,-4.009321552,-4.007133261,-4.004084609,-4.000163083,-3.995385308,-3.989752469,-3.983317675,-3.976047667,-3.968072391,-3.959210369,-3.949725545,-3.939456654,-3.928501211,-3.916870301,-3.904581613,-3.891690917,-3.878139399,-3.86411378,-3.849473495,-3.834331197,-3.8186876,-3.802585412,-3.786034362,-3.769070943,-3.751724186,-3.733993214,-3.715931898,-3.69756335,-3.678871495,-3.659913769,-3.640725554,-3.621287652,-3.601635989,-3.581786898
0,-0.538911945,-0.569845066,-0.602062476,-0.635534798,-0.670183605,-0.705938061,-0.742760595,-0.780582488,-0.819266257,-0.858748949,-0.89896692,-0.939824432,-0.981191543,-1.022999855,-1.065115659,-1.107448664,-1.149897372,-1.192364368,-1.234723287,-1.276856239,-1.3186914,-1.360154081,-1.401081689,-1.441399283,-1.481034371,-1.519899998,-1.557920463,-1.595008015,-1.631100474,-1.666132582,-1.700064877,-1.732737475,-1.764352498,-1.794629069,-1.823636438,-1.851338932,-1.877727017,-1.902793653,-1.926528517,-1.948890228,-1.969941063,-1.989676789,-2.008109861,-2.025237181,-2.041117042,-2.055776833,-2.069226314,-2.08153046,-2.092684502,-2.102736813,-2.1117894,-2.119802221,-2.126870989,-2.133021844,-2.138305477,-2.142756127,-2.146425858,-2.149349554,-2.151599195,-2.153173629,-2.154158522,-2.154556707,-2.154411445,-2.153788447,-2.152709324,-2.151212673,-2.149337627,-2.147101399,-2.144527851,-2.141690553,-2.138614598,-2.135301072,-2.131775868,-2.128084101,-2.124240525,-2.120297847,-2.116252815,-2.112104406,-2.107896993,-2.103667117,-2.09940117,-2.095149917,-2.090906787,-2.086665895,-2.082467649,-2.07830859,-2.074220762,-2.070175679,-2.066208751,-2.062292465,-2.058465088,-2.054686751,-2.051015549,-2.047409936,-2.043871767,-2.040413437,-2.036994179,-2.033627211,-2.030295807,-2.027022323,-2.023747716
0,0.122176895,0.108639881,0.095348246,0.082429856,0.070018152,0.058226407,0.047175095,0.037027618,0.027831133,0.019765983,0.012947128,0.00746714,0.003447274,0.00099698,0.000213466,0.00114359,0.003946385,0.00866418,0.015355247,0.024114008,0.035049513,0.048026098,0.063328943,0.080772872,0.100543194,0.122588329,0.146922691,0.173569386,0.202511985,0.233749515,0.267251412,0.302998087,0.340963806,0.381104785,0.423389219,0.467772058,0.514190459,0.562599991,0.612924292,0.665113475,0.719078992,0.774761112,0.832081488,0.890959614,0.951320371,1.013068611,1.076108952,1.140369175,1.205754724,1.272172407,1.339515868,1.407719848,1.476654902,1.546250482,1.616409393,1.687022827,1.75801711,1.829287374,1.900744381,1.972284802,2.04382019,2.115271291,2.186545718,2.257546412,2.328202904,2.398433645,2.468147425,2.537271939,2.605731439,2.673449943,2.740365089,2.806404975,2.871510684,2.935623074,2.998669968,3.060621837,3.121418174,3.181008678,3.239354698,3.296422575,3.352172561,3.406573262,3.4595957,3.511225688,3.561432378,3.610197273,3.657499279,3.703340841,3.747699829,3.790586202,3.831985237,3.871898728,3.910321254,3.947251506,3.982704718,4.016696523,4.049222152,4.080282721,4.109903714,4.138099764,4.164876752
0,-2.61197422,-2.607209224,-2.60380417,-2.601787225,-2.601143982,-2.601917638,-2.603988478,-2.607507878,-2.612306877,-2.618504197,-2.626026986,-2.634860986,-2.644972119,-2.656356614,-2.668965187,-2.682770044,-2.69775285,-2.71386994,-2.731103404,-2.7493516,-2.768625401,-2.788900911,-2.810067785,-2.832129952,-2.855020957,-2.878720243,-2.903148717,-2.928275821,-2.954069827,-2.980469552,-3.007420869,-3.034896559,-3.062860949,-3.091267939,-3.120083861,-3.149261277,-3.178774987,-3.208614869,-3.238707936,-3.269118914,-3.299729407,-3.330569324,-3.361625613,-3.392875357,-3.424295839,-3.455885013,-3.487683559,-3.519615461,-3.551709979,-3.583972715,-3.616391015,-3.648976701,-3.681715754,-3.714602438,-3.747649704,-3.780845816,-3.814180238,-3.84763045,-3.881221176,-3.914884722,-3.948652349,-3.982498691,-4.016346201,-4.050193528,-4.083996181,-4.117696906,-4.151328164,-4.184757878,-4.218005426,-4.250971425,-4.283586338,-4.315817282,-4.347622403,-4.378882668,-4.40957165,-4.439615826,-4.468951773,-4.497489664,-4.525155595,-4.551932927,-4.577709558,-4.602433812,-4.626045162,-4.648480303,-4.669681241,-4.689600678,-4.708171549,-4.725350417,-4.741102358,-4.755400956,-4.768192911,-4.779467942,-4.789218573,-4.797391278,-4.804049918,-4.809089061,-4.812595955,-4.814519098,-4.814904955,-4.813750248,-4.811106302
0,-0.529711341,-0.534745707,-0.541639615,-0.550374159,-0.561048265,-0.573667978,-0.588269727,-0.604882664,-0.623560822,-0.644349186,-0.667254184,-0.69232508,-0.719582975,-0.749049064,-0.780733562,-0.814694289,-0.850890823,-0.889347347,-0.930076171,-0.973048919,-1.018291201,-1.065738378,-1.115367937,-1.167169009,-1.221096759,-1.277088811,-1.335096724,-1.395041546,-1.456879534,-1.520518676,-1.58586758,-1.65284921,-1.721354935,-1.79127972,-1.862516622,-1.934944159,-2.008471768,-2.082952244,-2.158269552,-2.234310956,-2.310933978,-2.387993432,-2.465374157,-2.542949125,-2.620614481,-2.698172251,-2.775565629,-2.852638487,-2.929295089,-3.005369068,-3.080784773,-3.155458027,-3.229208481,-3.30198142,-3.373699396,-3.444212777,-3.513464784,-3.581376265,-3.647877518,-3.712902316,-3.776369885,-3.83825357,-3.898473118,-3.957000306,-4.013830335,-4.068899838,-4.122213419,-4.173746359,-4.223511409,-4.271500338,-4.317729859,-4.362190634,-4.404943307,-4.445984188,-4.485371904,-4.523105968,-4.559251848,-4.593870902,-4.626985733,-4.658635915,-4.6888844,-4.717789196,-4.745406044,-4.771771032,-4.796979845,-4.821046895,-4.844055762,-4.866054834,-4.887063694,-4.907198554,-4.92645648,-4.944876282,-4.962542332,-4.979494455,-4.995742979,-5.011350533,-5.026307259,-5.040719889,-5.054527606,-5.067761888,-5.080485956
0,-1.199415551,-1.173237998,-1.148365666,-1.124781624,-1.10253638,-1.081737541,-1.062437593,-1.044647578,-1.028408078,-1.013923824,-1.000974718,-0.989769556,-0.980354492,-0.972631916,-0.96680825,-0.962696542,-0.960511171,-0.96005004,-0.961528646,-0.9647625,-0.969834177,-0.976781867,-0.985483195,-0.995936672,-1.008193009,-1.022101135,-1.03773512,-1.054861154,-1.073644119,-1.093917984,-1.11564422,-1.138753822,-1.163173482,-1.188844274,-1.215690493,-1.243619423,-1.272572422,-1.30245058,-1.333185786,-1.364695836,-1.39688144,-1.429668985,-1.462987211,-1.496727587,-1.530828559,-1.565220835,-1.59980909,-1.634517602,-1.669303205,-1.704069188,-1.738750051,-1.773311111,-1.807673873,-1.84177925,-1.87559484,-1.90906479,-1.94213471,-1.974763083,-2.006907688,-2.038549185,-2.06964168,-2.100168122,-2.130106226,-2.159423513,-2.1880782,-2.216061098,-2.243377667,-2.270028728,-2.295958714,-2.321130719,-2.345572322,-2.369279252,-2.392255493,-2.41449309,-2.435942475,-2.456631968,-2.476567121,-2.495738201,-2.514134061,-2.531766463,-2.548655845,-2.564788398,-2.580158868,-2.594773682,-2.608660545,-2.621840602,-2.634285994,-2.646022206,-2.657084256,-2.667460421,-2.677183283,-2.686263649,-2.69470374,-2.702546065,-2.709774252,-2.716443458,-2.722565575,-2.728168845,-2.733270882,-2.73791014,-2.742064113
0,0.164389699,0.182497291,0.197771838,0.210285579,0.219925528,0.226649254,0.230359462,0.230928329,0.228265679,0.222488535,0.213354253,0.200960075,0.185155954,0.1657267,0.143213455,0.116976334,0.087265091,0.054031113,0.017311469,-0.022928301,-0.066690109,-0.113923359,-0.164619263,-0.218723901,-0.276211022,-0.337010502,-0.401072507,-0.46833767,-0.538717441,-0.612127044,-0.68846943,-0.767677231,-0.849628251,-0.934218067,-1.021322113,-1.1108447,-1.202635999,-1.29657484,-1.392548251,-1.490417465,-1.590041222,-1.691274385,-1.793982118,-1.898024968,-2.003257702,-2.109510487,-2.216677436,-2.324606697,-2.433133662,-2.54212619,-2.651441672,-2.760945037,-2.87051514,-2.979995027,-3.089268554,-3.198232732,-3.306731933,-3.414648796,-3.521882222,-3.628345508,-3.733917072,-3.83846289,-3.941923922,-4.044203258,-4.145186917,-4.244786782,-4.34295302,-4.439572941,-4.534571524,-4.627878361,-4.719424873,-4.809140375,-4.896946933,-4.982794939,-5.066612898,-5.148332096,-5.227921525,-5.305324178,-5.380490341,-5.453351291,-5.523867046,-5.592008662,-5.657717454,-5.720949624,-5.781671462,-5.83984926,-5.895436787,-5.948378981,-5.998677053,-6.046262225,-6.091124746,-6.133205437,-6.172488973,-6.208962067,-6.242555884,-6.273230421,-6.301004539,-6.325826017,-6.347566398,-6.366370199,-6.382128938
1,-2.986099548,-2.979936381,-2.972035168,-2.962230563,-2.950348966,-2.93625258,-2.919818515,-2.900965693,-2.879637887,-2.855885786,-2.829650999,-2.801065379,-2.770214441,-2.737264059,-2.702391329,-2.665811558,-2.627770155,-2.588522344,-2.548361251,-2.507580119,-2.466490473,-2.425410374,-2.384630708,-2.344480414,-2.30524113,-2.267194234,-2.230600729,-2.195719662,-2.162772072,-2.131946179,-2.103373613,-2.077310483,-2.053829516,-2.03303702,-2.015004217,-1.999813384,-1.987511925,-1.97816594,-1.971865189,-1.968524289,-1.96832197,-1.971269177,-1.977435709,-1.986886758,-1.999701914,-2.016099422,-2.036220553,-2.060091884,-2.088088655,-2.120364595,-2.15716318,-2.198766826,-2.245442227,-2.297536242,-2.355120362,-2.418634555,-2.488249238,-2.564193033,-2.646643998,-2.735730146,-2.831543024,-2.934119466,-3.043406819,-3.159291423,-3.281578176,-3.410005595,-3.544284647,-3.683886778,-3.828425065,-3.977340468,-4.130031295,-4.285869841,-4.444156124,-4.604164061,-4.765216937,-4.926600875,-5.087579873,-5.24750306,-5.4056959,-5.561544278,-5.714452073,-5.863861254,-6.009280105,-6.150243294,-6.286374226,-6.417311709,-6.542757472,-6.662458691,-6.776212783,-6.88383221,-6.985140812,-7.079993732,-7.168276401,-7.249841397,-7.32464888,-7.392526143,-7.453380735,-7.507131027,-7.553676643,-7.592918817,-7.624830385
1,1.065725078,1.047321166,1.025234307,0.998460184,0.965813774,0.926084811,0.878049527,0.820665945,0.752881248,0.673902935,0.58306951,0.480078962,0.364687128,0.237020656,0.097312916,-0.054084906,-0.21666336,-0.389922406,-0.573352311,-0.766467304,-0.968754272,-1.179741702,-1.398917205,-1.625762963,-1.859711639,-2.100124933,-2.346412782,-2.597961945,-2.854192825,-3.114499269,-3.37838652,-3.645160215,-3.914191223,-4.184731714,-4.456055711,-4.727326462,-4.997701905,-5.266269345,-5.532054298,-5.793965847,-6.050833346,-6.301490397,-6.544782545,-6.779754926,-7.005686679,-7.22215707,-7.429256455,-7.627274184,-7.816786421,-7.998531675,-8.173170424,-8.341363126,-8.503693635,-8.660599992,-8.812557713,-8.959862702,-9.102876686,-9.24182212,-9.377003099,-9.508704516,-9.637354241,-9.76334906,-9.887265598,-10.00960993,-10.13089624,-10.25150784,-10.37170265,-10.49160152,-10.61115073,-10.73012003,-10.84821234,-10.96497526,-11.07990715,-11.19244674,-11.30196424,-11.40786579,-11.50945968,-11.60616083,-11.69742099,-11.78271634,-11.86162468,-11.93382581,-11.99917539,-12.05761266,-12.10927359,-12.15441869,-12.19339077,-12.22659756,-12.25456584,-12.27771999,-12.29650557,-12.3113567,-12.32255218,-12.33048474,-12.33544007,-12.33773767,-12.33781568,-12.33617599,-12.33329137,-12.32973137,-12.32601238
1,0.432564177,0.399867454,0.367625569,0.336001145,0.305113192,0.27509826,0.246092395,0.218223096,0.191622492,0.166389012,0.142640304,0.120488206,0.10000523,0.081258767,0.064338777,0.049279767,0.036130791,0.024908555,0.015640577,0.008355795,0.003007771,-0.000372485,-0.001814454,-0.001256236,0.00107125,0.005404729,0.01153925,0.019499269,0.029253661,0.040774377,0.054023971,0.068975092,0.085586611,0.103813058,0.123621522,0.144975046,0.167825191,0.192115922,0.217817232,0.244860787,0.273199934,0.302744336,0.333478162,0.365297885,0.398169713,0.431986366,0.466712855,0.502256886,0.538564611,0.575560478,0.613175153,0.651338085,0.68999946,0.729081795,0.768521364,0.808275692,0.848263188,0.888448758,0.928767615,0.969168111,1.009593459,1.049998522,1.090316443,1.130510253,1.170524994,1.21029877,1.249774047,1.288878972,1.327565924,1.365757388,1.403392254,1.440396174,1.476682672,1.512195309,1.546818605,1.580496453,1.613131935,1.644634633,1.674924213,1.703908558,1.73144976,1.757568121,1.782094362,1.804966895,1.826080577,1.845404403,1.862854451,1.878366802,1.89188603,1.903373143,1.912789091,1.92014531,1.925401803,1.928559843,1.929653439,1.928698524,1.925742824,1.920848645,1.914091876,1.905566028,1.895366149
1,-13.26182217,-13.32907922,-13.39062888,-13.44576661,-13.49384501,-13.53432886,-13.56711617,-13.59171138,-13.60818188,-13.61661356,-13.61718903,-13.61020276,-13.59596567,-13.57480615,-13.54719082,-13.51347139,-13.47412613,-13.42955259,-13.38001973,-13.32570704,-13.26662438,-13.20281426,-13.13392321,-13.05984196,-12.980334,-12.89536205,-12.80502323,-12.70973558,-12.61026742,-12.50766219,-12.40329632,-12.29868399,-12.19545074,-12.09501162,-11.99870175,-11.90735829,-11.82141569,-11.74072714,-11.66464362,-11.59196138,-11.5212088,-11.450501,-11.37792695,-11.30153773,-11.21957034,-11.13038814,-11.03285152,-10.92610195,-10.80980651,-10.68401116,-10.54932878,-10.40676745,-10.25781565,-10.10421029,-9.947856605,-9.790619936,-9.63418375,-9.479950452,-9.328993937,-9.181995445,-9.039341305,-8.901140366,-8.767338702,-8.637655666,-8.511845498,-8.389505464,-8.270347423,-8.154032356,-8.040297155,-7.928988004,-7.81997327,-7.713234088,-7.608787824,-7.506662966,-7.407034871,-7.310064567,-7.215976721,-7.125077574,-7.037781577,-6.954507595,-6.875863856,-6.802451296,-6.734873828,-6.673775406,-6.619707896,-6.573102097,-6.534318976,-6.503568722,-6.480882315,-6.466223158,-6.459544636,-6.460736392,-6.469267851,-6.485298402,-6.508300183,-6.537958858,-6.573740773,-6.615001522,-6.66107807,-6.711143514,-6.764426924
1,1.817758481,1.727517564,1.6493766,1.586405976,1.541523335,1.516377214,1.511313321,1.526289315,1.560293319,1.611950227,1.679533406,1.761008408,1.85399794,1.955698274,2.063178618,2.173442354,2.283935335,2.392639112,2.498700173,2.602159908,2.703839756,2.805082513,2.907342972,3.012156909,3.120773092,3.233949916,3.351645763,3.473041665,3.59650095,3.720335155,3.842908445,3.96301473,4.080275102,4.194837624,4.307210766,4.418261873,4.528790106,4.639777516,4.752099539,4.866426645,4.982568303,5.09929247,5.214432791,5.325362788,5.429581525,5.525465552,5.612362503,5.690729039,5.762143085,5.82864618,5.89298358,5.957903034,6.026057925,6.09944056,6.178966524,6.264235483,6.353668185,6.445048445,6.535782116,6.62361501,6.706944542,6.784560569,6.855788908,6.920297721,6.978521374,7.031528912,7.081111841,7.129452197,7.178882811,7.231230797,7.287728102,7.34904182,7.415361777,7.486452745,7.561490944,7.63902069,7.717114814,7.793604239,7.866657055,7.934738504,7.997344316,8.054233153,8.106017374,8.153335662,8.196718222,8.236589656,8.273158911,8.306943313,8.338583267,8.368889836,8.39828636,8.426697611,8.453553937,8.478318433,8.500557539,8.520665371,8.539676018,8.559046628,8.5804452,8.605215643,8.633768807
1,0.17001906,0.149784456,0.129135099,0.108132749,0.086743088,0.065021447,0.042981463,0.020686049,-0.001826914,-0.024521313,-0.047360246,-0.0702863,-0.093256346,-0.116172602,-0.138970727,-0.161607347,-0.183982597,-0.206021783,-0.227626721,-0.248671416,-0.269082863,-0.288754686,-0.307557411,-0.325385813,-0.342099827,-0.35758853,-0.371626482,-0.384325927,-0.395388427,-0.40472724,-0.412270779,-0.417793831,-0.42127383,-0.422596817,-0.421598646,-0.418265243,-0.412419552,-0.403945429,-0.392874695,-0.378985722,-0.362251953,-0.342584734,-0.319890465,-0.294096463,-0.265142804,-0.232938855,-0.197414029,-0.158466567,-0.116146327,-0.070293246,-0.020905814,0.03211017,0.088746101,0.149072071,0.213121953,0.280921774,0.35246062,0.427749045,0.50675756,0.589441214,0.675779854,0.765754514,0.859123798,0.955895654,1.055880005,1.158926476,1.264827023,1.373341011,1.484209207,1.597123217,1.71177959,1.827828855,1.944887548,2.062550657,2.180376766,2.297910592,2.414707589,2.53028394,2.644144831,2.755844428,2.864856862,2.970746856,3.073101662,3.171471558,3.265480539,3.354769775,3.43902288,3.517970417,3.591364503,3.65902639,3.720791143,3.77654113,3.826224955,3.869807751,3.907290545,3.938743452,3.964272224,3.983793408,3.997814087,4.00630952,4.009354201
1,-6.29465445,-6.310281047,-6.334518684,-6.369003812,-6.41423434,-6.471369321,-6.541182742,-6.625376637,-6.72521678,-6.842688143,-6.979472254,-7.137568227,-7.318550258,-7.523700697,-7.753952363,-8.009636087,-8.289705516,-8.593431872,-8.918822804,-9.263121635,-9.622989154,-9.994381215,-10.37283134,-10.75374175,-11.13237155,-11.50456264,-11.86661587,-12.21565055,-12.54986785,-12.8680095,-13.16980673,-13.45522159,-13.72439974,-13.9782345,-14.21672987,-14.44013565,-14.64895668,-14.8431312,-15.02272405,-15.18798019,-15.33932563,-15.47730136,-15.60245786,-15.71561242,-15.8178923,-15.91059022,-15.9953885,-16.07411076,-16.14898295,-16.22220216,-16.29460504,-16.3690001,-16.44664783,-16.52756467,-16.61222138,-16.70032485,-16.79027397,-16.88105688,-16.96998875,-17.0548908,-17.13365658,-17.20453456,-17.26609637,-17.31781447,-17.35991929,-17.39347442,-17.41974066,-17.4409951,-17.4589052,-17.47607023,-17.49466917,-17.51534651,-17.53890852,-17.56652924,-17.59733435,-17.63064023,-17.66506489,-17.70010718,-17.73403554,-17.76596927,-17.79538732,-17.82183834,-17.84542499,-17.86580981,-17.88256476,-17.89483443,-17.90142459,-17.90091721,-17.89203607,-17.87376014,-17.84572174,-17.80790864,-17.7608719,-17.70563563,-17.64345079,-17.57596571,-17.50480228,-17.43175502,-17.35843471,-17.28626623,-17.21634226
1,0.598447601,0.629756654,0.658358508,0.684331255,0.707710047,0.728364977,0.746137698,0.760732016,0.771790641,0.778892086,0.781683899,0.779668402,0.772278758,0.759330778,0.74020227,0.714708413,0.682617767,0.643751236,0.598084521,0.545575646,0.486434206,0.420831526,0.349126551,0.271706276,0.18909537,0.101905821,0.01082791,-0.083330421,-0.179707516,-0.277436994,-0.375581571,-0.473230055,-0.569530929,-0.663663097,-0.754865557,-0.842463758,-0.925868753,-1.00462996,-1.078325105,-1.146749077,-1.20965303,-1.267017547,-1.318836447,-1.365237007,-1.406353789,-1.442510345,-1.473901865,-1.501083118,-1.524384542,-1.544402946,-1.56185447,-1.577444238,-1.592008582,-1.606382611,-1.621477021,-1.638052183,-1.656949689,-1.678778535,-1.704070184,-1.733314954,-1.766664191,-1.804405992,-1.84646418,-1.892746574,-1.94327894,-1.997484869,-2.055083762,-2.115515871,-2.178260225,-2.242671361,-2.308173756,-2.374117927,-2.439895098,-2.504909981,-2.568572174,-2.63036495,-2.689763848,-2.746348978,-2.799712622,-2.849508131,-2.895425515,-2.937197709,-2.974617914,-3.007394943,-3.035281625,-3.058522735,-3.076470984,-3.089141978,-3.09647785,-3.098548785,-3.095056747,-3.086580895,-3.073121631,-3.05513433,-3.032965733,-3.007107491,-2.978114042,-2.946542209,-2.913177841,-2.878575249,-2.843551027
1,8.478665779,8.413885011,8.361620432,8.322326843,8.297070113,8.286337729,8.290480013,8.3097716,8.344437955,8.394347105,8.459202183,8.538625874,8.63197368,8.738713343,8.857617586,8.987879619,9.128369024,9.277877657,9.434912782,9.598312364,9.76672815,9.938797742,10.11323241,10.28881085,10.46433851,10.63878182,10.81120535,10.98080832,11.1468833,11.30890324,11.46645916,11.61927903,11.76719616,11.91019968,12.04835088,12.1818612,12.31090033,12.43583036,12.55698419,12.67471744,12.78945412,12.9015836,13.01149435,13.11955216,13.22605331,13.3313519,13.43562051,13.53907859,13.64185633,13.74399932,13.84554582,13.94650111,14.04676555,14.14627837,14.24487131,14.34241461,14.43876384,14.53372309,14.62715861,14.71890601,14.80883129,14.89676095,14.98259113,15.06622655,15.14759228,15.22664297,15.3033495,15.37767813,15.44964481,15.51925212,15.58649469,15.65139755,15.7139215,15.77403132,15.83171069,15.88689467,15.93951813,15.98946833,16.03662392,16.08087057,16.12205576,16.16002847,16.19464466,16.22571276,16.25313161,16.27678481,16.29648609,16.31215582,16.32371835,16.3311678,16.33437057,16.33334482,16.32811618,16.31868823,16.3050855,16.28740416,16.26570946,16.24001105,16.21063921,16.17753111,16.14091299
1,-1.15774566,-1.139702542,-1.12240589,-1.106169519,-1.091279903,-1.078024479,-1.066741279,-1.057742379,-1.051370947,-1.04789032,-1.047577399,-1.050794232,-1.05776088,-1.068714845,-1.083893699,-1.103483024,-1.127659389,-1.156551811,-1.190309685,-1.228995267,-1.272686612,-1.321434437,-1.375251531,-1.434103073,-1.497972856,-1.566786272,-1.640441768,-1.718845997,-1.801820137,-1.88923057,-1.980893035,-2.076581756,-2.176073222,-2.279119652,-2.385480178,-2.494831966,-2.606928923,-2.721413077,-2.837982267,-2.95627076,-3.075930438,-3.196566974,-3.317740708,-3.439037688,-3.560016172,-3.680163506,-3.799022853,-3.916094454,-4.030840205,-4.142781505,-4.25139579,-4.356162327,-4.45660252,-4.552242173,-4.642633502,-4.727368957,-4.806056598,-4.878318851,-4.943977376,-5.002635896,-5.054230959,-5.098572684,-5.135649353,-5.165347165,-5.187858321,-5.203174296,-5.211479684,-5.212898849,-5.20787836,-5.196457172,-5.179137228,-5.156135674,-5.127911176,-5.094803178,-5.057247498,-5.015646195,-4.970406082,-4.921966108,-4.870744718,-4.817171882,-4.761556745,-4.704417247,-4.646004888,-4.586691435,-4.52677147,-4.466517052,-4.406184991,-4.345970648,-4.28604731,-4.226605965,-4.167756281,-4.109577369,-4.052166775,-3.995593625,-3.939844536,-3.885006001,-3.831062788,-3.777989614,-3.725773012,-3.674390716,-3.623772929
1,-7.166703095,-7.15821839,-7.153958835,-7.154938052,-7.162766307,-7.178436494,-7.203976661,-7.240812539,-7.290288723,-7.35372798,-7.431246861,-7.523244562,-7.628756725,-7.746671871,-7.875391452,-8.012490617,-8.156625395,-8.304848168,-8.455465032,-8.606771338,-8.757549804,-8.906988595,-9.054513426,-9.199274139,-9.340301044,-9.475791795,-9.603533615,-9.720563839,-9.823856004,-9.910711129,-9.978494878,-10.02692035,-10.0553751,-10.06543939,-10.05980633,-10.04286163,-10.01871568,-9.992522488,-9.969228097,-9.952804163,-9.946600857,-9.952529697,-9.970472805,-10.0004003,-10.04020578,-10.08750377,-10.13963364,-10.19373882,-10.24747233,-10.29852194,-10.3453378,-10.38708059,-10.42335398,-10.45420251,-10.48029059,-10.50223239,-10.52093258,-10.53723307,-10.55096455,-10.56273413,-10.57118771,-10.57545547,-10.57456987,-10.5675109,-10.55368099,-10.53293381,-10.50552257,-10.47205861,-10.4335476,-10.39113549,-10.34615106,-10.30009822,-10.25445924,-10.21041195,-10.16955809,-10.13217207,-10.09850291,-10.06829174,-10.04054737,-10.0142994,-9.988071076,-9.960753623,-9.931736641,-9.900638388,-9.867692665,-9.833005071,-9.798186112,-9.763614952,-9.729618006,-9.696007457,-9.66212979,-9.626659662,-9.587759321,-9.544333052,-9.493980472,-9.43564137,-9.368966776,-9.294093585,-9.212189936,-9.124767074,-9.033780373
1,-0.851946863,-0.832523291,-0.803558221,-0.767231682,-0.727169088,-0.687618469,-0.652624166,-0.626531625,-0.611761308,-0.61100381,-0.624913901,-0.653374219,-0.695255336,-0.749324475,-0.814353424,-0.889389205,-0.974138546,-1.068726185,-1.172981148,-1.286925415,-1.409939702,-1.540489581,-1.676163885,-1.813873106,-1.949833931,-2.08065167,-2.203735995,-2.318014957,-2.424052526,-2.523945922,-2.620972563,-2.71883729,-2.82066034,-2.928889079,-3.044099119,-3.166440204,-3.295845682,-3.43324495,-3.580901771,-3.741674485,-3.917926683,-4.110252381,-4.316667508,-4.534477954,-4.758822196,-4.986042098,-5.214061824,-5.442101597,-5.670517679,-5.898947258,-6.126261385,-6.348492433,-6.560999317,-6.758427579,-6.936745321,-7.093506097,-7.228396971,-7.342100337,-7.436716079,-7.514436522,-7.577713017,-7.629112621,-7.671219886,-7.70667145,-7.738033132,-7.768142912,-7.798757436,-7.831123904,-7.865206117,-7.899070722,-7.929493396,-7.952643321,-7.965131802,-7.964608599,-7.950801278,-7.925056254,-7.890309347,-7.85031814,-7.808342439,-7.767158561,-7.727725074,-7.689259015,-7.649322403,-7.604707109,-7.551941493,-7.488525265,-7.412841144,-7.32427617,-7.223358757,-7.111054116,-6.988390974,-6.856738095,-6.717821285,-6.574076142,-6.428633233,-6.285435643,-6.148853887,-6.022729113,-5.910110605,-5.812993807,-5.731514469
1,-1.264198326,-1.206938759,-1.149422659,-1.092387389,-1.036379439,-0.981731542,-0.928497774,-0.876618726,-0.825837868,-0.775728657,-0.725900372,-0.675891791,-0.625259999,-0.573629663,-0.520689273,-0.466361943,-0.410572818,-0.353486909,-0.295306267,-0.236362721,-0.176962464,-0.117870687,-0.058830517,-0.000746247,0.056179425,0.11167514,0.165548533,0.217717446,0.267948101,0.316458699,0.363253908,0.408562658,0.452268024,0.494655675,0.5358383,0.575836249,0.614659152,0.65223419,0.688125731,0.722235779,0.753771347,0.78209144,0.806440576,0.825827851,0.839333187,0.845911742,0.844631777,0.83455068,0.814739746,0.784862459,0.743876115,0.691591468,0.627732819,0.552067311,0.464862803,0.366269396,0.2565551,0.136421,0.006689526,-0.131752727,-0.277752781,-0.430046377,-0.587307069,-0.747990872,-0.91060641,-1.07355839,-1.235318824,-1.394375288,-1.549360158,-1.698945539,-1.842007181,-1.977598637,-2.105025975,-2.223701136,-2.333270476,-2.433507015,-2.52467767,-2.607369864,-2.681360271,-2.747727529,-2.807129935,-2.860455136,-2.908555462,-2.952273809,-2.992578839,-3.030211544,-3.065854188,-3.100003461,-3.13297551,-3.164921128,-3.195812662,-3.22524404,-3.252965342,-3.278408788,-3.300847201,-3.319552546,-3.334387586,-3.344307602,-3.348636187,-3.347305744,-3.339718547
1,-1.379864183,-1.381411453,-1.374330031,-1.359319582,-1.336916795,-1.30768849,-1.272187202,-1.230985473,-1.184658805,-1.133789686,-1.078948412,-1.020650722,-0.959261458,-0.89512044,-0.828271791,-0.758569968,-0.685612722,-0.608756874,-0.527126777,-0.439702662,-0.345428887,-0.2432279,-0.132158969,-0.011418638,0.119645685,0.261402946,0.414092059,0.577646092,0.751869238,0.936305585,1.130385869,1.333336184,1.544280465,1.762202972,1.985932083,2.214195645,2.445598286,2.678638697,2.911691618,3.14309033,3.371144705,3.594141319,3.810398444,4.018387893,4.21654054,4.403493745,4.577926352,4.738658048,4.884698525,5.015087116,5.129121788,5.225884169,5.305092835,5.366405782,5.409816435,5.435210481,5.443135789,5.434823037,5.410692511,5.372269117,5.321326267,5.259180447,5.187877761,5.109207242,5.025194763,4.937619435,4.84824263,4.758740233,4.670663099,4.585311702,4.503836718,4.427003955,4.355278414,4.288856768,4.227596687,4.171088397,4.118409193,4.069146904,4.022086756,3.976300708,3.930796576,3.88481734,3.837647923,3.788748848,3.737949391,3.685045149,3.630076578,3.57324692,3.514780203,3.454969067,3.394161976,3.332761393,3.271136851,3.209645871,3.148530265,3.088034293,3.028363551,2.96959225,2.911922919,2.85551257,2.800473415
1,2.970745915,3.036983709,3.096417899,3.148525088,3.192658465,3.228100097,3.254471975,3.27131479,3.27807876,3.274174738,3.260454837,3.235474609,3.199910831,3.153823781,3.097081274,3.030353137,2.953860179,2.867963246,2.773386339,2.670771755,2.560865227,2.444472596,2.322444576,2.195684265,2.065119423,1.931657863,1.796219661,1.659714848,1.523009419,1.38693062,1.252257948,1.119700697,0.989933106,0.863529326,0.741016017,0.622829657,0.509344677,0.400847979,0.29755805,0.199648941,0.107227667,0.020338978,-0.061025335,-0.136898769,-0.207338177,-0.272443431,-0.332362453,-0.387198514,-0.437091365,-0.482220025,-0.52274942,-0.558812116,-0.59061943,-0.618342219,-0.642163386,-0.66230072,-0.678928797,-0.692355016,-0.702730404,-0.710388509,-0.71555984,-0.718551486,-0.719604543,-0.719193131,-0.71747277,-0.71484149,-0.71166097,-0.708227644,-0.704832524,-0.701835904,-0.699542801,-0.698273001,-0.698307822,-0.699940011,-0.703411944,-0.709045984,-0.716957287,-0.727375249,-0.740450262,-0.756261738,-0.774854558,-0.796245495,-0.820353009,-0.847092898,-0.876254124,-0.907677982,-0.941095755,-0.976197657,-1.012671673,-1.050133621,-1.088177265,-1.12639116,-1.164318717,-1.201502272,-1.237489017,-1.271822316,-1.30405433,-1.333774195,-1.36063366,-1.38423983,-1.404314014
1,-5.200258762,-5.152875112,-5.102318498,-5.049324719,-4.994541676,-4.938441711,-4.881394461,-4.823630776,-4.765306042,-4.70663095,-4.647712682,-4.588806522,-4.530131715,-4.472057154,-4.414930157,-4.359091398,-4.304923201,-4.252723068,-4.202792862,-4.155387474,-4.110626986,-4.068748609,-4.02980156,-3.99386074,-3.960907702,-3.930896793,-3.903721938,-3.879264944,-3.857354179,-3.837794947,-3.820403051,-3.80499383,-3.79135866,-3.779421763,-3.768988812,-3.759950282,-3.752174911,-3.745551298,-3.73994223,-3.735249458,-3.731497335,-3.728657531,-3.726878064,-3.726344602,-3.727302244,-3.730083087,-3.734902577,-3.742027096,-3.75159118,-3.763622274,-3.778085421,-3.794817874,-3.813662583,-3.834403134,-3.856867953,-3.880768572,-3.906082255,-3.93265226,-3.960455662,-3.989482124,-4.019687272,-4.051105486,-4.083741165,-4.117651724,-4.152877079,-4.189537433,-4.227759333,-4.267714647,-4.309541738,-4.353406485,-4.39940596,-4.447587084,-4.49796799,-4.55047238,-4.605031723,-4.661506472,-4.719725293,-4.779447907,-4.840404603,-4.902294888,-4.964720877,-5.027232438,-5.089276253,-5.150088057,-5.208861869,-5.264556085,-5.31613164,-5.362439549,-5.402375783,-5.434940353,-5.459320622,-5.475032635,-5.481890436,-5.479961375,-5.469926371,-5.452511245,-5.428944428,-5.400618632,-5.369100191,-5.336020517,-5.303092481
1,-5.318597591,-5.273370912,-5.228377366,-5.183835359,-5.139995603,-5.097105967,-5.055385356,-5.015116668,-4.97651561,-4.93979086,-4.905186466,-4.872883085,-4.843097597,-4.81600721,-4.791776719,-4.77052341,-4.752445191,-4.737645475,-4.726219401,-4.71815801,-4.713654161,-4.712700416,-4.715329174,-4.721548168,-4.731448599,-4.744777915,-4.761705348,-4.782107193,-4.805925014,-4.833090993,-4.863524799,-4.897112964,-4.933747599,-4.97332366,-5.015701124,-5.060757401,-5.10836006,-5.158371778,-5.210630381,-5.26501039,-5.321346355,-5.37947532,-5.439245306,-5.500520154,-5.563121799,-5.62688069,-5.691632263,-5.757233151,-5.823509187,-5.890282018,-5.957390039,-6.024659997,-6.091918472,-6.159008593,-6.225747189,-6.291956945,-6.357464737,-6.422112177,-6.485700692,-6.548055147,-6.609014344,-6.668411087,-6.72607444,-6.781846613,-6.835543884,-6.887010914,-6.936030545,-6.982622731,-7.026570437,-7.067697673,-7.105921315,-7.141110316,-7.173184538,-7.202070403,-7.227680613,-7.24995201,-7.268836747,-7.284310452,-7.296352379,-7.304949465,-7.310162058,-7.311955469,-7.310397152,-7.305565538,-7.297507242,-7.286296149,-7.272101342,-7.254969023,-7.235057663,-7.212487267,-7.187410388,-7.159944743,-7.130341277,-7.098723454,-7.065242691,-7.030123616,-6.993465905,-6.955630562,-6.916652245,-6.876766015,-6.836153122
1,2.011709763,1.973740936,1.929781412,1.880617951,1.826912363,1.769373747,1.708620149,1.645244614,1.579875449,1.513072051,1.44542008,1.377523747,1.309960395,1.24338316,1.178388502,1.115614687,1.055680711,0.999155011,0.946583598,0.89848236,0.855279965,0.817357817,0.785025569,0.758438634,0.737855536,0.723148542,0.714382139,0.711379658,0.714017137,0.722018133,0.735120689,0.753024321,0.775289277,0.801452633,0.830917026,0.86293459,0.89669561,0.93121656,0.965454406,0.998230295,1.028445217,1.055029065,1.076752082,1.09269814,1.101952185,1.103790751,1.097626172,1.083222093,1.060257865,1.028849824,0.989221258,0.94172861,0.886880006,0.82526507,0.757569961,0.684491578,0.606825787,0.525313069,0.441022435,0.354648396,0.267160617,0.179461761,0.092399499,0.00675849,-0.076809811,-0.157797989,-0.235866084,-0.310884266,-0.382921599,-0.452233416,-0.519243108,-0.584506671,-0.64868012,-0.712494933,-0.776645046,-0.841802267,-0.908548928,-0.977366879,-1.048621756,-1.12254341,-1.199154707,-1.278526825,-1.360500355,-1.444933077,-1.531586297,-1.620209728,-1.710544719,-1.802307244,-1.89515024,-1.988668953,-2.082435699,-2.175909237,-2.268545517,-2.359771376,-2.448972356,-2.53557923,-2.619032324,-2.698824202,-2.774467674,-2.845552485,-2.911669088
1,-14.34330823,-14.35775826,-14.37187946,-14.38516605,-14.39731823,-14.40831779,-14.41835348,-14.42798662,-14.43801646,-14.44944712,-14.4634788,-14.48126591,-14.50384603,-14.53212112,-14.56658681,-14.60721096,-14.6536896,-14.70485272,-14.75940258,-14.81527047,-14.87021163,-14.92166893,-14.96706441,-15.00399881,-15.03032897,-15.04430434,-15.04512771,-15.03202794,-15.00582744,-14.96689371,-14.91692386,-14.85793092,-14.79176929,-14.72056181,-14.64626363,-14.57058654,-14.49468835,-14.41943751,-14.3451548,-14.27161266,-14.19836337,-14.1244142,-14.04871604,-13.97017992,-13.88765717,-13.800224,-13.70724085,-13.60839324,-13.50389229,-13.39418559,-13.28034633,-13.16376792,-13.04611024,-12.92913225,-12.81459707,-12.70417125,-12.59915793,-12.50061356,-12.40907884,-12.32470548,-12.24743277,-12.17661562,-12.11144378,-12.05115404,-11.99481083,-11.94162946,-11.89078967,-11.84192682,-11.79463196,-11.74891035,-11.70492342,-11.66299754,-11.62363351,-11.58747765,-11.55522078,-11.52796235,-11.50600444,-11.49057599,-11.48230314,-11.48178167,-11.48936075,-11.50524694,-11.52924242,-11.56091146,-11.59940661,-11.64381642,-11.6926647,-11.74445194,-11.79750099,-11.85019742,-11.90093707,-11.94825717,-11.99097453,-12.02822457,-12.05942998,-12.08445472,-12.10351845,-12.11708127,-12.12602762,-12.13137686,-12.13430259
1,2.262244638,2.25992039,2.255901074,2.250126717,2.242573619,2.233210313,2.222036703,2.20906654,2.194299893,2.177793947,2.159592659,2.139776723,2.118418326,2.095617908,2.07151252,2.046193737,2.019816666,1.992541845,1.9644886,1.93584233,1.906756736,1.877402713,1.847953775,1.818550808,1.789373843,1.760576944,1.732292579,1.70469171,1.67788137,1.652005849,1.627146673,1.603415083,1.5809023,1.559667746,1.539782188,1.521260237,1.504131698,1.488421935,1.474108336,1.461177494,1.449592136,1.439280461,1.430234831,1.422269289,1.415388942,1.409439676,1.404319885,1.399904814,1.396068144,1.392683641,1.389614909,1.386728832,1.3838971,1.381005614,1.377935539,1.374577253,1.370826571,1.366608439,1.361849278,1.356484467,1.350476571,1.343760659,1.336368256,1.328296392,1.319506761,1.310058842,1.299958814,1.289276837,1.278061345,1.26635902,1.254219085,1.241782072,1.229004412,1.216055835,1.20298508,1.189869278,1.176788731,1.163821774,1.151054423,1.138571503,1.126430047,1.114710793,1.103487903,1.092823959,1.082809724,1.073475968,1.064893797,1.057143044,1.050300284,1.04430955,1.039279541,1.03527654,1.032304293,1.030388775,1.029546226,1.029777858,1.031205718,1.033550191,1.037087825,1.041686204,1.047306417
1,-1.605291445,-1.621344889,-1.639702312,-1.660883152,-1.68521739,-1.712897463,-1.743691938,-1.777354106,-1.81330726,-1.85089065,-1.889340876,-1.927942367,-1.966105101,-2.003300876,-2.039338693,-2.074115848,-2.107851924,-2.14086416,-2.17359428,-2.206532374,-2.240157627,-2.274918259,-2.311197948,-2.349316477,-2.389614273,-2.432271024,-2.477727021,-2.526327781,-2.578617261,-2.635199265,-2.696761262,-2.763984843,-2.837465308,-2.917894368,-3.005645681,-3.101009851,-3.203958694,-3.314183811,-3.43106725,-3.55362811,-3.680628997,-3.81053457,-3.941697088,-4.072363614,-4.200814511,-4.325407108,-4.444671777,-4.557585136,-4.663188935,-4.761057455,-4.851068266,-4.93343098,-5.008687338,-5.077643596,-5.141269694,-5.20064401,-5.256709564,-5.310547118,-5.363101183,-5.415420565,-5.468578508,-5.523693123,-5.581823858,-5.643925106,-5.710832574,-5.783151347,-5.86122696,-5.94513824,-6.03453331,-6.128583099,-6.22606006,-6.325257247,-6.424246965,-6.521063222,-6.613905176,-6.701437457,-6.782804372,-6.857813082,-6.926834796,-6.990786989,-7.050911124,-7.108565857,-7.165019982,-7.221258426,-7.277851457,-7.334904654,-7.392153556,-7.449091441,-7.505098162,-7.559618085,-7.61206011,-7.662052017,-7.70927068,-7.753399191,-7.794082078,-7.830978984,-7.863701634,-7.892016922,-7.915652203,-7.934483392,-7.94839582
1,0.400891944,0.282670387,0.15785353,0.027179638,-0.108448556,-0.247974826,-0.390241489,-0.533856367,-0.677365375,-0.819188593,-0.957833348,-1.091692954,-1.21932594,-1.339345473,-1.450623458,-1.55223738,-1.643472947,-1.723990794,-1.79369829,-1.852781753,-1.901748105,-1.941394968,-1.9725051,-1.996290533,-2.013807147,-2.026377999,-2.03531046,-2.041846,-2.047066872,-2.052010817,-2.057594922,-2.06440298,-2.07296677,-2.083600677,-2.096495644,-2.111641879,-2.12907359,-2.148658819,-2.170197686,-2.193531923,-2.218399633,-2.244649373,-2.272104105,-2.300489742,-2.329733232,-2.359705135,-2.390260328,-2.421320019,-2.452727721,-2.484366237,-2.516155785,-2.547933138,-2.579583051,-2.611024143,-2.64210835,-2.672794887,-2.702961627,-2.732559512,-2.761511998,-2.789797935,-2.817389082,-2.844258168,-2.870448854,-2.895982588,-2.920919046,-2.945349085,-2.969379759,-2.993198401,-3.016906318,-3.04060825,-3.064423742,-3.088279555,-3.112180321,-3.135825668,-3.159044239,-3.181479706,-3.202664382,-3.222171455,-3.239515239,-3.254135129,-3.265512937,-3.273184647,-3.276675099,-3.275549259,-3.269524307,-3.25831821,-3.241781156,-3.219899384,-3.192758653,-3.160547068,-3.123541924,-3.082210395,-3.036974256,-2.988423291,-2.93718827,-2.883945632,-2.829388001,-2.77412612,-2.718941364,-2.664342626,-2.6108973
1,-2.054565548,-2.093309677,-2.135484872,-2.18047151,-2.227707879,-2.276437046,-2.326307841,-2.376730632,-2.427515592,-2.47842739,-2.529603965,-2.581186333,-2.633534603,-2.68711278,-2.742474775,-2.800054541,-2.86029754,-2.923331774,-2.989279581,-3.057960503,-3.128952907,-3.20183885,-3.276020756,-3.350839725,-3.425793989,-3.500337565,-3.573983548,-3.64635278,-3.717062856,-3.785778596,-3.852115824,-3.915753392,-3.976236365,-4.033140516,-4.085981946,-4.134435606,-4.178128637,-4.216958657,-4.25105205,-4.280827442,-4.307064022,-4.330651922,-4.353010721,-4.375382083,-4.399207818,-4.425749396,-4.456169799,-4.491278624,-4.531635014,-4.577575549,-4.629066968,-4.686007788,-4.747976369,-4.81466377,-4.885681797,-4.960569691,-5.039365726,-5.121844406,-5.208200109,-5.298212601,-5.392093173,-5.489669355,-5.590674688,-5.694623697,-5.800677963,-5.907645084,-6.014230625,-6.118799204,-6.219737777,-6.315448226,-6.404599558,-6.486159035,-6.559577459,-6.624634599,-6.681527212,-6.730727301,-6.772921673,-6.808808733,-6.839176478,-6.864697399,-6.885958453,-6.903367854,-6.917232785,-6.927657322,-6.934462543,-6.937615667,-6.936709244,-6.931535306,-6.921941471,-6.907861239,-6.889300105,-6.866379898,-6.83927673,-6.808098351,-6.773074166,-6.734335774,-6.69215938,-6.646701638,-6.598171177,-6.546674934,-6.492314252
1,0.490496005,0.504579248,0.516307761,0.525300388,0.531340932,0.534208816,0.533778212,0.529524157,0.521144363,0.507615322,0.48799816,0.460756351,0.423993827,0.375417406,0.312563814,0.232746831,0.133463796,0.012216231,-0.132763575,-0.302696765,-0.497285784,-0.716082975,-0.956864835,-1.216318747,-1.490396015,-1.774117384,-2.062327815,-2.349916589,-2.632029084,-2.90470477,-3.164713786,-3.409704505,-3.637992583,-3.848524253,-4.040970322,-4.215705419,-4.373987334,-4.517717749,-4.649394189,-4.772107519,-4.888769986,-5.002269638,-5.11516203,-5.229349464,-5.346263137,-5.466897765,-5.592048011,-5.722281508,-5.857947551,-5.998922844,-6.145058897,-6.295372106,-6.448503128,-6.602503471,-6.75513166,-6.903806555,-7.046057079,-7.179704563,-7.303108718,-7.415444089,-7.516281397,-7.606254791,-7.68623058,-7.757503451,-7.821538056,-7.880139584,-7.935116056,-7.988137595,-8.040197418,-8.092099975,-8.144181957,-8.196376061,-8.248279899,-8.299134812,-8.34774703,-8.392907526,-8.433131707,-8.467213479,-8.494305772,-8.513850773,-8.525972484,-8.53126833,-8.530797921,-8.525890381,-8.518210508,-8.509368115,-8.501206575,-8.495161831,-8.492727199,-8.494964179,-8.502821256,-8.516581132,-8.536428731,-8.561806343,-8.592070947,-8.626482503,-8.664303715,-8.704492142,-8.745970118,-8.787454959,-8.827541388
1,16.28538879,16.37619869,16.45662652,16.52369095,16.57399216,16.60499046,16.61344848,16.5974859,16.55497599,16.48520785,16.38811967,16.26437128,16.11556357,15.94407549,15.75257476,15.54503858,15.32478621,15.09599553,14.86274597,14.62902228,14.39859341,14.17479413,13.96041306,13.75762767,13.56798956,13.39238596,13.23106713,13.08371203,12.94943972,12.82701644,12.71493269,12.61103845,12.51374249,12.42110146,12.33160445,12.24407728,12.15757312,12.07148041,11.98525327,11.89834201,11.81015988,11.71995386,11.62671717,11.52932692,11.42634177,11.31622939,11.19776642,11.0698719,10.93183139,10.78358637,10.62596666,10.4605276,10.28941348,10.11499181,9.939409518,9.76446523,9.591345659,9.42037037,9.251657428,9.084839453,8.919408403,8.754564402,8.58947285,8.423314153,8.255156549,8.084170856,7.909615911,7.730576193,7.546245451,7.355620588,7.158287694,6.953267828,6.740733406,6.521238652,6.295424051,6.064445363,5.829778404,5.592920381,5.355063081,5.117013798,4.87870067,4.639602196,4.399048739,4.156592671,3.912475517,3.667967366,3.425431803,3.188223712,2.9603381,2.745087024,2.546357844,2.366783356,2.208532218,2.073007092,1.961128876,1.873210915,1.80997351,1.771007275,1.757570367,1.770214892,1.809429928
1,2.64254967,2.713193662,2.777656611,2.835703383,2.887081609,2.931264363,2.968263505,2.997395565,3.018378509,3.030642734,3.033983988,3.027958286,3.012313717,2.986716725,2.951255828,2.905573904,2.849777938,2.784285852,2.708585276,2.623672223,2.529419609,2.426382579,2.315052125,2.195935226,2.069622961,1.936744638,1.797942784,1.653916446,1.505335245,1.352916678,1.197311618,1.039158555,0.879055208,0.717533685,0.555108705,0.392174259,0.229100587,0.066191704,-0.096320454,-0.258255374,-0.419462742,-0.579892206,-0.739444897,-0.898041724,-1.055665061,-1.212257097,-1.367709698,-1.521917637,-1.67471589,-1.825923365,-1.975265004,-2.122497189,-2.267279671,-2.409252375,-2.548051495,-2.683231973,-2.814405179,-2.941160258,-3.063118143,-3.179853742,-3.291011478,-3.396286688,-3.495392283,-3.58809295,-3.674202359,-3.753603876,-3.826191588,-3.891872646,-3.950668861,-4.002586379,-4.047752786,-4.086235306,-4.118224504,-4.143650013,-4.163057217,-4.176531862,-4.18436611,-4.186626037,-4.184022704,-4.17658006,-4.164763919,-4.148915291,-4.129366464,-4.106546044,-4.081020365,-4.052929392,-4.022807105,-3.990993824,-3.957877927,-3.923840857,-3.8891225,-3.854121732,-3.819089182,-3.784249803,-3.749861039,-3.716098261,-3.683183097,-3.651258072,-3.620485656,-3.590972746,-3.562828925
1,-5.807743216,-5.771066164,-5.75682907,-5.767132051,-5.802290437,-5.859796897,-5.935111158,-6.024114726,-6.120700925,-6.219568107,-6.316132904,-6.409195082,-6.496005886,-6.578177078,-6.656982643,-6.735377182,-6.816472592,-6.903421565,-6.999230458,-7.106346513,-7.226705531,-7.361606752,-7.511356972,-7.675631722,-7.853200412,-8.04196095,-8.239846377,-8.444058309,-8.651830136,-8.86138257,-9.070772731,-9.278309338,-9.482800553,-9.682873521,-9.876832405,-10.06312887,-10.2398384,-10.40567735,-10.55920319,-10.70028922,-10.827667,-10.94117838,-11.03962741,-11.1219846,-11.18724219,-11.23409197,-11.26410657,-11.27800918,-11.27931416,-11.27232527,-11.26175279,-11.25154486,-11.24424625,-11.24039463,-11.23872156,-11.23620236,-11.22927778,-11.21433093,-11.18822065,-11.14887669,-11.09443599,-11.02410032,-10.93931343,-10.84004118,-10.72955972,-10.61124091,-10.48981973,-10.37080561,-10.25977035,-10.16206316,-10.08192849,-10.0219306,-9.983622015,-9.967044227,-9.971399091,-9.995345553,-10.03717813,-10.09501849,-10.16659245,-10.24865231,-10.33789901,-10.42968583,-10.51943567,-10.60275103,-10.67487864,-10.73172709,-10.76984707,-10.78609508,-10.77871492,-10.74552427,-10.68604768,-10.60012632,-10.48823403,-10.35172474,-10.19337507,-10.01672313,-9.825967245,-9.627130123,-9.425430814,-9.226581208,-9.035442001
1,-0.356084711,-0.303704419,-0.255531607,-0.211805004,-0.172716635,-0.13844541,-0.109165136,-0.084902716,-0.065801297,-0.051890628,-0.043012793,-0.039236204,-0.040476852,-0.046328825,-0.057044838,-0.072238872,-0.091714214,-0.115266882,-0.142669677,-0.173648975,-0.207971035,-0.245346122,-0.285466207,-0.328048935,-0.372785401,-0.41938473,-0.467579873,-0.517138721,-0.567812538,-0.61939021,-0.671675535,-0.724508501,-0.777760523,-0.831287448,-0.884982146,-0.938735058,-0.992475162,-1.046130089,-1.09956834,-1.152742504,-1.205591607,-1.257970391,-1.309806464,-1.36099497,-1.411447749,-1.461050865,-1.50971307,-1.557354409,-1.603881037,-1.64925436,-1.693432038,-1.736384155,-1.778158542,-1.818782911,-1.858360176,-1.896996423,-1.934862289,-1.972078633,-2.008953805,-2.045615692,-2.082272291,-2.119173601,-2.156454001,-2.194396026,-2.233153543,-2.272821144,-2.313584866,-2.355560408,-2.398848463,-2.44353025,-2.489658889,-2.537290988,-2.58642722,-2.637072749,-2.689185213,-2.742614976,-2.79741213,-2.853394764,-2.910432109,-2.968376217,-3.027056537,-3.086290358,-3.145876916,-3.20558854,-3.26518613,-3.32439424,-3.382980432,-3.440655856,-3.497118892,-3.552112169,-3.605334624,-3.656485203,-3.705295146,-3.75144049,-3.794694743,-3.834767779,-3.871471206,-3.904481098,-3.933736895,-3.95898488,-3.980138347
1,3.558367404,3.265754423,2.930001781,2.57223361,2.245699814,2.009497142,1.887675762,1.844961797,1.804645551,1.693433689,1.476052199,1.161259993,0.788397897,0.394164686,-0.006356854,-0.407789314,-0.794980315,-1.129856511,-1.354274367,-1.417569163,-1.311541603,-1.087143963,-0.839947482,-0.665755259,-0.623097553,-0.717907241,-0.911948877,-1.151044078,-1.382481892,-1.55965856,-1.651939167,-1.658273191,-1.618250826,-1.598129497,-1.647982969,-1.766437588,-1.90977758,-2.030771709,-2.102022287,-2.111418927,-2.056431039,-1.952640033,-1.843515564,-1.782770594,-1.794987906,-1.86626461,-1.976475619,-2.114764355,-2.270751697,-2.420768871,-2.5218313,-2.522279908,-2.388573201,-2.130117405,-1.798051404,-1.471510824,-1.224750466,-1.072258143,-0.96142011,-0.831171328,-0.667725217,-0.51548683,-0.438730586,-0.470303911,-0.580133216,-0.68762969,-0.721524754,-0.671032837,-0.583309038,-0.518962596,-0.500970907,-0.505458303,-0.496199067,-0.458003215,-0.403106965,-0.350910961,-0.310774105,-0.282453521,-0.255312776,-0.210699433,-0.1423066,-0.059637118,0.030889964,0.130621497,0.237215926,0.340059423,0.434748873,0.528721429,0.628464387,0.739846313,0.878410687,1.069605673,1.330607569,1.642143532,1.945820793,2.189794469,2.375692354,2.547030722,2.735411217,2.943465686,3.151117809
1,0.406194097,0.357409036,0.313590571,0.274770673,0.240919958,0.21189181,0.187524466,0.167586002,0.1518346,0.139931377,0.131627993,0.126626459,0.124602924,0.125430335,0.12879729,0.134585018,0.142669636,0.152984256,0.16552727,0.180410504,0.197721216,0.217680141,0.240488749,0.266476372,0.295921146,0.329172759,0.36658137,0.40843135,0.455065516,0.506767114,0.563778032,0.626298255,0.694514478,0.768504577,0.848390896,0.934123576,1.025745648,1.123139432,1.226206104,1.334835133,1.448800831,1.567873348,1.691816229,1.820255018,1.952936205,2.089402931,2.229287646,2.372133704,2.517479577,2.664916182,2.813900473,2.963992378,3.114732737,3.265618827,3.416243225,3.566135973,3.714968033,3.862359555,4.008005779,4.151671794,4.29311706,4.432180965,4.568693456,4.702632548,4.833816456,4.962252338,5.087813972,5.210510904,5.330193089,5.446910579,5.560491333,5.670899669,5.778022682,5.881766723,5.982071691,6.078824929,6.171970234,6.261428745,6.347241612,6.429314269,6.50767047,6.582376286,6.653512694,6.72111357,6.785357025,6.846325694,6.904187478,6.95907526,7.01110754,7.060482728,7.107254579,7.151512711,7.193344623,7.232768816,7.269738445,7.304291561,7.336324081,7.365737219,7.392428765,7.416314908,7.437272439
