0,3.289007895,3.256021554,3.227363883,3.205273191,3.191615823,3.188236625,3.19710959,3.219175749,3.255590857,3.307752602,3.376201832,3.461588178,3.563572452,3.682859718,3.818745427,3.971194703,4.139268894,4.322169817,4.518826824,4.727883353,4.947647441,5.176167137,5.411257907,5.650369149,5.890632284,6.128964854,6.362182921,6.587049998,6.800320675,6.998829798,7.179735877,7.340533272,7.479163404,7.593664161,7.68274297,7.74579556,7.783091221,7.793360832,7.778675465,7.738389942,7.673768664,7.586582041,7.477834482,7.34844955,7.200480761,7.035168319,6.854091239,6.658919707,6.451195834,6.232503813,6.004391956,5.768367351,5.525880352,5.278199545,5.026491068,4.77175254,4.514843716,4.256499584,3.997299586,3.737652538,3.47788206,3.218138036,2.958490976,2.698826672,2.438984237,2.178729046,1.91777289,1.655732489,1.392347834,1.127326683,0.860550713,0.592028428,0.321841247,0.050284888,-0.222145071,-0.494881808,-0.76707893,-1.037743438,-1.305815959,-1.570057851,-1.8291816,-2.081825358,-2.326705403,-2.562509934,-2.788036658,-3.002236172,-3.204179534,-3.393143471,-3.568563361,-3.730122468,-3.87763469,-4.011280739,-4.131214726,-4.2378086,-4.331966507,-4.414315379,-4.48557327,-4.546768595,-4.599540723,-4.644133607,-4.682189903
0,9.988613232,10.04401817,10.1189395,10.21287409,10.32562696,10.45476222,10.59747664,10.75016135,10.9085888,11.06823221,11.22465952,11.37372386,11.51177059,11.63585255,11.74383903,11.83432407,11.90709075,11.9621159,12.00049286,12.02368998,12.03359209,12.03240381,12.02233503,12.00554626,11.98399553,11.95940339,11.93314041,11.90605876,11.87886752,11.85136892,11.82318002,11.79335823,11.76053278,11.7230178,11.67905407,11.62656281,11.56375282,11.48888348,11.40055479,11.29767423,11.17975693,11.04658279,10.89836276,10.73562442,10.55921467,10.37018291,10.16971763,9.959079013,9.739696667,9.513066944,9.280807243,9.04460017,8.806222146,8.567552199,8.330470532,8.096975067,7.869022298,7.648670649,7.437952871,7.238816988,7.053022569,6.882009845,6.726921268,6.588393808,6.466659111,6.361409004,6.271630548,6.196596513,6.135078429,6.085238188,6.046850808,6.017369839,5.996802277,5.984399267,5.978737859,5.979447266,5.986009492,5.997708271,6.01382477,6.033559302,6.055869829,6.079997438,6.104921138,6.129703787,6.153575199,6.175967286,6.197003257,6.216300668,6.233868974,6.25035718,6.266176225,6.281385354,6.29632389,6.31089619,6.325071693,6.338817656,6.351845835,6.363968537,6.375236217,6.38564294,6.395189054
0,8.235824238,8.249908855,8.26390047,8.277726931,8.290943328,8.304037265,8.316031886,8.327027071,8.336705861,8.345024506,8.351757537,8.356830161,8.360268266,8.362182523,8.36274661,8.362245164,8.361016574,8.359461082,8.358107911,8.357545446,8.358704957,8.361545914,8.367444296,8.376703227,8.390033954,8.408030087,8.431158573,8.459716122,8.493785438,8.533936933,8.578965215,8.62948411,8.684627378,8.743705444,8.805841327,8.869921448,8.93474589,8.998998626,9.061354754,9.120524891,9.175173272,9.22381871,9.26580071,9.299129609,9.324705942,9.340321909,9.346255843,9.342109206,9.32839566,9.304412983,9.271411287,9.229077079,9.178195719,9.119337942,9.053090321,8.979826796,8.900312798,8.814869625,8.723685361,8.62692745,8.524633272,8.41660647,8.302822307,8.182809615,8.056167884,7.922458785,7.781318205,7.63248465,7.475813713,7.311345923,7.139272894,6.960060246,6.774522027,6.583324164,6.388842978,6.191567812,5.993719258,5.797297534,5.604201831,5.416483383,5.236174867,5.065146064,4.905082883,4.757309822,4.622780801,4.502889468,4.396647183,4.305219701,4.228137028,4.164289837,4.113054435,4.073144045,4.043190412,4.021689448,4.006833718,3.997112225,3.990670823,3.986211171,3.982037695,3.976295178,3.968575672
0,3.787444924,3.788467864,3.795107514,3.807749705,3.825787474,3.84914399,3.877626348,3.910394469,3.946641052,3.985416563,4.025724731,4.066640337,4.106449688,4.145746414,4.18269729,4.21689169,4.248077527,4.275944476,4.300360258,4.321615426,4.339645272,4.354801177,4.367138625,4.376822748,4.384085966,4.388303504,4.388606965,4.384438664,4.374309726,4.356545956,4.329218721,4.289805752,4.236857817,4.16744036,4.080433021,3.974367766,3.848198645,3.701459694,3.534729912,3.34896816,3.145657821,2.926827909,2.694889914,2.452548877,2.202704467,1.948315026,1.692384647,1.437711994,1.186972195,0.942565015,0.706576103,0.480738917,0.266445548,0.064765581,-0.123577406,-0.298129118,-0.458697634,-0.60524547,-0.737940689,-0.856973838,-0.962750402,-1.055582931,-1.135953398,-1.20440706,-1.26143144,-1.307632194,-1.34364685,-1.370306015,-1.387909584,-1.39788737,-1.400597988,-1.397229574,-1.388488998,-1.375728407,-1.359749367,-1.341691149,-1.322664856,-1.303528955,-1.285632879,-1.269996149,-1.257723332,-1.249886526,-1.247450507,-1.251336566,-1.262241964,-1.28042739,-1.306474607,-1.340166211,-1.381304855,-1.429471164,-1.484019673,-1.544343679,-1.609635509,-1.67882469,-1.751151273,-1.825737672,-1.901323213,-1.977037811,-2.051815374,-2.124644186,-2.194579557
0,13.77185169,13.77038791,13.7978636,13.87729204,13.99096154,14.11121147,14.21763143,14.30287359,14.36070578,14.39014898,14.41568974,14.46292559,14.52858735,14.59477282,14.66289304,14.7336311,14.81526152,14.92696892,15.0792705,15.26565258,15.45952624,15.63729207,15.79762339,15.95473869,16.10664065,16.23280881,16.31779413,16.39261351,16.46418383,16.49817444,16.46943122,16.42066051,16.38008188,16.35545354,16.33386684,16.31545093,16.30100454,16.27322712,16.21595689,16.12031532,15.99217397,15.82928218,15.62593251,15.37761062,15.09139949,14.77681455,14.43664449,14.07338436,13.69207705,13.2927532,12.8786632,12.4554186,12.01676242,11.55118912,11.0510541,10.5249577,10.00248046,9.494115109,8.992882539,8.494325206,7.988869271,7.478640364,6.975781319,6.491684033,6.032828243,5.589041594,5.142495339,4.696819598,4.271259206,3.884143283,3.553163645,3.278341092,3.03418667,2.785258133,2.512033428,2.232065992,1.966718904,1.718936683,1.490849997,1.290112317,1.10704761,0.923096426,0.732082582,0.542654875,0.366758442,0.214507457,0.099881354,0.030730474,-0.037317614,-0.139635606,-0.275809448,-0.417964531,-0.550089397,-0.666283547,-0.755897633,-0.80583266,-0.841170997,-0.841111931,-0.779863277,-0.652030562,-0.488756172
0,3.186225778,3.152108317,3.144576291,3.165599658,3.216254469,3.298956914,3.407579311,3.544264049,3.704256998,3.883250826,4.076738623,4.278656065,4.483009619,4.683719093,4.874628934,5.050117806,5.203903514,5.334625989,5.438830172,5.513158498,5.559597597,5.577596913,5.57112828,5.543283895,5.497135161,5.439633182,5.374907436,5.307266393,5.242307354,5.184427632,5.134641389,5.097442488,5.073999226,5.065526284,5.071331518,5.093814703,5.131870311,5.185327067,5.253795975,5.33600289,5.431656407,5.539057612,5.656199323,5.780834036,5.910573514,6.041922383,6.171363784,6.294896367,6.408444302,6.50771969,6.590191561,6.651471055,6.687795588,6.700191962,6.685015869,6.642937591,6.5733404,6.48220886,6.367103191,6.232642357,6.081910743,5.918394669,5.745819506,5.56797762,5.388658947,5.211921899,5.040714219,4.878247159,4.72778653,4.591578873,4.472189668,4.370833581,4.289862642,4.230701172,4.191155572,4.174602993,4.17925069,4.204156233,4.247603248,4.307365867,4.380481935,4.464525506,4.552886697,4.644273332,4.732289349,4.812487105,4.880354217,4.932842946,4.964706828,4.974984468,4.961305505,4.924524797,4.865133248,4.788341076,4.69554725,4.593136634,4.486491359,4.380991081,4.280947143,4.192916506,4.11870906
0,7.312418051,7.309507154,7.306983404,7.307151989,7.309982251,7.316897308,7.328728733,7.346644932,7.370241351,7.400713868,7.438021049,7.482148781,7.532970829,7.590267651,7.653668212,7.722698751,7.796790557,7.87515157,7.95764953,8.042452438,8.129764029,8.218390152,8.307446377,8.39594006,8.482826482,8.567043264,8.647268262,8.722742802,8.791635324,8.853594992,8.9071895,8.950392742,8.982886273,9.003519898,9.011374955,9.005656622,8.985774194,8.951345013,8.902098043,8.837907045,8.758690351,8.664062792,8.555026665,8.430880181,8.291511698,8.137782365,7.969442978,7.786817114,7.590185287,7.379927317,7.156532353,6.920593392,6.672707358,6.413447017,6.143485971,5.863436366,5.573919133,5.275602848,4.969218446,4.655506085,4.335302961,4.009571074,3.679366343,3.345876352,3.010336139,2.674079464,2.33845817,2.004759857,1.674276034,1.348194019,1.027614651,0.713502362,0.406738484,0.108133191,-0.181563455,-0.461670616,-0.731552001,-0.990539433,-1.238005217,-1.473284163,-1.6957471,-1.904627513,-2.099914629,-2.280700525,-2.446825998,-2.598303761,-2.73468555,-2.856453124,-2.963892385,-3.05745885,-3.137767269,-3.205517863,-3.261569995,-3.306399295,-3.341992805,-3.367965985,-3.385720093,-3.39612889,-3.399572333,-3.396867946,-3.38853259
0,4.955462064,4.998206305,5.030704479,5.055636243,5.075780921,5.092806344,5.109763995,5.12724552,5.146511837,5.168128422,5.192435849,5.219585252,5.250185015,5.284334857,5.322780813,5.366319416,5.415892778,5.472489159,5.536982952,5.61005246,5.69202114,5.782761263,5.881611511,5.987438557,6.097839271,6.211158281,6.324169474,6.433734283,6.53639822,6.628660769,6.707014891,6.768588089,6.810123184,6.829456105,6.824780101,6.794738669,6.738693161,6.65781542,6.550822418,6.421865218,6.271627978,6.103845049,5.922310448,5.73131876,5.535520306,5.339797571,5.148558807,4.96623585,4.796586189,4.641803277,4.504211857,4.384634121,4.283061764,4.198625279,4.129764887,4.07462712,4.031317678,3.995944679,3.968040103,3.945536302,3.928011334,3.914181452,3.903796734,3.896279921,3.891396078,3.88829382,3.885626803,3.881876696,3.875294995,3.864064916,3.846734161,3.822304558,3.790252574,3.75080884,3.704860022,3.653874023,3.599746449,3.544531239,3.490648138,3.440107876,3.394718876,3.355881512,3.324442427,3.30068388,3.284215728,3.274262552,3.269422308,3.268353171,3.26916953,3.270037705,3.268929059,3.264578436,3.255268808,3.239955418,3.218110135,3.189209247,3.153682736,3.112221547,3.065876904,3.015943548,2.963703319
0,2.758789874,2.681061997,2.605421609,2.53301974,2.468125832,2.412791826,2.369954805,2.343256606,2.33409663,2.344980766,2.376866707,2.429709664,2.503064729,2.593164871,2.698509917,2.814227218,2.935255179,3.05632584,3.171915628,3.277224259,3.366504068,3.436190024,3.483290241,3.504957539,3.501740549,3.472630628,3.419895396,3.34561846,3.253047799,3.147597952,3.032265976,2.913573644,2.79471624,2.680643259,2.574814903,2.480893432,2.400281821,2.334994526,2.285778568,2.252815014,2.235758878,2.2338618,2.246121035,2.271385672,2.308581363,2.356496734,2.414224254,2.480808089,2.555330104,2.636867676,2.724353047,2.815998638,2.91011944,3.004165655,3.095305824,3.1801576,3.255001906,3.316541861,3.361376541,3.386118564,3.388645907,3.366920233,3.320238346,3.248072481,3.152277778,3.034402026,2.897106725,2.743963867,2.579418312,2.407679978,2.233583703,2.061982946,1.897369815,1.743706082,1.605369506,1.484776081,1.384494585,1.305874507,1.249196991,1.214729634,1.201415778,1.207236227,1.2309873,1.269441177,1.321765621,1.385265908,1.45810313,1.53851159,1.625009286,1.71599624,1.809862637,1.905498552,2.001501422,2.096610151,2.189586588,2.279286668,2.364773874,2.445231206,2.520093607,2.588882145,2.651609152
0,-1.273436834,-1.268401663,-1.269678286,-1.276585072,-1.288320495,-1.303961257,-1.322621102,-1.343276876,-1.364714478,-1.386299914,-1.406884026,-1.425364281,-1.440897408,-1.452473892,-1.459148489,-1.459980093,-1.454097156,-1.440702404,-1.419057955,-1.388435711,-1.348985567,-1.299531237,-1.240693814,-1.172782804,-1.095942563,-1.011216688,-0.919715221,-0.822770144,-0.72192265,-0.61880826,-0.515149725,-0.412588498,-0.312893816,-0.217306323,-0.127175907,-0.043594847,0.032721256,0.101156946,0.16141328,0.213819884,0.258178563,0.294635993,0.324345528,0.347146407,0.363844992,0.374751467,0.380706987,0.381789723,0.37829704,0.370811019,0.359254602,0.34381355,0.324571633,0.301586182,0.275031735,0.244908763,0.211614175,0.1751936,0.136166776,0.095002211,0.051781372,0.007597234,-0.037165192,-0.08143715,-0.125184458,-0.167456258,-0.207678596,-0.245254534,-0.279842043,-0.310938951,-0.33823243,-0.361415875,-0.380179325,-0.394266749,-0.403372115,-0.407171304,-0.405311788,-0.397419918,-0.383073632,-0.361843938,-0.333366252,-0.297187022,-0.253053474,-0.201266799,-0.141473343,-0.073880326,0.00088796,0.082195486,0.16914046,0.260695243,0.355682232,0.452735297,0.55077748,0.648627311,0.745305654,0.839970582,0.931842756,1.02057535,1.106299477,1.188342191,1.267015509
0,9.357374038,9.354493939,9.350310898,9.345153473,9.339944244,9.335616086,9.333138599,9.333764562,9.337678124,9.346234889,9.359612098,9.377444718,9.400356037,9.427684328,9.458892171,9.493557161,9.53067783,9.569483847,9.609479672,9.650159946,9.691230075,9.732982444,9.77569832,9.82023135,9.86761004,9.919043853,9.975533777,10.03825607,10.1079657,10.18495641,10.26909565,10.35964277,10.45551197,10.55514909,10.65626762,10.7565796,10.85344519,10.9444363,11.02760547,11.10081989,11.16323331,11.21411791,11.25368174,11.2829549,11.3032266,11.31627527,11.32403976,11.32832305,11.3307293,11.33227354,11.33355732,11.33435089,11.33369066,11.33027862,11.32212385,11.30709417,11.28293419,11.24755764,11.19942259,11.13760154,11.062099,10.9734652,10.87356785,10.76519978,10.65166598,10.53687939,10.42479089,10.31980859,10.22556365,10.14545987,10.08212284,10.03749608,10.01303664,10.00814141,10.02344437,10.05777748,10.10968917,10.17736787,10.25871772,10.35183028,10.45420032,10.56391652,10.67881253,10.79727137,10.91766303,11.03863276,11.1589648,11.27779795,11.39421738,11.50758869,11.61725911,11.72270418,11.82344927,11.91905933,12.009187,12.0935356,12.17190045,12.24422926,12.31049552,12.37088435,12.42556566
0,-6.508563378,-6.480686971,-6.464157526,-6.460326651,-6.470006168,-6.493758917,-6.52799703,-6.57198882,-6.622238819,-6.674239873,-6.72397454,-6.767383813,-6.799414807,-6.816710186,-6.81408874,-6.788656145,-6.737362685,-6.657379625,-6.547163558,-6.403099543,-6.228171543,-6.020151016,-5.780920849,-5.51270381,-5.21870867,-4.903453903,-4.572339825,-4.231546125,-3.887848123,-3.548169783,-3.220248578,-2.911058551,-2.62431167,-2.367040401,-2.140915884,-1.946901472,-1.784581671,-1.652225062,-1.544276081,-1.458150536,-1.387426613,-1.326338308,-1.270143193,-1.21355678,-1.152758445,-1.084462585,-1.006685116,-0.918530679,-0.820149292,-0.713011496,-0.598168358,-0.478545745,-0.356415182,-0.235690807,-0.118690148,-0.008456421,0.092719763,0.182715875,0.259280304,0.320920358,0.366548343,0.395370001,0.406583616,0.399980503,0.375362918,0.333295433,0.274544736,0.200409143,0.113778762,0.015587295,-0.091011194,-0.203062733,-0.317990196,-0.432679131,-0.54459385,-0.651428178,-0.751279179,-0.842733967,-0.924825279,-0.997296546,-1.060125425,-1.113475392,-1.158775929,-1.196263146,-1.226864918,-1.25113806,-1.269431657,-1.281932242,-1.28805128,-1.288997866,-1.283266084,-1.271283232,-1.253296164,-1.229242088,-1.199803465,-1.16582365,-1.128230327,-1.088586229,-1.048356381,-1.008625978,-0.970799602
0,10.91286958,11.0044107,11.10639158,11.21662699,11.33128258,11.44870038,11.56579292,11.68084992,11.79293097,11.90181775,12.00757282,12.11433176,12.22109837,12.33110258,12.44646346,12.56885549,12.69937686,12.83858094,12.9863527,13.14135514,13.30210931,13.46630969,13.63090982,13.7925142,13.94732023,14.09128402,14.2204999,14.33106317,14.42107651,14.4864413,14.52685443,14.54172995,14.53484266,14.50309024,14.45111846,14.38152252,14.2971952,14.20125767,14.09558165,13.98429845,13.8677163,13.74777561,13.62548654,13.50082286,13.37433858,13.24522858,13.11302726,12.97711599,12.83672472,12.69118353,12.53987791,12.38234226,12.21829109,12.04764864,11.87045289,11.68695289,11.49752105,11.30255569,11.10254072,10.89787855,10.6890368,10.47643763,10.26044884,10.04135923,9.819413801,9.594891964,9.368040205,9.139180268,8.908794153,8.677435782,8.445765026,8.214581414,7.984831135,7.757634133,7.534134124,7.315631379,7.103496563,6.89935544,6.702971224,6.517195948,6.342266126,6.179139142,6.028612827,5.891423822,5.768028073,5.658660965,5.563334332,5.481948958,5.414068385,5.359067694,5.315822375,5.283460436,5.260819059,5.246602188,5.23924171,5.23709355,5.238702361,5.242455463,5.24650597,5.249504604,5.249699369
0,3.973468406,3.995153783,4.029495422,4.077431897,4.139238442,4.213172585,4.299850721,4.398422651,4.508517197,4.629582356,4.760873839,4.901490581,5.05040409,5.206781782,5.369321327,5.536680164,5.707866206,5.88165936,6.056952502,6.233025741,6.409067584,6.584334468,6.758312686,6.930476226,7.100302229,7.267132951,7.430251513,7.589004644,7.742276054,7.888798195,8.027605967,8.157568161,8.276397373,8.383738292,8.477721254,8.555890202,8.617575196,8.663165192,8.685635976,8.694830765,8.678437367,8.641673434,8.583921597,8.503364619,8.401020292,8.276605079,8.130706105,7.965072864,7.779742018,7.576420212,7.356795904,7.123375882,6.877209319,6.622485626,6.359652989,6.091797501,5.821818591,5.551341431,5.282583997,5.01763197,4.757831744,4.5045461,4.259064876,4.022129412,3.794199655,3.575838609,3.367093838,3.167678049,2.977539341,2.796250578,2.622580423,2.456461702,2.296362369,2.141948539,1.992242898,1.846350822,1.70352215,1.563467724,1.425041841,1.289378406,1.155151542,1.023256207,0.894078967,0.768392277,0.646818726,0.530972551,0.421935438,0.3205228,0.228339771,0.14671517,0.07634486,0.017284604,-0.028745174,-0.062958936,-0.085292187,-0.095704633,-0.096865513,-0.089040611,-0.073733631,-0.054744305,-0.03151959
0,4.87263524,4.857172381,4.853274168,4.861844162,4.882798267,4.919693209,4.968621013,5.033934671,5.112689376,5.20679283,5.314663886,5.435301866,5.56780945,5.710869915,5.862567211,6.021189962,6.18497444,6.35176901,6.519679473,6.686840028,6.851339944,7.011531537,7.165924536,7.312919109,7.451267526,7.580040172,7.698501084,7.805916746,7.901591789,7.983849218,8.055486749,8.112810843,8.156735018,8.187852258,8.204420502,8.206006155,8.19253396,8.162233535,8.115912722,8.052019188,7.969714818,7.869417998,7.749723485,7.61147972,7.453764921,7.277964899,7.084345638,6.873189498,6.6459,6.403685538,6.148297697,5.880826835,5.603192755,5.316891041,5.024127691,4.726961474,4.42684655,4.125656933,3.82580516,3.528589475,3.235285852,2.947607455,2.666589218,2.393016236,2.127891995,1.871580927,1.624452782,1.387253466,1.159976842,0.942593393,0.735423324,0.538779546,0.352733519,0.177474978,0.01320125,-0.139788015,-0.279312108,-0.408226094,-0.522425259,-0.622720798,-0.707407,-0.775441404,-0.826909379,-0.858667682,-0.873375289,-0.866576405,-0.839387427,-0.791099577,-0.723916773,-0.635134177,-0.528788596,-0.405120263,-0.267113034,-0.117501317,0.040225293,0.201687142,0.362604303,0.51820176,0.663238757,0.792447813,0.903940275
0,-6.716920119,-6.70705185,-6.681385923,-6.640623752,-6.585887855,-6.518177618,-6.439752729,-6.352812209,-6.259698951,-6.162854906,-6.06456347,-5.966912874,-5.871669887,-5.780267594,-5.693784964,-5.612958649,-5.538000765,-5.469180409,-5.406254907,-5.349033628,-5.297221786,-5.250557733,-5.208822655,-5.171892471,-5.139686798,-5.112136036,-5.08972194,-5.071527661,-5.058524774,-5.050446327,-5.047189506,-5.048822131,-5.055178098,-5.065972047,-5.080828522,-5.099264563,-5.120287513,-5.143399944,-5.167496841,-5.191531044,-5.214464949,-5.235083569,-5.252527349,-5.265832619,-5.274275638,-5.27697364,-5.273964597,-5.264380581,-5.248698938,-5.226653778,-5.198584092,-5.164357076,-5.125332078,-5.080918671,-5.032044514,-4.979146239,-4.92282277,-4.863672867,-4.802102869,-4.738931116,-4.674299806,-4.608655981,-4.542184649,-4.47496149,-4.406980567,-4.338237586,-4.268071643,-4.196817912,-4.123827027,-4.048914472,-3.971417072,-3.890976764,-3.807470778,-3.720174369,-3.628606936,-3.532916772,-3.432782556,-3.328217851,-3.219677781,-3.107325157,-2.992057972,-2.874855172,-2.756923325,-2.639656893,-2.524903196,-2.414209934,-2.309294573,-2.211725145,-2.122915136,-2.04393505,-1.97551083,-1.91802584,-1.871043835,-1.834031306,-1.806569008,-1.786756337,-1.773550756,-1.765447308,-1.760986183,-1.75873307,-1.757729942
0,-5.126851691,-5.092847677,-5.074698982,-5.071240128,-5.08257927,-5.106800766,-5.142009138,-5.185946962,-5.236098908,-5.289853859,-5.344578684,-5.397838856,-5.447364958,-5.491213551,-5.527776419,-5.555891384,-5.574534999,-5.583623779,-5.582611609,-5.5717479,-5.552036642,-5.523483697,-5.48731066,-5.445042332,-5.397910568,-5.347464671,-5.295406522,-5.243274079,-5.192564116,-5.144541614,-5.100064157,-5.059955366,-5.024565886,-4.993810832,-4.967624074,-4.945447469,-4.92671841,-4.910735631,-4.896835687,-4.884168411,-4.872039166,-4.859626919,-4.846248783,-4.830991914,-4.813240033,-4.792319022,-4.767675568,-4.738945919,-4.70610472,-4.669412028,-4.629459191,-4.586971183,-4.543507712,-4.500615935,-4.45943524,-4.422291209,-4.390751775,-4.36633482,-4.350511093,-4.344252698,-4.348444918,-4.363405064,-4.389247911,-4.425563562,-4.47205691,-4.527721552,-4.591538379,-4.662332589,-4.738835621,-4.819868401,-4.90415266,-4.99048366,-5.07781665,-5.165102113,-5.251490508,-5.336260332,-5.418744486,-5.498410821,-5.574837107,-5.64758256,-5.716160058,-5.780076369,-5.838762979,-5.891567474,-5.938119778,-5.977692078,-6.009888881,-6.034370319,-6.051301029,-6.060641154,-6.0629946,-6.059121288,-6.050241165,-6.037683111,-6.023230579,-6.008609213,-5.995763162,-5.986581111,-5.982554614,-5.98475358,-5.993647297
0,-6.725632334,-6.668696715,-6.604081439,-6.531985594,-6.452818387,-6.366716242,-6.27495437,-6.177685262,-6.075380887,-5.96892036,-5.858765793,-5.745110504,-5.628295771,-5.508002834,-5.383822136,-5.25535818,-5.1219045,-4.982940484,-4.838150013,-4.687595325,-4.531760666,-4.371711539,-4.209061763,-4.045847638,-3.884493545,-3.727975155,-3.578135238,-3.438049039,-3.30955294,-3.194186491,-3.092759289,-3.005393427,-2.931400316,-2.869443665,-2.817636348,-2.773564642,-2.734153943,-2.696865716,-2.658913039,-2.616636908,-2.568799025,-2.513054587,-2.448412754,-2.373936782,-2.290782288,-2.198955638,-2.100321941,-1.996845121,-1.891001602,-1.785580729,-1.683308031,-1.587110314,-1.499790542,-1.424186751,-1.362145311,-1.316107815,-1.286777614,-1.276550502,-1.283358877,-1.309430578,-1.352702861,-1.412469068,-1.486355111,-1.573110389,-1.670439266,-1.7768362,-1.889226989,-2.007247947,-2.12897156,-2.253503776,-2.380196738,-2.508656935,-2.638610143,-2.76988498,-2.902110014,-3.035024738,-3.168026903,-3.300123882,-3.4303296,-3.557267684,-3.679345531,-3.794749042,-3.901539774,-3.997767414,-4.081624935,-4.151491383,-4.206098368,-4.244337232,-4.26567622,-4.270049507,-4.258228769,-4.230589044,-4.187829218,-4.132494239,-4.066263344,-3.990740894,-3.908639189,-3.82239636,-3.734546902,-3.647525628,-3.563533509
0,7.799012416,7.791101476,7.788841297,7.794058447,7.805979255,7.827019947,7.857460609,7.900625619,7.958241721,8.031524617,8.121700904,8.232036777,8.360948318,8.511353835,8.681797336,8.87205057,9.080936114,9.306295734,9.546102544,9.797740937,10.05778459,10.32346553,10.59150939,10.85818643,11.12080185,11.37663038,11.6223934,11.85625563,12.07655611,12.28090155,12.46818171,12.6372479,12.78627231,12.91704098,13.02514202,13.11218513,13.17483372,13.21693612,13.23463765,13.22755013,13.19773188,13.14366614,13.06642967,12.96734835,12.84683313,12.70577421,12.54804125,12.37560056,12.18957453,11.99251114,11.78836991,11.57813891,11.36502403,11.14988487,10.93465695,10.72012704,10.50701758,10.29528155,10.08478048,9.87504598,9.664949908,9.453603541,9.23991882,9.022597349,8.800594894,8.572918111,8.338949172,8.098489836,7.851567494,7.598854634,7.341342062,7.080591775,6.818582972,6.557240447,6.299386361,6.047588065,5.804266166,5.572481968,5.354732668,5.153132731,4.969836978,4.806962824,4.665471733,4.545831169,4.45076471,4.376813763,4.325708166,4.29738995,4.287747151,4.299504478,4.326755931,4.369425841,4.423897001,4.487769505,4.557414722,4.629219835,4.700363266,4.768136732,4.829531184,4.88163367,4.926257084
0,5.3612468,5.507387651,5.66586937,5.838468887,6.024369731,6.223840574,6.43624952,6.660443795,6.894791627,7.13720502,7.38510308,7.635631667,7.885667411,8.132406571,8.372215329,8.60294078,8.820961829,9.024124928,9.210280927,9.377737593,9.525103299,9.65087768,9.755641458,9.837682594,9.898021074,9.936952781,9.955608073,9.954002877,9.933703901,9.895945986,9.841553253,9.7723782,9.689397706,9.593479592,9.485779869,9.367121617,9.237470967,9.099097689,8.951304028,8.7948453,8.630280843,8.458114635,8.27886038,8.09299397,7.901140242,7.704019359,7.502252994,7.296598356,7.088084085,6.876694393,6.664871538,6.452186163,6.240741682,6.030366707,5.82240424,5.617590741,5.416681052,5.220467213,5.029696625,4.844827579,4.666323958,4.494223096,4.329317213,4.171368592,4.020344411,3.876044763,3.738202171,3.606508283,3.480500042,3.359713591,3.243810723,3.132643837,3.025146705,2.921883235,2.82266396,2.727605898,2.636695316,2.550419082,2.468863235,2.392460432,2.320974165,2.254421964,2.193257882,2.136607689,2.084327543,2.035907881,1.990818323,1.94856714,1.908507936,1.870102448,1.832404364,1.795758219,1.758862799,1.721486336,1.683720978,1.644797998,1.604821206,1.563560531,1.520979648,1.477024784,1.431616888
1,-10.45849454,-10.50185476,-10.53736895,-10.57152283,-10.6049807,-10.64332959,-10.68521594,-10.72980152,-10.77390542,-10.81293703,-10.84195206,-10.85601939,-10.85014934,-10.82400901,-10.77733741,-10.71221517,-10.63193765,-10.54295936,-10.45091764,-10.36641122,-10.28558113,-10.22195828,-10.17481983,-10.14628213,-10.13675987,-10.14550583,-10.17064926,-10.21054967,-10.26069256,-10.3209084,-10.39034831,-10.46647113,-10.5534283,-10.65117629,-10.76166832,-10.88610131,-11.02482826,-11.17632396,-11.33828348,-11.5071916,-11.67887513,-11.84889214,-12.01402189,-12.1711786,-12.31925196,-12.45747225,-12.58545799,-12.70270831,-12.80825022,-12.9006389,-12.97834886,-13.04030673,-13.08640558,-13.11776363,-13.13649185,-13.14565191,-13.14878708,-13.14881421,-13.14924433,-13.15129164,-13.15891636,-13.17126484,-13.19147698,-13.21943416,-13.25576415,-13.29959471,-13.35397775,-13.41269324,-13.47703889,-13.54279766,-13.60615827,-13.66292429,-13.70921325,-13.74185026,-13.75882205,-13.75790272,-13.74084304,-13.70667072,-13.65701657,-13.59198251,-13.51353262,-13.42293952,-13.32159974,-13.21072398,-13.09318636,-12.96883454,-12.84009405,-12.70778694,-12.57367211,-12.43734767,-12.30016731,-12.16299241,-12.02592166,-11.88958302,-11.75479372,-11.62311761,-11.4973658,-11.38169738,-11.28366779,-11.20635932,-11.15806423
1,-31.20036258,-31.17426851,-31.1641064,-31.16511674,-31.17163826,-31.17784527,-31.17811206,-31.16704129,-31.13964804,-31.0921897,-31.02328764,-30.9333437,-30.82766156,-30.71099586,-30.59188362,-30.47868929,-30.3791819,-30.29914559,-30.24069625,-30.20135511,-30.17614334,-30.15692249,-30.13586577,-30.10872586,-30.07585191,-30.04221268,-30.0159206,-30.00473575,-30.01393067,-30.04584784,-30.09913704,-30.17094361,-30.25560073,-30.34493053,-30.42932907,-30.49799931,-30.54490512,-30.56626645,-30.56359286,-30.54217174,-30.50959064,-30.47636603,-30.45397643,-30.45210659,-30.47653047,-30.52818517,-30.6044927,-30.70177608,-30.81559093,-30.94329851,-31.08083892,-31.2247824,-31.37078334,-31.51401635,-31.64848543,-31.76770182,-31.86564838,-31.93659151,-31.98112054,-31.99799755,-31.99246001,-31.97122627,-31.94226039,-31.91281347,-31.88895466,-31.87282595,-31.86433489,-31.85998751,-31.85448253,-31.8416349,-31.8159273,-31.77256735,-31.70935423,-31.62736347,-31.53015013,-31.42142586,-31.30458249,-31.18151719,-31.05322306,-30.92139996,-30.78813777,-30.65631429,-30.52827839,-30.40609354,-30.29106141,-30.18391869,-30.08605402,-29.99800265,-29.92117588,-29.85665811,-29.80457478,-29.76412137,-29.7326691,-29.70661461,-29.68076474,-29.6504938,-29.61094881,-29.55887638,-29.49268489,-29.41193106,-29.31756365
1,17.7675344,17.65089791,17.56325623,17.51015867,17.49887061,17.53118877,17.60910265,17.73216931,17.90004199,18.11008011,18.35765067,18.63847866,18.9465086,19.27480194,19.61572644,19.96123883,20.30334564,20.63448674,20.947933,21.2380262,21.50046068,21.73242362,21.9324087,22.09977882,22.23496249,22.34042744,22.41586467,22.46371165,22.48496783,22.48170549,22.4548154,22.40447359,22.33197478,22.23856708,22.1240589,21.98985899,21.83703671,21.66684677,21.48077876,21.28042821,21.06729356,20.8428295,20.60830339,20.36475602,20.11293166,19.85321883,19.58559829,19.30957408,19.02410378,18.72766354,18.41834295,18.09395573,17.75223021,17.39118006,17.00927589,16.6056384,16.18024187,15.73402365,15.26886052,14.78750724,14.29358748,13.79135945,13.28555781,12.7811475,12.2830256,11.79579355,11.32353639,10.86973535,10.43920559,10.03102495,9.651099656,9.300109677,8.980678041,8.694746718,8.443162753,8.229559874,8.055281354,7.922198389,7.833561558,7.787453991,7.790111715,7.840380856,7.938379052,8.086051545,8.281057793,8.521987502,8.806168686,9.124091787,9.471950832,9.838907861,10.21395652,10.58486533,10.9388787,11.26319185,11.54831033,11.78391973,11.96619681,12.09353253,12.17207793,12.20736675,12.20996993
1,5.085172322,5.157807817,5.270569602,5.416372958,5.586263323,5.774810469,5.977230417,6.189291756,6.401372087,6.598741912,6.763379368,6.883104764,6.95658928,6.994828432,7.016225494,7.039633853,7.075595998,7.127778877,7.191651125,7.257523016,7.318094399,7.368076108,7.407099755,7.439066775,7.468717886,7.497962687,7.52587695,7.545263712,7.546954232,7.521446136,7.464515152,7.373380411,7.251940464,7.101856467,6.92335283,6.712780003,6.464314213,6.174878232,5.845497832,5.48567636,5.111723589,4.744086911,4.402107444,4.098505581,3.836144058,3.606496623,3.391435097,3.172992767,2.935430325,2.675321337,2.401317413,2.130872141,1.885134444,1.682924627,1.534172794,1.441341892,1.397929241,1.393679893,1.419945261,1.471446348,1.550821708,1.663393019,1.816629787,2.013362824,2.250324242,2.518480016,2.801836393,3.083109632,3.346179236,3.579220236,3.77884676,3.944900297,4.084269463,4.201699594,4.304475549,4.398941933,4.488192556,4.568925088,4.634372904,4.679038279,4.69955958,4.697271446,4.671977974,4.620330331,4.537162818,4.421164057,4.276317344,4.113540293,3.94533462,3.784035124,3.641247611,3.522705676,3.429612097,3.359296111,3.305852265,3.26398715,3.230525331,3.204631552,3.187107842,3.179105017,3.180124614
1,7.645879148,7.456013876,7.225851946,6.961150279,6.667519236,6.350609845,6.016231593,5.669854566,5.315917729,4.957309778,4.595054719,4.228867144,3.858186331,3.483164397,3.105575709,2.728231586,2.354874587,1.989282516,1.634553918,1.292878219,0.964362532,0.648304582,0.341832104,0.043718763,-0.247690905,-0.532647095,-0.810611498,-1.08122263,-1.343879518,-1.598610227,-1.845406734,-2.084599563,-2.31605588,-2.538668004,-2.750143078,-2.947133112,-3.126115184,-3.284162609,-3.418601785,-3.528015632,-3.612583397,-3.675226065,-3.719936118,-3.75336389,-3.782724148,-3.815997752,-3.859020556,-3.916019502,-3.988982409,-4.077067573,-4.178087271,-4.288422972,-4.40405262,-4.52142699,-4.636549658,-4.746124215,-4.84746891,-4.93835745,-5.018901532,-5.090941514,-5.158212755,-5.225886059,-5.29938482,-5.383533952,-5.481875308,-5.595460985,-5.723307826,-5.862091733,-6.007548222,-6.155685793,-6.303256716,-6.448629731,-6.590632939,-6.729302667,-6.86370157,-6.991878027,-7.110966886,-7.217728789,-7.307741308,-7.376559575,-7.421474842,-7.437597807,-7.423627157,-7.380067216,-7.30737067,-7.208314667,-7.085426535,-6.94160072,-6.780574788,-6.604799566,-6.416179155,-6.214897627,-5.998852669,-5.764185574,-5.506569352,-5.222971728,-4.913580299,-4.580669008,-4.229751269,-3.869299535,-3.512395733
1,12.9458352,12.8959061,12.8937694,12.930668,12.99135468,13.0632244,13.13679344,13.20604352,13.26733973,13.31595066,13.3552299,13.38596367,13.4082684,13.42416068,13.43630113,13.44201972,13.43998873,13.42638267,13.39695154,13.34708873,13.27403817,13.17678684,13.05245509,12.90330531,12.73134563,12.53973585,12.33226033,12.11542112,11.89436773,11.67605897,11.46726983,11.27435083,11.10481259,10.9611176,10.8482083,10.7677551,10.71618691,10.68891021,10.67811577,10.67421867,10.66672778,10.64429494,10.59446732,10.51000525,10.37875348,10.20031601,9.970453798,9.691605622,9.37067687,9.016654213,8.641107891,8.256920884,7.876931563,7.512626943,7.172821036,6.862758476,6.58370938,6.335366571,6.110708513,5.905935088,5.716088447,5.536103012,5.361847739,5.190352862,5.019572797,4.846595157,4.6719717,4.493267677,4.308542419,4.116185843,3.913283737,3.697451863,3.468301446,3.224292761,2.967575037,2.701769195,2.43179185,2.162274825,1.900434701,1.649764774,1.411930495,1.184633373,0.967235658,0.746545456,0.515628658,0.260460816,-0.030632911,-0.366114239,-0.748273137,-1.172395181,-1.621771576,-2.076086684,-2.510886544,-2.905153722,-3.246972675,-3.53934361,-3.791403211,-4.020582863,-4.244141702,-4.475422189,-4.720507418
1,12.76614532,12.31252477,11.85243017,11.38689613,10.92105708,10.45174715,9.983451897,9.520407586,9.068076812,8.635199341,8.227709971,7.848306107,7.495259595,7.163533774,6.849802245,6.560164875,6.268342465,6.002319233,5.779637314,5.606761583,5.504526582,5.472998251,5.520327099,5.644701219,5.830645981,6.068447941,6.342886868,6.651673988,6.963944631,7.285804557,7.602824933,7.907191035,8.192094263,8.453107026,8.682275262,8.879872633,9.049953183,9.186854982,9.302520861,9.384837451,9.453591005,9.496081163,9.514180781,9.512498615,9.489881964,9.446227535,9.379592475,9.287871976,9.171320857,9.02842502,8.867466861,8.687769833,8.505213552,8.324578796,8.153157553,7.994093828,7.847544958,7.708616772,7.567867554,7.416741797,7.243563462,7.041535951,6.808031024,6.550407422,6.278745138,6.005030402,5.750686107,5.529805647,5.352966314,5.219186143,5.13151162,5.079843332,5.054398265,5.042006668,5.030860131,5.005024994,4.959030673,4.879922339,4.762849167,4.6031265,4.403296117,4.167437766,3.909224218,3.639205474,3.374251716,3.122925636,2.896284867,2.701834509,2.547831118,2.442220313,2.385221998,2.381873191,2.421727497,2.490201003,2.571034572,2.646028443,2.70659724,2.741158641,2.748784971,2.731274127,2.686376118
1,21.17264378,21.13966062,21.06010264,20.93899901,20.78653931,20.61052855,20.42575049,20.24563859,20.08366194,19.94811089,19.84793878,19.78039884,19.7475451,19.73600674,19.73242339,19.72294734,19.69325681,19.6307797,19.52790815,19.38053977,19.18384645,18.93388613,18.62508711,18.25146306,17.8087804,17.29083,16.70966504,16.06825454,15.38343177,14.67366608,13.95897111,13.25894458,12.59092823,11.9684177,11.40002877,10.88918613,10.43459753,10.03101649,9.670432368,9.343283115,9.039729389,8.751040214,8.471001339,8.196574799,7.926620635,7.666180388,7.421799811,7.202592448,7.017569073,6.876743616,6.787732951,6.754009163,6.779629661,6.860686053,6.995665501,7.178479488,7.401724696,7.656271192,7.932010359,8.218582811,8.506162664,8.785735314,9.049363546,9.290344406,9.501984352,9.680996077,9.821575345,9.922555296,9.98462624,10.01163619,10.01087482,9.994248288,9.974678866,9.959496063,9.952670493,9.950625175,9.942010453,9.917818794,9.864057725,9.778374845,9.652758088,9.490806888,9.300226528,9.085357262,8.858481228,8.628003091,8.406046501,8.200688795,8.018939635,7.864083002,7.734438482,7.625239009,7.528167972,7.436064697,7.342650228,7.240892438,7.134930074,7.019157855,6.898121422,6.77765682,6.654031242
1,0.537849774,0.250365202,-0.06606371,-0.409575351,-0.778151977,-1.168912536,-1.577878822,-1.99989102,-2.428888265,-2.859377143,-3.286927885,-3.707449692,-4.116699792,-4.512243836,-4.890463316,-5.247272027,-5.578712222,-5.880504891,-6.149484794,-6.382802961,-6.579444741,-6.740727803,-6.867398585,-6.964624295,-7.03748197,-7.093488009,-7.139675123,-7.183349534,-7.230115548,-7.284956378,-7.349301185,-7.423533226,-7.50576375,-7.592913513,-7.681302117,-7.767147911,-7.846793715,-7.916730655,-7.974895509,-8.02009275,-8.05237967,-8.071854965,-8.079538869,-8.075123973,-8.059241135,-8.031331609,-7.991099858,-7.938482635,-7.873690169,-7.797503347,-7.711241596,-7.616156879,-7.513643427,-7.405133722,-7.292597677,-7.178329246,-7.062736332,-6.945830571,-6.825060502,-6.698678509,-6.563406968,-6.419086921,-6.2676856,-6.113441981,-5.963114119,-5.824464052,-5.703258523,-5.605910702,-5.535539413,-5.493984156,-5.48021624,-5.491769695,-5.524899103,-5.574202824,-5.634812521,-5.701675579,-5.770636997,-5.838453797,-5.901783538,-5.955986012,-5.997364262,-6.020739918,-6.022259613,-6.000318592,-5.954173128,-5.885622,-5.797154013,-5.690542888,-5.569782673,-5.432381091,-5.279865348,-5.112164773,-4.933120947,-4.749578071,-4.570143851,-4.404234904,-4.259795466,-4.142321339,-4.051320885,-3.985904801,-3.940235694
1,18.85568481,18.80677254,18.73411662,18.63540202,18.50912538,18.35554825,18.17502693,17.97006138,17.744231,17.50213287,17.2490468,16.99027903,16.73094557,16.47566087,16.2279188,15.9901501,15.7635013,15.547794,15.34181809,15.14333584,14.949569,14.75744413,14.56406783,14.36698147,14.16430586,13.95505007,13.73882506,13.51566494,13.28575051,13.04949207,12.80749142,12.56066903,12.31084032,12.05839438,11.8065247,11.5570869,11.31250019,11.0749368,10.84661447,10.62949578,10.42551314,10.23651793,10.064034,9.90929354,9.772187121,9.652508537,9.549553172,9.461467563,9.38436231,9.314809884,9.247681561,9.177574473,9.098348684,9.004086713,8.889855461,8.752198446,8.589076125,8.400339311,8.187827419,7.953747029,7.701713251,7.436020147,7.160956925,6.880316492,6.597972312,6.316017943,6.035986087,5.758263555,5.482676045,5.208103047,4.932645082,4.656713794,4.380008896,4.103115465,3.827407558,3.555159465,3.289557398,3.034624495,2.794657535,2.574040084,2.37577825,2.203033977,2.056561424,1.93556538,1.837966121,1.761812848,1.702814474,1.657298418,1.621545152,1.592245736,1.566779934,1.544946136,1.523063082,1.503003792,1.484839313,1.46890823,1.456265397,1.447262325,1.44211123,1.440542063,1.442857403
1,4.285963234,4.311385631,4.541806222,4.952796431,5.502844934,6.11954476,6.742717279,7.339721336,7.904603199,8.447537423,8.979177453,9.512304206,10.04184035,10.56057627,11.0514196,11.49895998,11.89552421,12.25018548,12.58059712,12.90583997,13.23244999,13.56126159,13.89166698,14.22438926,14.56620699,14.92431997,15.30610084,15.72123836,16.17449872,16.66670285,17.19247518,17.74081821,18.29409951,18.83303427,19.33195729,19.77405021,20.14493319,20.43883897,20.65681734,20.8136961,20.92280629,21.00051537,21.05822219,21.09964481,21.11767063,21.10130952,21.03386281,20.90498522,20.70108919,20.41472302,20.03504897,19.54929199,18.95640739,18.25538517,17.46898106,16.63074389,15.78828408,14.99302837,14.28536304,13.68121203,13.19491825,12.79634713,12.45013917,12.11531795,11.76937784,11.41698579,11.09399283,10.84620464,10.72232543,10.74929741,10.88292339,11.03089117,11.10117164,11.06632127,10.95203041,10.82532785,10.75311116,10.78394998,10.93030067,11.1792661,11.49877967,11.84413083,12.17971975,12.48655615,12.74652183,12.95121259,13.09940017,13.20494911,13.27910942,13.3262517,13.33546002,13.29242701,13.18498364,13.02368948,12.8362781,12.67250955,12.57042171,12.55365144,12.62174443,12.76350252,12.94627882
1,13.19878859,13.08481488,12.88021535,12.56984924,12.15194133,11.63619629,11.04813144,10.421121,9.7875466,9.178439898,8.613451445,8.098796425,7.627172666,7.181993353,6.747057755,6.309255246,5.866006029,5.416557398,4.962733746,4.508107718,4.064849412,3.655321674,3.295365325,3.001736902,2.771639876,2.591268367,2.436055029,2.285493334,2.1202088,1.925099998,1.697920719,1.443588621,1.173150932,0.900484263,0.638667416,0.397302565,0.176785014,-0.030430589,-0.23623317,-0.452669779,-0.689672412,-0.95454065,-1.252023217,-1.575080603,-1.919590233,-2.268464962,-2.605182897,-2.91444397,-3.183741033,-3.405086468,-3.58183811,-3.723085181,-3.842115982,-3.953153016,-4.069134475,-4.198726988,-4.344180933,-4.500151272,-4.652976686,-4.78491954,-4.878163135,-4.918363649,-4.897436512,-4.819724303,-4.700878388,-4.563408227,-4.431134967,-4.316605256,-4.222394003,-4.138403601,-4.053081592,-3.954199224,-3.836981686,-3.697359872,-3.539299435,-3.375902142,-3.214710686,-3.06883923,-2.945519818,-2.850503661,-2.778130158,-2.725831603,-2.685125913,-2.646954056,-2.604447873,-2.555797794,-2.502182705,-2.44682183,-2.394180076,-2.346128502,-2.309094835,-2.286519694,-2.274536797,-2.264628487,-2.244645091,-2.204593599,-2.139176914,-2.050655916,-1.946891836,-1.839500856,-1.730459092
1,-8.914004108,-9.015594652,-9.08850971,-9.088158065,-9.005634187,-8.865168793,-8.713196256,-8.590868751,-8.522480101,-8.512304962,-8.551870858,-8.627621497,-8.72763888,-8.840448677,-8.961716356,-9.080608972,-9.18857369,-9.275014184,-9.324588874,-9.326916302,-9.266839681,-9.148045145,-8.974466473,-8.775358134,-8.565723094,-8.359176176,-8.141222879,-7.890551499,-7.586808983,-7.207242623,-6.745164955,-6.209353358,-5.6227061,-5.015331024,-4.414126671,-3.847850531,-3.339801355,-2.902781185,-2.531190132,-2.202887703,-1.893725061,-1.586708862,-1.278789864,-0.984132713,-0.726238576,-0.517561697,-0.342103106,-0.152457551,0.103121562,0.449373095,0.875561357,1.350223453,1.850809253,2.377373192,2.93627818,3.532080184,4.17105665,4.863936692,5.616310281,6.418092546,7.232466113,7.994326007,8.638437639,9.118326698,9.453892568,9.693926066,9.913175682,10.15649707,10.41814882,10.67203489,10.91838682,11.17902795,11.45027064,11.6931023,11.87210727,11.97663748,12.04400577,12.10565502,12.19547991,12.33459475,12.51203303,12.69720685,12.84376886,12.9081229,12.87409618,12.73495531,12.49608121,12.17306189,11.80534623,11.44900938,11.17146615,11.01831156,11.00750166,11.12374663,11.31906197,11.5386962,11.73507968,11.88178585,11.96927479,12.00742863,12.00919309
1,-5.812170533,-5.793984661,-5.802622252,-5.812560545,-5.807599635,-5.776367225,-5.722431512,-5.665793494,-5.639938228,-5.677538768,-5.793128002,-5.964782002,-6.108498634,-6.120797192,-5.979102682,-5.786086152,-5.670872319,-5.670933487,-5.735719114,-5.812614093,-5.888051191,-5.953279509,-5.985174747,-5.980690125,-5.953664539,-5.903037574,-5.790153454,-5.563372543,-5.267834648,-5.030438935,-4.892188826,-4.827205166,-4.815649303,-4.828732634,-4.843200765,-4.882517264,-4.982630231,-5.133081129,-5.282517973,-5.394611779,-5.489952061,-5.6263453,-5.835669936,-6.092088994,-6.356539582,-6.627995469,-6.921903879,-7.218886032,-7.475248834,-7.671649995,-7.812937475,-7.905884141,-7.955537878,-7.977386668,-7.984078735,-7.967872434,-7.926228202,-7.855928772,-7.716318398,-7.428010229,-6.946301815,-6.376860539,-5.892362381,-5.561235418,-5.330957713,-5.091316364,-4.754544075,-4.309492339,-3.806632265,-3.299935812,-2.848108065,-2.524335334,-2.37710415,-2.37203461,-2.377942807,-2.230540006,-1.84927403,-1.316256981,-0.814219311,-0.483168884,-0.313710275,-0.186669793,-0.007025795,0.216738711,0.434296724,0.639394616,0.894508253,1.207404406,1.444839147,1.564500823,1.665253745,1.790768004,1.883228061,1.883173655,1.808856801,1.747518202,1.771122599,1.872299494,2.008679235,2.156412881,2.309021524
1,8.158166997,8.191033531,8.231120876,8.28336253,8.354167892,8.449575653,8.576328051,8.739553357,8.945723435,9.198561416,9.501408413,9.85082488,10.2342081,10.63688705,11.04240566,11.44297902,11.84049498,12.23922808,12.64567985,13.06510653,13.50213461,13.95837204,14.43117276,14.9083694,15.37149781,15.80015974,16.18082669,16.50670571,16.77929374,17.00406991,17.18863954,17.34555929,17.48433214,17.61590911,17.74842498,17.88563036,18.0272985,18.17034535,18.30897446,18.43498729,18.53958498,18.61562434,18.65986266,18.66918766,18.64677597,18.59916679,18.53871421,18.48082186,18.43792974,18.41612555,18.41475095,18.4314289,18.46671656,18.52373527,18.60560685,18.71749982,18.86226199,19.03749412,19.23880037,19.45251813,19.6600979,19.84507915,19.99864957,20.12041413,20.21798636,20.30114512,20.38214274,20.47165048,20.57602809,20.69084063,20.80769214,20.91769422,21.01137487,21.08434484,21.13027046,21.13784336,21.10298058,21.01297898,20.86456162,20.66118316,20.41745234,20.15209089,19.88913968,19.64584302,19.43186714,19.25004678,19.09578368,18.95461714,18.80312278,18.61730753,18.37796934,18.0766641,17.71887739,17.31777,16.8903831,16.45826194,16.04743428,15.68574875,15.40188837,15.21912006,15.15652335
1,6.063444072,6.10269949,6.187814644,6.310129423,6.463207788,6.63796533,6.823981796,7.011491689,7.193722461,7.365824679,7.525150016,7.672703194,7.803478508,7.91554557,8.002068663,8.06015838,8.085240652,8.077905975,8.038438321,7.968829966,7.872215399,7.751685872,7.612926519,7.459094386,7.295227998,7.12694948,6.961006838,6.803094747,6.660419871,6.540826811,6.4530038,6.400007919,6.383863529,6.405593554,6.454395907,6.528405118,6.620964856,6.7265096,6.84649377,6.99027136,7.17510102,7.436635998,7.81321236,8.346867466,9.061174059,9.920833677,10.77631201,11.34765658,11.49952231,11.32861992,11.1100704,10.98531004,10.99160174,11.11987859,11.33719131,11.62019168,11.92844541,12.22892547,12.48115838,12.65608766,12.73461798,12.70539756,12.57584629,12.33150274,11.98873924,11.56420463,11.07930662,10.56145196,10.03878584,9.538666679,9.084519703,8.694782032,8.37798147,8.138585321,7.970154271,7.861564784,7.800317889,7.774902501,7.776143127,7.798949156,7.84012518,7.898866751,7.975082067,8.064340852,8.167335464,8.285748079,8.41995332,8.575487141,8.749089792,8.94000188,9.143925673,9.355416264,9.567467198,9.773107299,9.966417278,10.1429757,10.29909964,10.43341696,10.54867284,10.64629561,10.7327566
1,12.14763455,12.43823501,12.71623287,12.96353859,13.15986674,13.28794458,13.33766218,13.30350332,13.18892336,13.00257036,12.75451,12.45536197,12.11343249,11.73453389,11.32328535,10.88464824,10.42562239,9.955121269,9.485311389,9.027187801,8.593041439,8.194104006,7.840099956,7.538533752,7.287995954,7.086214422,6.919436775,6.772384482,6.628147453,6.472595743,6.29600737,6.093897795,5.869222432,5.628095379,5.38134705,5.140515329,4.916199982,4.715201887,4.541741803,4.396632758,4.278256841,4.184270926,4.112274263,4.060067821,4.025119179,4.004559963,3.994972225,3.992681643,3.994561612,3.998889888,4.00572035,4.016580501,4.033706516,4.058663756,4.091455894,4.129970904,4.170788336,4.210397225,4.246578791,4.279344895,4.310874533,4.344916959,4.385349376,4.436182539,4.499811901,4.577628064,4.669888227,4.776524587,4.898159776,5.036572101,5.194905152,5.377480376,5.588466376,5.834212946,6.118033321,6.446596063,6.82462293,7.256661772,7.746182013,8.295090608,8.903524542,9.569717045,10.28993357,11.05900819,11.87109949,12.72001298,13.59876541,14.49836422,15.40790469,16.31495836,17.20693745,18.07373166,18.90491988,19.69365669,20.43427347,21.12060953,21.74238378,22.28562859,22.73767029,23.08985942,23.34107587
1,-5.576498136,-5.522944358,-5.424641818,-5.300648286,-5.161463125,-5.019655598,-4.882319817,-4.754378562,-4.639391588,-4.539683244,-4.457379613,-4.394442221,-4.3515548,-4.330890639,-4.333760432,-4.354528893,-4.397022312,-4.457291895,-4.533352433,-4.621945144,-4.721019044,-4.827548751,-4.939041084,-5.053174316,-5.167880668,-5.281362641,-5.392132155,-5.498987459,-5.601036942,-5.697270814,-5.787634555,-5.870725372,-5.946274344,-6.013187964,-6.071835514,-6.121592737,-6.162427398,-6.194738158,-6.219406719,-6.237449714,-6.249503246,-6.256924431,-6.25975186,-6.258787864,-6.253629678,-6.243567506,-6.227679059,-6.203887772,-6.173103382,-6.132274226,-6.081952763,-6.022355054,-5.954180266,-5.8803063,-5.802344194,-5.723642406,-5.647455338,-5.576998026,-5.515124034,-5.464220146,-5.426033677,-5.401077778,-5.387891225,-5.387442534,-5.397156205,-5.414959399,-5.438502367,-5.465326194,-5.493059111,-5.519830257,-5.544288943,-5.566503835,-5.584929975,-5.600340729,-5.613622394,-5.625237451,-5.636276289,-5.646572903,-5.65579315,-5.662526599,-5.664412778,-5.658309911,-5.640751541,-5.607389516,-5.556677515,-5.486303705,-5.397746651,-5.292321541,-5.174779571,-5.050561533,-4.925371019,-4.804372627,-4.69147257,-4.589089926,-4.497396913,-4.416265925,-4.345090238,-4.283372286,-4.232654341,-4.194562141,-4.173286634
1,10.31683845,10.2351619,10.11784708,9.964027169,9.779307697,9.576377329,9.375595106,9.200486528,9.072667601,9.004739065,8.99349317,9.020380516,9.057853536,9.077949687,9.062329563,9.005651506,8.916731316,8.812559066,8.71129351,8.627526855,8.570041583,8.541368038,8.536326299,8.546285374,8.560431595,8.563301162,8.543086285,8.488336832,8.390047718,8.243772701,8.052792447,7.830341095,7.603271344,7.410776384,7.298337429,7.304597488,7.444058016,7.709143307,8.055110968,8.42419942,8.751814832,8.981678974,9.078464756,9.027251567,8.832061275,8.506144992,8.071204498,7.545138334,6.946829711,6.294271466,5.603214124,4.89450364,4.188052167,3.51015992,2.886637759,2.337141549,1.876675013,1.507330189,1.221413741,1.003061389,0.834341958,0.694157993,0.570474244,0.454026047,0.342225294,0.238226615,0.150443963,0.091517698,0.076382493,0.12011258,0.235310979,0.42829421,0.704121358,1.060261647,1.488983001,1.978452937,2.513113946,3.073963237,3.640966565,4.196849784,4.728990926,5.232334538,5.708412708,6.164880048,6.613528932,7.068883455,7.545923778,8.057922813,8.613327509,9.213594022,9.851900154,10.51443866,11.18196494,11.83393661,12.45108637,13.01825086,13.5252072,13.96742692,14.34503502,14.66135944,14.92210613
1,-7.360205521,-7.618010769,-7.96223227,-8.370784398,-8.803121677,-9.20591272,-9.521908352,-9.700410283,-9.705960804,-9.527455766,-9.18343285,-8.707941826,-8.146683607,-7.545921677,-6.948376694,-6.39440972,-5.92451619,-5.572484829,-5.353020699,-5.256759413,-5.251254762,-5.289699122,-5.327818434,-5.33266889,-5.296127926,-5.234631152,-5.193057722,-5.224434791,-5.375919059,-5.669462644,-6.104665098,-6.656600057,-7.275691984,-7.896908644,-8.458283133,-8.909143679,-9.220470247,-9.381601022,-9.431239512,-9.446893779,-9.523592291,-9.739396761,-10.13125635,-10.69631573,-11.3974674,-12.17672094,-12.9651046,-13.6883993,-14.276211,-14.67686291,-14.86407835,-14.84358757,-14.6520946,-14.34973616,-14.00628676,-13.68123426,-13.41608019,-13.23283894,-13.14821949,-13.16790244,-13.29321336,-13.50958724,-13.7899928,-14.09742046,-14.39863005,-14.65981017,-14.86682511,-15.01276148,-15.10837207,-15.17897334,-15.25687134,-15.36960514,-15.53170863,-15.74505573,-15.99932351,-16.28039714,-16.57339147,-16.86432727,-17.14309422,-17.40230883,-17.63664208,-17.8428813,-18.01932659,-18.16618583,-18.28794983,-18.39133825,-18.48518191,-18.57707463,-18.67292229,-18.77538419,-18.88586519,-19.00517105,-19.13463015,-19.27306179,-19.41547236,-19.55091284,-19.66590252,-19.74599314,-19.78008019,-19.76681363,-19.70722304
1,7.820792729,7.909060974,8.101887582,8.381476102,8.722304415,9.100336998,9.492655836,9.881189686,10.25172184,10.59289871,10.89628631,11.15516532,11.36677634,11.52925315,11.6438337,11.71392828,11.74492863,11.74413074,11.72068021,11.68105102,11.63191925,11.58119364,11.53234077,11.48864048,11.45152389,11.42252631,11.39875191,11.38085167,11.36711739,11.35715387,11.35093177,11.34938548,11.35412795,11.36766215,11.39194075,11.42940353,11.48216239,11.55181254,11.63898597,11.74401473,11.86666701,12.00378779,12.15484175,12.31531086,12.48114729,12.64762981,12.80984179,12.96292276,13.10333448,13.22722734,13.33343346,13.42194795,13.49440436,13.55269426,13.60286059,13.6473229,13.69052976,13.7372713,13.7888336,13.8486293,13.91601058,13.99121563,14.07252344,14.15736454,14.24283763,14.32706209,14.4038203,14.47440939,14.53508295,14.58769026,14.63075795,14.66710118,14.69950893,14.73205407,14.76847773,14.81227643,14.86864039,14.93640727,15.02248975,15.12400291,15.2398373,15.36727324,15.50089278,15.63423877,15.75989549,15.87009542,15.95737412,16.01965727,16.04772417,16.04777925,16.01549292,15.95703039,15.87718699,15.78059172,15.67490937,15.5641033,15.45290825,15.34520369,15.24373706,15.15080916,15.06827543
1,3.275856583,3.323413998,3.308964039,3.230041999,3.105039254,2.961889866,2.823246792,2.699339365,2.592297674,2.502897365,2.434071245,2.390828146,2.37738634,2.396349854,2.44914353,2.54127086,2.681162438,2.875006944,3.12114865,3.40951526,3.72368981,4.045082213,4.357397874,4.650190215,4.92155031,5.178270798,5.434734218,5.703091513,5.983145145,6.258959854,6.506662193,6.705942685,6.847529856,6.93758538,6.991749109,7.030161158,7.068124654,7.113042023,7.165417782,7.221262512,7.27374897,7.318186979,7.357520227,7.401358831,7.45949344,7.535092991,7.623270743,7.713904672,7.801656099,7.888181962,7.981817662,8.089005465,8.209547915,8.334322548,8.453892468,8.566489026,8.681966019,8.817904487,8.988284252,9.194994535,9.425716205,9.661247211,9.884172775,10.08373132,10.25266231,10.38686216,10.48236734,10.53828236,10.55913139,10.55622921,10.54414373,10.53695548,10.54342441,10.56529846,10.5986002,10.6384133,10.68201104,10.7297073,10.78118564,10.83402535,10.88292976,10.92140888,10.94402606,10.94927746,10.9394866,10.92160937,10.9043642,10.89630952,10.90327973,10.926898,10.96421918,11.01029623,11.0616525,11.1180061,11.18181218,11.25440706,11.33364548,11.41396605,11.48958199,11.55776997,11.62054314
1,3.770599201,3.662157796,3.564579507,3.484287582,3.424966896,3.386414778,3.364726223,3.3531489,3.343566735,3.328113871,3.300312226,3.256019156,3.194341506,3.116986361,3.0282611,2.933846663,2.840040144,2.754066834,2.685025963,2.641868627,2.634316688,2.669590145,2.750790455,2.875290667,3.034556722,3.216056925,3.404781574,3.587164773,3.753055482,3.897040518,4.018392536,4.120436395,4.20857923,4.289207918,4.368690791,4.452078061,4.543563648,4.645437231,4.758208666,4.880049699,5.006828763,5.132310069,5.24947199,5.35163901,5.434531411,5.496746457,5.539087915,5.564939903,5.576877933,5.579452518,5.577118338,5.574174156,5.574805218,5.581899603,5.597135062,5.620417296,5.650559821,5.685384792,5.721848361,5.755982219,5.782784106,5.796525387,5.791844307,5.76480231,5.712877498,5.636965411,5.540592456,5.430334175,5.313619491,5.198384802,5.091659984,4.998980745,4.92399112,4.868645782,4.833401554,4.816752305,4.816860468,4.830277204,4.85320855,4.881654336,4.911747208,4.93965673,4.962652487,4.977858879,4.983217143,4.976605921,4.956069891,4.920002489,4.867339661,4.797544032,4.710530646,4.6063534,4.485205756,4.347094343,4.192319561,4.021843738,3.837623212,3.643134205,3.443410642,3.244928382,3.055593405
1,-7.382586632,-7.362072284,-7.373355517,-7.426480043,-7.529905124,-7.690241641,-7.913321742,-8.200350018,-8.548696556,-8.95189424,-9.398747172,-9.877168562,-10.36827545,-10.85985195,-11.33693878,-11.78994312,-12.21182823,-12.59900544,-12.95010385,-13.26483097,-13.54678702,-13.79649554,-14.01799176,-14.215101,-14.39241624,-14.55257448,-14.70206754,-14.84345403,-14.98075981,-15.11947256,-15.26278627,-15.41159403,-15.56344452,-15.71096838,-15.84670876,-15.96101197,-16.04706468,-16.10035666,-16.119618,-16.10704523,-16.06759606,-16.00721488,-15.93267992,-15.85247859,-15.77404529,-15.70690939,-15.65943142,-15.63937314,-15.65029605,-15.69323582,-15.76537499,-15.85693088,-15.96313064,-16.07472705,-16.18778485,-16.29897504,-16.40831811,-16.51861325,-16.63107889,-16.74613767,-16.86379427,-16.98252191,-17.0982554,-17.20533902,-17.29669323,-17.36390523,-17.39910806,-17.39614301,-17.35045048,-17.25950809,-17.12545252,-16.95198703,-16.74518821,-16.51296522,-16.26192317,-15.99803875,-15.72271422,-15.43827771,-15.14311274,-14.8390008,-14.52771105,-14.21118638,-13.89112461,-13.56871944,-13.24656563,-12.92771755,-12.61616772,-12.31371756,-12.01930602,-11.72642803,-11.42900937,-11.11974097,-10.79542289,-10.4564739,-10.11154708,-9.769025715,-9.447199264,-9.157811528,-8.909535075,-8.70460211,-8.541372666
1,-1.224317603,-1.292845017,-1.357359726,-1.40620853,-1.426513227,-1.40931458,-1.353480039,-1.264652124,-1.155769897,-1.040653219,-0.93970726,-0.876689065,-0.879422565,-0.976609406,-1.193362938,-1.548590016,-2.050392819,-2.692736952,-3.451034238,-4.281070112,-5.123723877,-5.91955068,-6.618319043,-7.189870647,-7.622649155,-7.922373178,-8.105560426,-8.195525522,-8.218680141,-8.198861708,-8.155795854,-8.097638705,-8.025791358,-7.933983,-7.814618896,-7.661711826,-7.475886663,-7.265186686,-7.043291359,-6.824707551,-6.622309936,-6.440919949,-6.280810188,-6.132048773,-5.976179251,-5.784267351,-5.525410545,-5.166054686,-4.691024144,-4.107324439,-3.442804913,-2.735720231,-2.024554283,-1.348513616,-0.749357545,-0.270883377,0.062834152,0.238847329,0.284431005,0.253649017,0.214027357,0.227984242,0.340912011,0.575451282,0.930518095,1.381943963,1.899230464,2.443354886,2.978572142,3.473808763,3.908075255,4.272575765,4.568890455,4.802050303,4.975476002,5.086766521,5.133796095,5.113859799,5.026503774,4.876340161,4.672944684,4.422332897,4.123507171,3.760702835,3.313702945,2.762151403,2.100656127,1.342713744,0.518314921,-0.326796563,-1.143362249,-1.890058143,-2.538122904,-3.072298925,-3.487840017,-3.788160116,-3.980228466,-4.074042184,-4.081908457,-4.015258323,-3.887421678
1,-0.359662019,-0.259110005,-0.152306672,-0.046201475,0.051253951,0.135250533,0.198860734,0.239303953,0.256722349,0.253011558,0.232527511,0.200984808,0.166509709,0.137717111,0.123368147,0.13187056,0.170444547,0.243919376,0.356106902,0.509558972,0.705957043,0.945839089,1.227456526,1.545777277,1.893209348,2.259827528,2.634237066,3.004747716,3.359049605,3.690982883,3.996186445,4.271502749,4.521124731,4.743186639,4.938626392,5.10721387,5.248722545,5.363430514,5.450469891,5.508784541,5.536732116,5.52827729,5.479642136,5.381204767,5.226653289,5.012018209,4.732034829,4.388619006,3.983886192,3.523925901,3.018062405,2.478756302,1.920300304,1.357592397,0.80511677,0.275470703,-0.222470705,-0.684825484,-1.11329433,-1.513709802,-1.894586738,-2.265119691,-2.632667106,-3.001283127,-3.371936323,-3.741965167,-4.106711425,-4.461148761,-4.800861356,-5.122822593,-5.425922012,-5.712468155,-5.983808414,-6.244888681,-6.499856269,-6.75372375,-7.009461631,-7.268588383,-7.530375551,-7.793481532,-8.057543868,-8.323837053,-8.594455425,-8.871657402,-9.156296725,-9.446274113,-9.735435014,-10.01562117,-10.27815814,-10.51501315,-10.72111519,-10.89345395,-11.03148149,-11.13682576,-11.21207311,-11.26250887,-11.29526216,-11.31880259,-11.34216963,-11.37692772,-11.42587291
1,-6.697485423,-6.7689808,-6.829175117,-6.872941392,-6.903500868,-6.925657601,-6.946046851,-6.969786543,-6.997377313,-7.025768161,-7.050953195,-7.066714524,-7.067271871,-7.051061675,-7.020576941,-6.985077781,-6.953466925,-6.935219051,-6.936984329,-6.964075986,-7.019546442,-7.106549194,-7.224233801,-7.367158639,-7.526148171,-7.690213644,-7.850033519,-7.998151588,-8.131787311,-8.252283361,-8.364627406,-8.477452563,-8.601134808,-8.743352007,-8.908660628,-9.096208744,-9.302825285,-9.523158325,-9.749469514,-9.972828764,-10.18609175,-10.37876892,-10.53842912,-10.65028329,-10.70054856,-10.68189546,-10.59420601,-10.44392848,-10.24321511,-10.00801926,-9.756641011,-9.503992446,-9.256663866,-9.011535208,-8.757645639,-8.478999219,-8.157552723,-7.777859921,-7.334183931,-6.834777222,-6.299185726,-5.753510824,-5.221784311,-4.723721181,-4.271303343,-3.871602901,-3.527462235,-3.238061523,-2.999929913,-2.807282436,-2.654264561,-2.536261514,-2.447456384,-2.380377102,-2.326648506,-2.280183628,-2.238681903,-2.20556154,-2.181157703,-2.163657834,-2.151776564,-2.154116153,-2.187353023,-2.268312825,-2.406240539,-2.600717062,-2.845920112,-3.132943202,-3.458061968,-3.820887164,-4.227118894,-4.682385062,-5.184507252,-5.721678976,-6.268544104,-6.791146654,-7.251405953,-7.620883323,-7.877294503,-8.021587245,-8.076617881
1,-3.662407685,-3.592187532,-3.641062893,-3.811703169,-4.079703137,-4.428126436,-4.824503403,-5.244264824,-5.669825992,-6.090271013,-6.498087713,-6.885887014,-7.244297748,-7.562323339,-7.831909471,-8.047176346,-8.217327017,-8.346487319,-8.446364097,-8.525560179,-8.591233694,-8.64964591,-8.708589405,-8.775539511,-8.858346941,-8.962365381,-9.088568674,-9.234361037,-9.392581301,-9.556393439,-9.721234771,-9.886617903,-10.05544872,-10.23191076,-10.41786755,-10.61448726,-10.81986495,-11.03169279,-11.24873299,-11.4714507,-11.70230253,-11.94471406,-12.20133952,-12.4738237,-12.76186696,-13.06434273,-13.378543,-13.7012235,-14.02934138,-14.36060132,-14.69333693,-15.02554347,-15.35438167,-15.67704642,-15.99169032,-16.29685416,-16.58975499,-16.86554569,-17.11945724,-17.35067133,-17.56291988,-17.76157768,-17.95125556,-18.13401356,-18.31098158,-18.47944181,-18.63797007,-18.78355665,-18.91298077,-19.02592785,-19.11870213,-19.19025196,-19.23901307,-19.26372057,-19.26354817,-19.23886635,-19.19077847,-19.1225816,-19.04036639,-18.95277201,-18.87181155,-18.81118482,-18.78386449,-18.79877069,-18.85969806,-18.96352524,-19.10727603,-19.28056026,-19.47033928,-19.65886879,-19.83306134,-19.98163487,-20.10215075,-20.19712653,-20.27045018,-20.32387567,-20.3559663,-20.366879,-20.36165175,-20.34345704,-20.31916834
1,9.67942334,9.84928716,10.05093311,10.26859912,10.49931427,10.73376367,10.94354926,11.07994402,11.10324605,11.00290256,10.80352787,10.57296906,10.37373829,10.26400207,10.27981183,10.43922818,10.73298754,11.12089333,11.5329555,11.91878092,12.25672065,12.55637733,12.8448249,13.13541407,13.42959452,13.70107557,13.90848314,14.01263737,13.99288065,13.85624052,13.63611232,13.38666436,13.16236222,13.00573287,12.94336209,12.9749745,13.08071363,13.22097956,13.36008481,13.48040107,13.58511668,13.68723695,13.79790313,13.91360488,14.01662047,14.08843314,14.1194337,14.12891764,14.14901783,14.19379049,14.25632881,14.3187051,14.37068727,14.40738573,14.42674588,14.42273389,14.38409665,14.29517857,14.14262033,13.92379744,13.64614866,13.3217267,12.9689049,12.62701988,12.35390348,12.23067346,12.33271053,12.61519588,12.94432902,13.16332308,13.19422608,13.05666639,12.84159538,12.67421982,12.66740401,12.85548486,13.21200938,13.67332902,14.1518315,14.56111059,14.84195638,14.96402107,14.94465245,14.82671162,14.67146469,14.52612868,14.42309143,14.37777342,14.39476259,14.4605394,14.56489622,14.69254037,14.83169625,14.97268446,15.10734775,15.23245011,15.34864664,15.46047781,15.57597892,15.70511733,15.85844963
1,8.297290795,8.298180158,7.919406094,7.622277799,8.006807311,8.086225191,8.567375533,8.050036143,8.104600612,7.595099654,8.426244121,8.991092439,9.274165132,10.0125546,9.906658062,9.91526518,10.05466741,10.1959832,10.46437828,10.57593292,10.46541727,10.58636344,10.90198451,10.88148468,10.97126218,10.84195628,9.674806364,8.885863444,8.882157204,8.520787173,7.579658906,6.734483295,6.080223332,5.388868564,4.372919416,4.059701263,3.611156893,3.195588193,2.835428024,2.557600494,2.090775068,1.42292529,1.427899764,1.46051756,1.348294224,1.256524843,1.137989789,1.015189866,0.860769517,0.703931894,0.160393226,-0.724626829,-0.528013937,-0.290656836,0.286875144,0.604652644,0.587100549,0.802328536,1.100286283,1.143638656,1.050192271,1.194981046,1.281120271,1.638395967,1.878414318,1.930370485,2.204661713,2.453994486,2.858676656,2.860833066,2.782625685,2.847939353,3.157641388,3.405504169,3.428746309,3.504707526,3.591846735,3.770032534,3.974059381,4.015369497,4.026654333,3.951899629,4.027031851,4.022040164,3.92405725,3.878058298,3.798874446,3.696532614,3.815864056,4.076632634,4.500715774,4.928588485,4.925474211,5.167857845,5.124410784,5.372240669,5.815634072,5.741753005,5.265803782,4.887208451,5.344854248
1,12.50503234,12.69686104,12.74459385,12.63230803,12.36403541,11.95735242,11.43611115,10.8370779,10.19803419,9.55670608,8.94736396,8.398550457,7.92680276,7.545658167,7.257152545,7.059434408,6.940559438,6.895773933,6.911928445,6.979583829,7.089732199,7.238667773,7.416488423,7.627276681,7.867978473,8.140857656,8.449769504,8.793170372,9.177801339,9.602758283,10.0671957,10.56712968,11.09354912,11.63274258,12.16539342,12.66852391,13.12079602,13.50052705,13.79383151,14.00081173,14.11636029,14.14677371,14.09675134,13.98238934,13.81116685,13.59234325,13.33687698,13.05182775,12.73911876,12.39935837,12.03461434,11.64111794,11.22094434,10.77626532,10.31024783,9.827007382,9.33094809,8.82623171,8.316352438,7.803953816,7.291168223,6.779763928,6.270301714,5.76507485,5.26433577,4.769534892,4.282674208,3.806414863,3.344043423,2.899490006,2.473401701,2.068952127,1.684936252,1.315993204,0.955155567,0.593008465,0.218970221,-0.177120732,-0.602777533,-1.067892143,-1.561654367,-2.086118695,-2.62995019,-3.181525364,-3.728831829,-4.265640737,-4.782558519,-5.279858618,-5.758192503,-6.218571696,-6.660053504,-7.077462682,-7.460108423,-7.790773723,-8.052225545,-8.224435744,-8.297542287,-8.266583503,-8.142331968,-7.944577977,-7.697995018
1,-6.035824624,-6.081529673,-6.140780536,-6.214556732,-6.298788348,-6.388296202,-6.477859118,-6.557195274,-6.611366608,-6.629145704,-6.609380769,-6.564036743,-6.516979017,-6.487603519,-6.47213701,-6.445977982,-6.398495393,-6.349532734,-6.315409243,-6.293769287,-6.279664875,-6.273682638,-6.281410087,-6.307274618,-6.33554905,-6.333170417,-6.299880092,-6.280534262,-6.305955121,-6.34855346,-6.350282832,-6.280248561,-6.169955699,-6.072895353,-6.015650372,-5.987152284,-5.962723917,-5.934257306,-5.909021856,-5.899615471,-5.914726338,-5.950937368,-5.994337856,-6.026481883,-6.033200953,-6.019519022,-6.005690736,-6.0036184,-6.010385507,-6.01760952,-6.016434934,-5.993162076,-5.93457964,-5.840492198,-5.7241641,-5.609723601,-5.521412291,-5.465315741,-5.431638616,-5.415290782,-5.415001441,-5.426868322,-5.442877576,-5.454302286,-5.451937213,-5.42501895,-5.383296447,-5.3458159,-5.325899105,-5.319160619,-5.306031492,-5.273241403,-5.229526641,-5.208140112,-5.240469906,-5.344832843,-5.537746502,-5.830438611,-6.201222296,-6.589958442,-6.925184193,-7.16406303,-7.312709143,-7.394046402,-7.404823698,-7.353288848,-7.303648202,-7.335420072,-7.450074315,-7.548401898,-7.552861138,-7.46576647,-7.327953662,-7.182106664,-7.056588186,-6.960169155,-6.877841078,-6.785236961,-6.696269443,-6.680772313,-6.760651276
1,-1.27418949,-2.106994842,-2.372582286,-1.922889942,-1.29753468,-0.946070611,-0.728987963,-0.608478153,-0.786754654,-1.22375558,-1.579750707,-1.868348987,-2.343778553,-2.926009046,-3.208270808,-3.042436348,-2.579348494,-2.342504063,-2.714565809,-2.887561223,-2.756211888,-2.508944557,-2.289889489,-2.224820123,-2.317554476,-2.529161613,-2.75735154,-2.902931337,-2.965477331,-3.028507889,-3.097277028,-3.093245215,-3.135905702,-3.537791714,-4.179774766,-4.6428931,-5.072885108,-5.384932097,-5.595200499,-5.857471925,-6.163722493,-6.386924391,-6.497380954,-6.593045724,-6.748875682,-6.933569395,-7.08106162,-7.181394203,-7.302665321,-7.543710356,-7.804276504,-7.840261171,-7.570350108,-7.189123616,-6.794857988,-6.429475859,-6.146274645,-5.964526478,-5.879295069,-5.86838977,-5.889597067,-5.880825112,-5.792071007,-5.605271082,-5.338680055,-5.022819103,-4.679630724,-4.39181961,-4.176855649,-4.03322019,-3.990888716,-3.987013842,-4.009689126,-4.030381999,-3.888541981,-3.56187704,-3.203821826,-2.987869128,-2.823609954,-2.558679477,-2.252182682,-2.041977479,-2.025985495,-2.20425769,-2.395070159,-2.584028418,-2.878007959,-3.192531681,-3.333227446,-3.251937963,-2.969568007,-2.54120827,-2.057767154,-1.656659643,-1.392046826,-1.022460624,-0.665054064,-0.456296849,-0.43788235,-0.607953165,-0.676774877
1,-3.54963858,-3.454871993,-3.354797456,-3.252067836,-3.14898077,-3.048709297,-2.952932911,-2.864049245,-2.784625117,-2.71640374,-2.65938939,-2.611576298,-2.56852586,-2.524164305,-2.471270899,-2.401923571,-2.308430329,-2.183953652,-2.024682463,-1.828306875,-1.596019017,-1.332230141,-1.043315281,-0.736939899,-0.421261682,-0.103719684,0.208735051,0.510844296,0.798093681,1.067089066,1.314155724,1.535517597,1.727941147,1.888036043,2.018160099,2.117379721,2.189540959,2.238701828,2.273226666,2.295462155,2.308808171,2.314673466,2.312846097,2.301087273,2.277268737,2.238024084,2.181048068,2.104846958,2.009280951,1.895411141,1.765500592,1.621107446,1.464137532,1.295222717,1.114923471,0.923022914,0.720807773,0.508830793,0.289627723,0.066222088,-0.15770943,-0.378464771,-0.593116492,-0.799335506,-0.995791977,-1.182019388,-1.358063841,-1.523809532,-1.679573382,-1.825915796,-1.965015486,-2.099068565,-2.232588395,-2.370075324,-2.515658867,-2.673647498,-2.845393716,-3.030317718,-3.225111753,-3.423878763,-3.619123113,-3.802555289,-3.965980436,-4.103503197,-4.210561854,-4.285022484,-4.328411714,-4.343672274,-4.336156641,-4.312484543,-4.279563213,-4.242880762,-4.205818067,-4.168988532,-4.130848745,-4.090480444,-4.04603357,-4.00029364,-3.958411906,-3.926082653,-3.910166943
