0,19.13507987,19.07140365,19.00596461,18.93772471,18.86566076,18.78862874,18.7053921,18.61469215,18.51521318,18.40562297,18.28460653,18.15076694,18.00266905,17.83903029,17.65849398,17.4597465,17.24149824,17.00252852,16.74177449,16.45811928,16.15062507,15.81834134,15.46057164,15.07657051,14.66580803,14.2279278,13.76256823,13.26957053,12.74890628,12.20070581,11.62530668,11.02314089,10.39480345,9.741068331,9.062921049,8.361419124,7.637886451,6.893723584,6.130567975,5.350017343,4.554019756,3.744488238,2.923486352,2.093150406,1.255634094,0.413198961,-0.431759824,-1.276999932,-2.120146714,-2.958888686,-3.790951766,-4.61391928,-5.425517542,-6.223533294,-7.005774149,-7.77021761,-8.514852886,-9.237749942,-9.937261225,-10.61184638,-11.26008259,-11.8807369,-12.47291632,-13.03568068,-13.56840673,-14.07069632,-14.54231436,-14.98327702,-15.39359221,-15.77366237,-16.12390703,-16.44498935,-16.73765396,-17.00278553,-17.24115992,-17.45414142,-17.64299817,-17.80844295,-17.95211664,-18.0751667,-18.17904688,-18.26496145,-18.33470001,-18.38917109,-18.42996504,-18.45821429,-18.47588469,-18.48385666,-18.48367661,-18.47667022,-18.46408299,-18.4471801,-18.42725124,-18.40537618,-18.38274659,-18.36041408,-18.33909038,-18.3198035,-18.30326731,-18.29017247,-18.2808683
0,10.98486301,10.93534394,10.8774318,10.81047624,10.7337339,10.64643141,10.54781504,10.43709417,10.31353207,10.17627427,10.02457582,9.857649227,9.674623754,9.474694049,9.257026705,9.020721646,8.764848704,8.48846389,8.190775841,7.870665592,7.527235215,7.159604192,6.766781124,6.348013784,5.902393573,5.429265765,4.927906901,4.397871296,3.838598903,3.249851198,2.631419219,1.983242607,1.305377329,0.598065532,-0.138405121,-0.903643803,-1.696978098,-2.517738584,-3.365103515,-4.238137144,-5.135680516,-6.056647978,-6.999675833,-7.963282839,-8.945917093,-9.945820456,-10.9609884,-11.98936878,-13.02868551,-14.0764567,-15.13010127,-16.18666872,-17.24326778,-18.29671263,-19.34376905,-20.38094237,-21.40476868,-22.41182085,-23.39857431,-24.3615925,-25.29760396,-26.2034494,-27.07624474,-27.91336671,-28.71252181,-29.47166449,-30.18919209,-30.86391523,-31.49502656,-32.08198916,-32.62491392,-33.12414116,-33.58011203,-33.99385497,-34.36665499,-34.69992543,-34.99521996,-35.25450156,-35.47966625,-35.67279265,-35.83556871,-35.97122437,-36.08068468,-36.16700306,-36.23245567,-36.27868569,-36.30790293,-36.32261815,-36.32456358,-36.31565427,-36.29776959,-36.27289642,-36.24237877,-36.20783475,-36.1706788,-36.1324522,-36.09386923,-36.05625775,-36.02038577,-35.98695979,-35.95655682
0,-9.56400732,-9.53092516,-9.509863567,-9.499677194,-9.501480177,-9.514112202,-9.538396246,-9.574238569,-9.620670432,-9.678543854,-9.747247942,-9.826386065,-9.915753467,-10.01509989,-10.12412144,-10.24247511,-10.36971047,-10.50547449,-10.6493278,-10.80086967,-10.95968059,-11.12528591,-11.29717846,-11.47496074,-11.65818288,-11.84635318,-12.03903526,-12.23570129,-12.43592108,-12.63928692,-12.84534975,-13.05365532,-13.26378733,-13.47536817,-13.68796292,-13.9012386,-14.11477775,-14.32822117,-14.54126049,-14.75354922,-14.96478248,-15.17462739,-15.3828263,-15.58907683,-15.7931444,-15.99476177,-16.19373046,-16.38978943,-16.58273475,-16.77239709,-16.95864213,-17.14122476,-17.32005109,-17.49496273,-17.6658267,-17.83254966,-17.99500411,-18.15311888,-18.30681872,-18.45600337,-18.60060357,-18.74058692,-18.87588618,-19.00643889,-19.13221327,-19.25321588,-19.36938604,-19.4806973,-19.58712609,-19.68866983,-19.7853166,-19.87706462,-19.96390938,-20.04586082,-20.12289966,-20.19509512,-20.26247062,-20.32498364,-20.38267855,-20.43562047,-20.48388637,-20.52751847,-20.56652851,-20.60094668,-20.63104148,-20.65681423,-20.67824398,-20.69562031,-20.70888169,-20.71843068,-20.7240368,-20.7261013,-20.72470852,-20.72000016,-20.71199636,-20.70119836,-20.68742901,-20.67105777,-20.65219785,-20.63100389,-20.60767071
0,-0.543825574,-0.566838578,-0.599591375,-0.642232589,-0.695034958,-0.758326389,-0.831997126,-0.916324515,-1.011342292,-1.117566123,-1.234828835,-1.36328362,-1.503106634,-1.654177311,-1.81654703,-1.990222932,-2.175085551,-2.370934375,-2.577537955,-2.794683551,-3.02199084,-3.259110993,-3.50567167,-3.761232057,-4.025311592,-4.297394578,-4.577043031,-4.863683575,-5.156738773,-5.455722033,-5.759981469,-6.068973157,-6.381924886,-6.698330731,-7.017463447,-7.338590127,-7.661055462,-7.984011389,-8.306809743,-8.62862178,-8.948503917,-9.26567089,-9.579235901,-9.888275847,-10.1918464,-10.48892973,-10.77859498,-11.05985777,-11.33166925,-11.59321656,-11.84346902,-12.081636,-12.30693891,-12.51862945,-12.71616921,-12.89901721,-13.06671845,-13.21902927,-13.35600599,-13.47706933,-13.58251245,-13.6724647,-13.74715486,-13.80689465,-13.8520692,-13.8831448,-13.90077368,-13.90555028,-13.89810183,-13.87942245,-13.85007936,-13.81066856,-13.76288993,-13.70668448,-13.64339879,-13.57377516,-13.49865759,-13.4188332,-13.33518221,-13.24843624,-13.15925399,-13.06844395,-12.976603,-12.88435839,-12.79223466,-12.70089738,-12.61080598,-12.52228904,-12.43597795,-12.35221718,-12.27134656,-12.19379898,-12.11988783,-12.04991411,-11.98410867,-11.92271699,-11.86594894,-11.81404094,-11.76704524,-11.72517677,-11.68841165
0,11.15810047,11.30507165,11.4477494,11.55929099,11.63951917,11.69161405,11.7125499,11.68547069,11.60043689,11.47887397,11.35283457,11.24085823,11.1424178,11.05705769,10.97659137,10.88253272,10.76077754,10.60959957,10.44258386,10.26029931,10.04674641,9.782143485,9.453979768,9.063786151,8.636902561,8.20449959,7.776646431,7.345776863,6.901002215,6.435819339,5.956700775,5.486322157,5.031195866,4.562712031,4.057863395,3.52680314,2.997584618,2.482426621,1.95592461,1.380622605,0.744333542,0.059409315,-0.650889855,-1.351198073,-1.998945768,-2.589786699,-3.157081474,-3.730428622,-4.322611664,-4.938286433,-5.573301615,-6.222414582,-6.873728768,-7.501646962,-8.118270352,-8.714895596,-9.259291758,-9.687273491,-9.996189632,-10.22027916,-10.42152627,-10.62475485,-10.81823138,-10.99297972,-11.16617797,-11.35993013,-11.56013749,-11.70332831,-11.76053514,-11.76017483,-11.7520273,-11.75977548,-11.764552,-11.73615414,-11.70042778,-11.71418983,-11.78577597,-11.87951805,-11.95602094,-12.00869693,-12.04516647,-12.06048839,-12.03508209,-11.97609539,-11.88316851,-11.79508219,-11.73106647,-11.6845892,-11.63282909,-11.55499455,-11.45918977,-11.39117152,-11.36816317,-11.36417229,-11.35979077,-11.34291845,-11.32846965,-11.30477204,-11.2699291,-11.22511017,-11.19693168
0,-4.124597777,-4.195352538,-4.271969263,-4.354102839,-4.440721349,-4.531544456,-4.625897813,-4.72330253,-4.823455682,-4.926119718,-5.031102688,-5.138427052,-5.248214245,-5.360777725,-5.4765681,-5.596256152,-5.720680886,-5.850513003,-5.987134156,-6.131704467,-6.285595198,-6.45023889,-6.627279772,-6.818287585,-7.02489323,-7.248746679,-7.491492664,-7.754758918,-8.04002367,-8.348748574,-8.682205289,-9.041608365,-9.427989486,-9.842160374,-10.28467911,-10.75588416,-11.25584151,-11.78424656,-12.3405065,-12.9235768,-13.53227364,-14.16476894,-14.81895369,-15.49243055,-16.18256075,-16.88622817,-17.60013699,-18.32081677,-19.04472644,-19.76815613,-20.48741121,-21.19888105,-21.8990291,-22.58447034,-23.25203471,-23.89874399,-24.52196325,-25.11921499,-25.68832851,-26.2275203,-26.73527843,-27.21030961,-27.65147249,-28.05816712,-28.42997585,-28.76662993,-29.06819541,-29.33495961,-29.56755419,-29.76663772,-29.93320939,-30.06857663,-30.17371331,-30.25090905,-30.30175309,-30.32758365,-30.33107728,-30.31302947,-30.27710293,-30.22599934,-30.16016013,-30.08309426,-29.99711206,-29.90438385,-29.80723953,-29.70792429,-29.6087176,-29.51154984,-29.41836894,-29.33097415,-29.25098345,-29.18013095,-29.11881079,-29.06847153,-29.02949106,-29.00265029,-28.98688734,-28.98259444,-28.98911039,-29.0052462,-29.0297283
0,1.910935632,1.906872319,1.898343865,1.884633429,1.865042212,1.838824297,1.805166664,1.763273972,1.712046789,1.650982308,1.578884029,1.494560716,1.397789126,1.287137976,1.161678226,1.020655528,0.863142104,0.688353606,0.495477392,0.283770401,0.052560759,-0.1987945,-0.470811754,-0.763949706,-1.078619482,-1.415076614,-1.773459227,-2.153905149,-2.556405365,-2.980784817,-3.426835719,-3.8941606,-4.382302864,-4.890656539,-5.418473904,-5.964994828,-6.529232221,-7.110151564,-7.7066546,-8.317430094,-8.941158544,-9.576428326,-10.22176828,-10.87564958,-11.53642019,-12.20246321,-12.87209467,-13.54364283,-14.21540426,-14.88570391,-15.55286004,-16.21523009,-16.87123065,-17.51930698,-18.15796271,-18.78577877,-19.40145455,-20.00368126,-20.59137274,-21.16338774,-21.7187947,-22.25672341,-22.77644235,-23.27729298,-23.75871443,-24.22028062,-24.66171066,-25.08272691,-25.48322714,-25.86321441,-26.22272859,-26.56191301,-26.88108664,-27.18048589,-27.46059564,-27.72187478,-27.96481588,-28.19010842,-28.39830196,-28.59015124,-28.76636497,-28.92769815,-29.07491206,-29.20887219,-29.33032966,-29.44019382,-29.53897096,-29.62808869,-29.70762136,-29.77876799,-29.84210762,-29.89835452,-29.94816124,-29.99212288,-30.03077256,-30.06467604,-30.0942418,-30.11983403,-30.14175158,-30.16025767,-30.175578
0,20.47739973,20.44888692,20.4140241,20.37286106,20.32528343,20.27125464,20.21057392,20.14303754,20.06822299,19.98578031,19.89512373,19.79631937,19.68807795,19.57032618,19.44241182,19.30380912,19.1539317,18.99219066,18.81803604,18.63078268,18.42984856,18.21458338,17.98429358,17.73827794,17.47575042,17.19588153,16.89779923,16.58059984,16.24335122,15.88513315,15.50504183,15.10221675,14.67590186,14.22540428,13.75013278,13.24958564,12.72331146,12.17099732,11.59234939,10.98716211,10.35515328,9.696212367,9.010158696,8.296745643,7.555762519,6.78702668,5.990199762,5.164940141,4.310993853,3.428146993,2.516180113,1.575086133,0.605140685,-0.393191176,-1.418863218,-2.470499655,-3.546240771,-4.643581474,-5.759555087,-6.89064913,-8.032884431,-9.181959472,-10.33324968,-11.48194183,-12.62300209,-13.75136303,-14.86208952,-15.95025436,-17.01103831,-18.04006573,-19.03316283,-19.98668238,-20.89747275,-21.76299201,-22.58140856,-23.35145245,-24.07249918,-24.74441388,-25.36767221,-25.94314699,-26.47187203,-26.95524557,-27.39485288,-27.79248384,-28.14946097,-28.46863373,-28.7515943,-29.00064855,-29.21831048,-29.40703471,-29.56881774,-29.70773524,-29.82495678,-29.92368069,-30.00657537,-30.07608962,-30.13451502,-30.18439886,-30.22715068,-30.26522212,-30.29995213
0,10.20126828,10.14365479,10.09059013,10.04279153,10.00076321,9.964845261,9.935350791,9.912486197,9.895782829,9.884989881,9.879859132,9.879628059,9.883406419,9.890054141,9.898504504,9.907269115,9.914878177,9.919606638,9.919775001,9.913401575,9.898614039,9.873353959,9.835875979,9.783728183,9.715012014,9.628034157,9.520809687,9.391403607,9.238154995,9.059606967,8.854194451,8.620921795,8.358581517,8.066395986,7.743679849,7.389977057,7.0051767,6.58921864,6.142362521,5.665036651,5.157899684,4.621916131,4.058011094,3.467421856,2.851557018,2.212062756,1.55063197,0.869081576,0.169476831,-0.546103594,-1.275382489,-2.016087005,-2.765680939,-3.521749525,-4.281707862,-5.043009366,-5.802973844,-6.559059019,-7.308604516,-8.048975047,-8.777786392,-9.492620184,-10.19101937,-10.87085621,-11.53006412,-12.16662145,-12.77879713,-13.36492817,-13.92358366,-14.45347072,-14.95353175,-15.42287076,-15.86083582,-16.26670376,-16.64042387,-16.98173943,-17.29068093,-17.56753631,-17.81271906,-18.02691482,-18.21081262,-18.36533785,-18.49171271,-18.59125243,-18.66483551,-18.71505472,-18.74251983,-18.75000727,-18.73849111,-18.71019608,-18.66727365,-18.61158775,-18.54556961,-18.47089896,-18.38964498,-18.30389613,-18.21551491,-18.12634696,-18.03810285,-17.95231937,-17.87043684
0,-2.426515843,-2.480943256,-2.54727526,-2.62588002,-2.717851514,-2.821677214,-2.939876409,-3.071993914,-3.218517553,-3.379927448,-3.556712798,-3.74935114,-3.958362689,-4.184218062,-4.427392665,-4.688365313,-4.967571351,-5.265427118,-5.582310156,-5.918469397,-6.274156704,-6.649461695,-7.044460015,-7.459054091,-7.893072686,-8.346211022,-8.818007301,-9.307861344,-9.815140239,-10.33902939,-10.87859687,-11.4328645,-12.00074264,-12.58104959,-13.17256216,-13.7739285,-14.38381582,-15.00089064,-15.62372898,-16.25087197,-16.88094249,-17.51252449,-18.14414802,-18.77450724,-19.40224225,-20.0259512,-20.64433014,-21.25614401,-21.86010265,-22.4550077,-23.03961816,-23.61280653,-24.17344021,-24.72039654,-25.25265184,-25.76916625,-26.26900736,-26.7512669,-27.21506192,-27.65957962,-28.08411356,-28.48798251,-28.87054548,-29.23132173,-29.56977022,-29.88550638,-30.17823375,-30.44765931,-30.69362578,-30.91607443,-31.11489946,-31.29021485,-31.44225544,-31.57104589,-31.67731664,-31.76194462,-31.82425041,-31.86533636,-31.88650876,-31.88845783,-31.87189591,-31.83796324,-31.78769915,-31.7224261,-31.64357754,-31.55221271,-31.45000496,-31.33817802,-31.21829708,-31.09186209,-30.96026799,-30.82502587,-30.68755005,-30.54918671,-30.4113966,-30.27536123,-30.14235524,-30.01348026,-29.8898166,-29.77218576,-29.66152461
0,-8.288764096,-8.360682784,-8.456369702,-8.577054027,-8.723888818,-8.898286411,-9.101507179,-9.334474917,-9.598484659,-9.894523518,-10.22353226,-10.58649077,-10.9842141,-11.41755554,-11.88703921,-12.39336604,-12.9368786,-13.51792018,-14.13658031,-14.79292767,-15.48665796,-16.21733034,-16.98422967,-17.78653108,-18.62281346,-19.49166635,-20.39124711,-21.31934926,-22.27350398,-23.25093366,-24.24855313,-25.26300738,-26.29076153,-27.32784333,-28.3706181,-29.41483662,-30.45656276,-31.49170233,-32.51629391,-33.52658882,-34.51877819,-35.48949605,-36.43550272,-37.3538901,-38.24203143,-39.09747986,-39.91839749,-40.70280059,-41.44958335,-42.15737059,-42.82545773,-43.45334062,-44.04061044,-44.58732625,-45.09356505,-45.55986023,-45.98660005,-46.37478923,-46.72517495,-47.0389406,-47.31716051,-47.56126738,-47.7725885,-47.95270453,-48.10301895,-48.22525992,-48.32094474,-48.391676,-48.43940916,-48.46542509,-48.47155481,-48.45943535,-48.43058617,-48.38647481,-48.32869754,-48.25863023,-48.17771149,-48.08724731,-47.98846849,-47.88275387,-47.77120708,-47.65497254,-47.53519703,-47.41291023,-47.28929888,-47.16521481,-47.04166399,-46.91967177,-46.80021328,-46.68413108,-46.57242909,-46.46584197,-46.36531744,-46.27158672,-46.18540904,-46.10748015,-46.03839335,-45.97882868,-45.92918997,-45.88983001,-45.86103648
0,13.6989552,13.73551352,13.76482234,13.78770423,13.80493017,13.81731792,13.82578824,13.83058522,13.83287392,13.83260857,13.83047241,13.82591367,13.8196491,13.81128556,13.80050186,13.78692515,13.77002445,13.74921843,13.72377106,13.69319088,13.65649202,13.61281597,13.56174251,13.50235243,13.43397602,13.35604016,13.26796534,13.16931408,13.05970771,12.93884034,12.80658451,12.6628333,12.50764798,12.34118125,12.16366545,11.9753891,11.77671046,11.56806649,11.34994344,11.12276104,10.88727834,10.64370374,10.39307317,10.13571065,9.872329381,9.603698687,9.330555175,9.053655516,8.773829751,8.491904976,8.20871161,7.925105461,7.641957901,7.360206418,7.080635386,6.804189641,6.53171607,6.264070958,6.002124083,5.746670073,5.498500643,5.258408211,5.027168371,4.805485993,4.59399566,4.393297223,4.203939459,4.026407323,3.861067704,3.708235635,3.568010351,3.440681919,3.326197189,3.224548782,3.135587739,3.059189845,2.995103244,2.943100796,2.902886361,2.873576058,2.855387426,2.847306545,2.849265158,2.860060357,2.879106255,2.906079592,2.939581425,2.978950867,3.023041452,3.070823112,3.121092935,3.172646894,3.224365113,3.275048462,3.323531045,3.368655319,3.409366107,3.444732532,3.473860388,3.496101652,3.510900655
0,0.800528273,0.781338536,0.748200909,0.701413701,0.641435779,0.56858224,0.482909027,0.385771416,0.27689756,0.156985378,0.026520043,-0.114006288,-0.264089055,-0.423239251,-0.590970805,-0.766801419,-0.950237359,-1.140854582,-1.338153303,-1.541756028,-1.751187881,-1.966092717,-2.186016153,-2.410586937,-2.639472825,-2.872260015,-3.108545045,-3.348009032,-3.590198987,-3.834757262,-4.081201208,-4.329164473,-4.578166805,-4.827718361,-5.077284432,-5.326370868,-5.574419209,-5.820828912,-6.06500331,-6.306333112,-6.544171819,-6.777892754,-7.006801502,-7.230291548,-7.447740633,-7.65847251,-7.861898475,-8.05743842,-8.244506011,-8.422576182,-8.591178255,-8.749903718,-8.898247295,-9.035964852,-9.162816236,-9.278366179,-9.382513866,-9.475120632,-9.556101157,-9.625411427,-9.683160334,-9.729327217,-9.763997611,-9.787829221,-9.800456372,-9.802636598,-9.794686611,-9.776974864,-9.749880116,-9.71447555,-9.670822587,-9.619789734,-9.562036471,-9.498312564,-9.429405586,-9.355815131,-9.278808293,-9.198799971,-9.116688074,-9.033236211,-8.949252823,-8.865504487,-8.782646712,-8.701428713,-8.622459846,-8.54643469,-8.47387487,-8.405281582,-8.341195949,-8.28197804,-8.227961147,-8.179533745,-8.136861336,-8.100100767,-8.069390357,-8.044804287,-8.026322137,-8.014101583,-8.007581486,-8.007009849,-8.012156257
0,-0.120523616,-0.081537821,-0.050335395,-0.026287714,-0.009737671,-0.000768373,0.000760839,-0.005189882,-0.018513461,-0.039142794,-0.067023095,-0.102185399,-0.144172334,-0.19357886,-0.250105312,-0.313636117,-0.384213823,-0.462107095,-0.547083888,-0.639473517,-0.739311154,-0.846744241,-0.961964169,-1.085170098,-1.21658244,-1.356480612,-1.50507506,-1.66265413,-1.829505964,-2.005874016,-2.19209715,-2.38834384,-2.594804169,-2.811725144,-3.039232505,-3.277390242,-3.526231541,-3.785749271,-4.055762875,-4.336127028,-4.626648845,-4.926884251,-5.236362814,-5.554668944,-5.881195599,-6.215234241,-6.556076396,-6.90283208,-7.254597861,-7.610486901,-7.969398629,-8.330290333,-8.692092032,-9.053531717,-9.413546079,-9.771023234,-10.12461171,-10.47325132,-10.81581387,-11.15107679,-11.47808354,-11.79575021,-12.10297713,-12.39895441,-12.68287461,-12.9538544,-13.21124081,-13.45447933,-13.6829869,-13.89635495,-14.09438198,-14.27670912,-14.44320134,-14.59398778,-14.72905646,-14.84849186,-14.95282559,-15.04218548,-15.11667085,-15.17757084,-15.22500033,-15.25984743,-15.28233492,-15.29379678,-15.2949067,-15.28613163,-15.26813375,-15.2433333,-15.21103416,-15.17238609,-15.12859655,-15.08025026,-15.02818138,-14.97331969,-14.91617838,-14.85744588,-14.79783805,-14.73776296,-14.67778489,-14.61835898,-14.55959867
0,13.09279059,13.06331571,13.02373435,12.97340544,12.91288524,12.84131572,12.75887522,12.66535754,12.56050922,12.44415514,12.3160665,12.17621939,12.02447375,11.86063157,11.6846058,11.49619714,11.29528175,11.08172013,10.85544333,10.61634736,10.36437752,10.09948376,9.821712127,9.531125941,9.227899966,8.912315457,8.584689117,8.245414274,7.894936162,7.533871878,7.162898424,6.782692789,6.394083072,5.99799924,5.595322476,5.187122201,4.774492521,4.358473422,3.940298446,3.521095445,3.102137478,2.684701736,2.270052229,1.859434248,1.454121328,1.055327302,0.664218997,0.282078185,-0.090110135,-0.45137378,-0.800721008,-1.137282221,-1.460351187,-1.769288214,-2.063573815,-2.342855584,-2.606811194,-2.855202541,-3.087971855,-3.305186367,-3.507021195,-3.693773347,-3.865619181,-4.02299899,-4.166413971,-4.296525239,-4.413800656,-4.518877399,-4.612500845,-4.695147813,-4.768196481,-4.83184219,-4.88707663,-4.934761372,-4.975567963,-5.010410863,-5.040154407,-5.065504006,-5.087244158,-5.106269683,-5.122855277,-5.138382583,-5.153077589,-5.167667293,-5.182746934,-5.198711545,-5.216181795,-5.235873062,-5.257505478,-5.282082156,-5.309712299,-5.340576211,-5.374910692,-5.412812476,-5.454333441,-5.49949999,-5.548167169,-5.600117369,-5.655072757,-5.712673106,-5.772536627
0,-3.841706354,-3.786775871,-3.731753117,-3.677925547,-3.626469504,-3.578931792,-3.536707248,-3.501540128,-3.474935111,-3.458335083,-3.453354326,-3.462047492,-3.485950478,-3.525817692,-3.583502146,-3.660493023,-3.757855884,-3.876652579,-4.017866473,-4.182387989,-4.370794647,-4.583679917,-4.821455626,-5.084245652,-5.372094479,-5.684860823,-6.02223784,-6.383598863,-6.768259333,-7.175325185,-7.603622071,-8.051788792,-8.51842821,-9.001699728,-9.499792919,-10.01071741,-10.53238349,-11.06248834,-11.5987907,-12.13889547,-12.68048475,-13.22109615,-13.75846174,-14.29011803,-14.81386659,-15.32751883,-15.82892537,-16.31615676,-16.78725854,-17.24059834,-17.67454765,-18.08770022,-18.4788911,-18.84690793,-19.19084458,-19.50997433,-19.80370202,-20.07157583,-20.31332268,-20.5287084,-20.71776388,-20.88070053,-21.01781689,-21.12932149,-21.21580919,-21.27823012,-21.31711046,-21.33318234,-21.32764103,-21.30135761,-21.25536815,-21.1916072,-21.11033638,-21.01342361,-20.90219182,-20.77791811,-20.6421103,-20.49622569,-20.34164964,-20.1798298,-20.01229388,-19.84050494,-19.66577338,-19.48948783,-19.31306495,-19.13769286,-18.9646685,-18.79516052,-18.63020577,-18.47086172,-18.31806654,-18.17257759,-18.03512511,-17.90625725,-17.7864442,-17.67604841,-17.5751786,-17.48402245,-17.40243023,-17.33048576,-17.26777088
0,1.034249079,1.076955861,1.124218669,1.175696187,1.230976912,1.289522228,1.350715813,1.413989058,1.478617605,1.543864834,1.609027282,1.67329438,1.735994478,1.796370266,1.853568846,1.907098625,1.956079917,1.999998833,2.038260213,2.070499107,2.095955899,2.114602832,2.125842892,2.129688516,2.125523241,2.113725019,2.094012877,2.066267693,2.030680284,1.987306769,1.936343189,1.877889798,1.81226803,1.739608062,1.660407624,1.574728056,1.483071776,1.385662944,1.282906784,1.175153734,1.062729066,0.946049539,0.825609669,0.701772,0.574860752,0.44542394,0.313909442,0.180699546,0.046360471,-0.088708358,-0.224054713,-0.359196675,-0.493680036,-0.627060522,-0.758782154,-0.888573039,-1.01601215,-1.14070581,-1.262258704,-1.380433779,-1.494954825,-1.605509021,-1.712051832,-1.814321558,-1.912194785,-2.005790758,-2.094904536,-2.179701507,-2.260245132,-2.33658543,-2.409013265,-2.477671953,-2.542799657,-2.604585722,-2.66340178,-2.71957106,-2.773122245,-2.824509819,-2.873913177,-2.921603533,-2.967682119,-3.012458303,-3.055969903,-3.098345522,-3.139613965,-3.17987126,-3.219083332,-3.257153909,-3.293994199,-3.329460915,-3.363505704,-3.395859881,-3.426390048,-3.454744278,-3.48082628,-3.504241218,-3.525077955,-3.54279314,-3.557302736,-3.568473076,-3.575969502
0,-0.729122013,-0.758080543,-0.785302348,-0.810650505,-0.834010478,-0.855271423,-0.874493306,-0.89163316,-0.90675586,-0.919943829,-0.931160656,-0.940853946,-0.94910562,-0.956090807,-0.962262031,-0.967782221,-0.973324633,-0.979131864,-0.98571128,-0.993684631,-1.003563149,-1.015901127,-1.031223465,-1.050240344,-1.073406214,-1.101201886,-1.134176542,-1.172721751,-1.217580898,-1.268373331,-1.326008103,-1.390395893,-1.461836701,-1.540417808,-1.626157546,-1.719042633,-1.818990743,-1.925940948,-2.039805058,-2.16044263,-2.287537896,-2.420873796,-2.56020023,-2.70523174,-2.855647279,-3.01094975,-3.170814183,-3.334762925,-3.502281823,-3.672810682,-3.845742052,-4.020493175,-4.196489552,-4.373031239,-4.549407317,-4.724987665,-4.899144551,-5.071069433,-5.24030912,-5.406145761,-5.567948562,-5.725256539,-5.877502579,-6.024270936,-6.165112467,-6.299694266,-6.42776851,-6.549028244,-6.663337125,-6.77053298,-6.870526801,-6.963296161,-7.048890205,-7.127416537,-7.199061662,-7.263878578,-7.322226707,-7.374136724,-7.420587421,-7.461272173,-7.496811497,-7.527595444,-7.553951223,-7.576543212,-7.595569593,-7.611535236,-7.624813436,-7.635869268,-7.64505963,-7.652706797,-7.659123819,-7.664619486,-7.669442021,-7.673722797,-7.677878219,-7.681743386,-7.685538457,-7.689279871,-7.693093629,-7.696828043,-7.700538175
0,3.604904829,3.565829732,3.520142918,3.464705395,3.40104082,3.328736288,3.247476133,3.157198227,3.057598651,2.948579517,2.829992513,2.701564583,2.563435487,2.415485428,2.257624582,2.090014725,1.91280461,1.726099376,1.530298211,1.325726613,1.112817194,0.892100303,0.664121677,0.429619125,0.189301898,-0.056107488,-0.305733179,-0.558709506,-0.814173038,-1.071236596,-1.329038311,-1.586632214,-1.843192074,-2.097881642,-2.349814264,-2.598287755,-2.842498007,-3.081576777,-3.315039794,-3.542027125,-3.761909201,-3.974210323,-4.178152134,-4.373161472,-4.558650337,-4.734002336,-4.898691742,-5.051949963,-5.193182474,-5.322088869,-5.437629152,-5.539390326,-5.627321431,-5.700125215,-5.756913495,-5.799996663,-5.824618737,-5.836069924,-5.829820301,-5.807853554,-5.769218586,-5.7153596,-5.645657191,-5.561077641,-5.46154017,-5.349378784,-5.22304012,-5.085432111,-4.936242008,-4.777055983,-4.608871919,-4.432576458,-4.249521222,-4.060829804,-3.86744865,-3.670520134,-3.471255687,-3.270616264,-3.069512341,-2.868919726,-2.669666758,-2.472532874,-2.278265198,-2.08755919,-1.90091654,-1.718887238,-1.541879549,-1.37031828,-1.204607175,-1.044930928,-0.891546368,-0.74479368,-0.604751706,-0.471631202,-0.345660952,-0.226987263,-0.115917012,-0.012544014,0.082858519,0.169726165,0.248431496
0,5.706950552,5.705342236,5.692433602,5.670116159,5.636439181,5.592044492,5.537156924,5.472070485,5.397103646,5.312556388,5.218966739,5.116816402,5.00671546,4.889516925,4.765819197,4.636518795,4.502517466,4.364628856,4.223807139,4.081070432,3.937477755,3.793941348,3.651500252,3.511178271,3.374028754,3.241050159,3.113112662,2.991260363,2.876348515,2.769124874,2.670751901,2.581234798,2.501966433,2.433128671,2.375243582,2.328792176,2.294295667,2.271760093,2.260654206,2.26224857,2.27551029,2.30108461,2.337683604,2.385827302,2.444573253,2.513780926,2.592538742,2.680387493,2.776644699,2.880477858,2.991160399,3.107830735,3.22964842,3.355883955,3.485601122,3.618058217,3.752446801,3.887986278,4.023914396,4.159586124,4.29431226,4.427459375,4.558528979,4.687097832,4.812622535,4.934834798,5.05343754,5.16807092,5.278599916,5.384951298,5.486925242,5.584464081,5.677501102,5.76605464,5.850121311,5.929682505,6.004809338,6.075577575,6.142051967,6.204353337,6.262498276,6.316629924,6.366930361,6.41350148,6.456509905,6.496126523,6.532526223,6.565810107,6.596350309,6.624189738,6.649589665,6.672805206,6.693876527,6.713382364,6.731144469,6.747531895,6.762822661,6.777145931,6.790665095,6.803518993,6.815844009
1,-3.981636945,-3.884669647,-3.81639941,-3.776844078,-3.766259432,-3.784346048,-3.831508915,-3.907391153,-4.011395906,-4.141622924,-4.298271171,-4.47994095,-4.685603253,-4.914249825,-5.1648801,-5.436558337,-5.72847181,-6.039957219,-6.370528282,-6.719891838,-7.087872101,-7.474505051,-7.879942092,-8.304402947,-8.748157471,-9.211466913,-9.69445815,-10.19725143,-10.71969436,-11.2615351,-11.82227259,-12.4012533,-12.99752772,-13.61000277,-14.23727526,-14.87781553,-15.52984859,-16.19152362,-16.86084419,-17.53564691,-18.21373824,-18.89291598,-19.57095046,-20.24562843,-20.9147809,-21.57641953,-22.22853749,-22.86934554,-23.49717419,-24.11053196,-24.70806343,-25.28860649,-25.85114,-26.39479425,-26.91884754,-27.42272816,-27.90588726,-28.36792996,-28.80850746,-29.22731382,-29.62414098,-29.99876226,-30.3510177,-30.68075712,-30.98782065,-31.2720839,-31.53338715,-31.77159978,-31.98666395,-32.17846553,-32.34695439,-32.49216766,-32.61425282,-32.71332494,-32.78987847,-32.84439918,-32.87684399,-32.88926816,-32.88144905,-32.85527384,-32.81228232,-32.75323461,-32.68029973,-32.59532447,-32.50028046,-32.39727105,-32.28850256,-32.17632698,-32.0629607,-31.95073595,-31.84185476,-31.73844458,-31.6425707,-31.55605051,-31.48050393,-31.41747812,-31.36788651,-31.3325857,-31.3120976,-31.30634045,-31.31532949
1,13.21525424,13.16029691,13.08300503,12.98304137,12.86055849,12.71573721,12.54936541,12.36162587,12.15342881,11.92552785,11.67873011,11.41384695,11.13204761,10.83428966,10.52177776,10.19574935,9.85750475,9.508100076,9.148422906,8.779056755,8.400412432,8.012549086,7.615328848,7.208468998,6.791693919,6.364864867,5.927802989,5.480430979,5.023034999,4.55580211,4.078898955,3.592504455,3.09656777,2.591158922,2.076138774,1.551279044,1.016599063,0.4719099,-0.082813962,-0.647287557,-1.221249439,-1.804009676,-2.395006346,-2.993238676,-3.597593142,-4.206902836,-4.819847383,-5.434667977,-6.049769444,-6.663014199,-7.272193279,-7.875005974,-8.468962371,-9.051666897,-9.620945924,-10.17484118,-10.71186225,-11.23099265,-11.73146211,-12.21314331,-12.67579878,-13.11932835,-13.54360962,-13.94818973,-14.33260495,-14.69601784,-15.03778798,-15.35688968,-15.65272183,-15.9246336,-16.1721555,-16.39515923,-16.59370682,-16.76765484,-16.91732166,-17.04320764,-17.14551831,-17.2251782,-17.28302,-17.32020401,-17.33794444,-17.33820504,-17.32239098,-17.29233797,-17.25002912,-17.19715009,-17.13552544,-17.06694064,-16.99305024,-16.91560181,-16.83622058,-16.75667443,-16.67888566,-16.60461593,-16.53594418,-16.47481138,-16.42292167,-16.38209814,-16.35386293,-16.33935345,-16.3396123
1,17.23874686,17.24833276,17.23005022,17.1831604,17.11186277,17.01624734,16.89983572,16.76529387,16.61558824,16.45370972,16.28256736,16.10487524,15.92301065,15.73909867,15.55494901,15.37190911,15.19102957,15.01290845,14.83787156,14.66579871,14.49633243,14.32867658,14.161871,13.994699,13.82574964,13.65344123,13.47616797,13.29224639,13.09997917,12.89771605,12.68386225,12.45694553,12.21554484,11.95839487,11.68441793,11.39260179,11.08211359,10.75226212,10.40251329,10.03246216,9.64184283,9.230425796,8.798106124,8.344809295,7.87053704,7.375334671,6.859219679,6.322276492,5.764622615,5.186419213,4.587842909,3.969209901,3.330887898,2.673429369,1.997498148,1.303967932,0.593924064,-0.131384376,-0.870413322,-1.621416062,-2.382449844,-3.151334577,-3.925691345,-4.703060286,-5.480690785,-6.255757197,-7.025370587,-7.786665516,-8.536710754,-9.272572421,-9.991456408,-10.6907125,-11.36789427,-12.0206482,-12.64694284,-13.24488159,-13.81309172,-14.3503104,-14.85558839,-15.32830023,-15.76812811,-16.17497159,-16.54974616,-16.8919874,-17.20298496,-17.48357644,-17.73474643,-17.95762258,-18.1535462,-18.32387908,-18.47005264,-18.59352468,-18.69560386,-18.77823032,-18.84253186,-18.89002732,-18.92223239,-18.94029836,-18.94546421,-18.93858922,-18.92085244
1,30.52448934,30.48886866,30.42883421,30.3449565,30.23906317,30.11204298,29.96512248,29.79867558,29.61282339,29.40702657,29.18052258,28.93218703,28.66069718,28.36464845,28.04246987,27.69274774,27.31453398,26.90776835,26.47376201,26.01565863,25.53827459,25.04790309,24.55161391,24.05627578,23.56782941,23.09040628,22.62604724,22.17440125,21.73340996,21.29934515,20.86819331,20.43515992,19.99643337,19.54883622,19.0902197,18.61964881,18.13722226,17.64396641,17.14171078,16.63250455,16.11860081,15.60213462,15.08488766,14.56825738,14.05340941,13.54122866,13.03292799,12.5302413,12.03550259,11.55165597,11.08205485,10.6300971,10.19884163,9.791096305,9.408855514,9.053823367,8.726576743,8.427547302,8.156218926,7.911724394,7.69307845,7.498866957,7.327787187,7.178087985,7.048057092,6.9357772,6.839065501,6.756132309,6.684988803,6.624246697,6.572288798,6.527784981,6.489592536,6.456252591,6.426872743,6.400207519,6.375853923,6.353145673,6.332517834,6.314580882,6.300231022,6.290529844,6.286468202,6.28872749,6.297384378,6.312156493,6.332294199,6.356299814,6.383143599,6.410655782,6.436703003,6.45872636,6.47406948,6.479531345,6.472123656,6.44913331,6.407897591,6.347074691,6.265957214,6.165080058,6.047030649
1,-0.79761707,-0.714227106,-0.658585548,-0.63350221,-0.634784472,-0.6629147,-0.719121564,-0.80156129,-0.909321702,-1.041173049,-1.195834037,-1.372057086,-1.568373232,-1.783412286,-2.015768573,-2.264043844,-2.526767458,-2.802714669,-3.090908106,-3.389383017,-3.697953915,-4.015122235,-4.340273705,-4.67248622,-5.011020272,-5.355237291,-5.704503582,-6.058318426,-6.416084863,-6.777343444,-7.141537822,-7.508218282,-7.876832388,-8.246845317,-8.617709653,-8.988922681,-9.359972654,-9.730341402,-10.09970892,-10.4675487,-10.83350425,-11.19729169,-11.55858782,-11.91714932,-12.27283183,-12.62547966,-12.97476202,-13.3207037,-13.66298011,-14.00150677,-14.33606715,-14.66638573,-14.99218954,-15.31315863,-15.62900733,-15.93922581,-16.24345291,-16.54128525,-16.83217412,-17.11575021,-17.39144828,-17.65876483,-17.91724239,-18.16639928,-18.40568825,-18.634656,-18.85286041,-19.05984955,-19.25522838,-19.43855176,-19.60959812,-19.76776274,-19.91301234,-20.04510823,-20.16364526,-20.26854155,-20.35971622,-20.43700184,-20.50042306,-20.5500438,-20.5856182,-20.60830082,-20.61720698,-20.61320355,-20.59640474,-20.56767482,-20.5273652,-20.47629237,-20.41529997,-20.34537954,-20.26753051,-20.18293644,-20.09287968,-19.9988554,-19.90225916,-19.80464053,-19.70743503,-19.6128547,-19.52175171,-19.43592697,-19.3566525
1,6.624276972,6.755607174,6.826951159,6.843381006,6.807794689,6.733429224,6.628163675,6.506575359,6.378589158,6.255055089,6.143149731,6.047236924,5.970530462,5.911650323,5.86923436,5.842035713,5.826080029,5.816725657,5.80892053,5.7952557,5.770622838,5.729528503,5.66604678,5.574349877,5.45211033,5.290243459,5.087570207,4.841944923,4.554902652,4.229751979,3.873335664,3.493631497,3.099554917,2.699089247,2.298511911,1.902421846,1.513204999,1.131716217,0.758497132,0.393322491,0.03655962,-0.310287319,-0.645865148,-0.967377452,-1.271173357,-1.555424668,-1.817910314,-2.057657208,-2.275023685,-2.471492752,-2.648799417,-2.809669834,-2.956691441,-3.091523896,-3.216270927,-3.330954953,-3.43620511,-3.531662243,-3.617640277,-3.692684456,-3.757489013,-3.809860565,-3.852299272,-3.880729243,-3.897569858,-3.903357097,-3.899023796,-3.886221623,-3.86671881,-3.842707279,-3.816515183,-3.789956282,-3.765436699,-3.745471985,-3.732564369,-3.728379369,-3.73461811,-3.752332111,-3.780744411,-3.818378141,-3.864489315,-3.913234561,-3.964824675,-4.013596403,-4.058575655,-4.093984743,-4.118539901,-4.128666216,-4.123195878,-4.098141441,-4.052108696,-3.981865813,-3.8894197,-3.773863952,-3.637447992,-3.47917964,-3.302878202,-3.112260162,-2.90767417,-2.698352369,-2.486342963
1,2.799390321,2.858934144,2.912913081,2.960089707,3.000459947,3.033735152,3.059555313,3.077980272,3.089780199,3.094825868,3.093460179,3.085699961,3.071107915,3.049152703,3.018806001,2.979834781,2.930195108,2.870941508,2.800102139,2.717749253,2.623978932,2.5188556,2.402930815,2.27666564,2.140972196,1.99678916,1.845214378,1.687537455,1.524962722,1.358671988,1.190096091,1.020053586,0.849849471,0.679997662,0.511240021,0.3438256,0.177982474,0.01371359,-0.149002577,-0.309990343,-0.469211776,-0.626371673,-0.781208998,-0.933282131,-1.082030644,-1.226987241,-1.3670529,-1.501321563,-1.628842695,-1.748677887,-1.859700397,-1.961520862,-2.053124999,-2.134744831,-2.206227886,-2.267735339,-2.319448078,-2.362270386,-2.396500707,-2.422851971,-2.442004234,-2.454842074,-2.461982514,-2.463705921,-2.46070015,-2.453271492,-2.441858537,-2.426166899,-2.406887549,-2.38382628,-2.35736591,-2.326958334,-2.294128489,-2.259072407,-2.22228634,-2.184667018,-2.14776675,-2.112914379,-2.080785628,-2.053062149,-2.030689204,-2.014611923,-2.00548469,-2.003883956,-2.010186415,-2.024624465,-2.047464041,-2.078883125,-2.119493091,-2.169655996,-2.230514976,-2.300679797,-2.381470768,-2.472342151,-2.571802683,-2.679531329,-2.793393105,-2.912638023,-3.033624396,-3.155410028,-3.275206598
1,-15.07654151,-15.02171244,-14.97169167,-14.92714181,-14.88851794,-14.85626339,-14.8305613,-14.81147371,-14.79867883,-14.79252565,-14.79234994,-14.79822929,-14.80962732,-14.82651388,-14.84844116,-14.8750097,-14.90621065,-14.94174655,-14.98117421,-15.02428474,-15.07133448,-15.12149307,-15.17546324,-15.23270994,-15.2935591,-15.35827765,-15.42714262,-15.50059901,-15.57916075,-15.66340135,-15.7535951,-15.85069226,-15.95486042,-16.06666971,-16.18628958,-16.31394561,-16.44974448,-16.59365825,-16.7457583,-16.90590449,-17.0742226,-17.25038907,-17.43456061,-17.6264707,-17.82614976,-18.03357893,-18.24837939,-18.47028532,-18.69878239,-18.93309413,-19.1720912,-19.41445976,-19.65866535,-19.9028907,-20.145408,-20.38435494,-20.61797899,-20.84455171,-21.06254375,-21.27056767,-21.46739382,-21.65197573,-21.82345902,-21.98117896,-22.12461334,-22.25334682,-22.36723255,-22.46612089,-22.55003995,-22.61916629,-22.67362585,-22.71421201,-22.74085892,-22.75475985,-22.75614629,-22.74636719,-22.72589494,-22.69604379,-22.65758771,-22.61164618,-22.55911535,-22.50108427,-22.43851091,-22.37229201,-22.30341568,-22.23272535,-22.16103061,-22.08912227,-22.01775893,-21.94749047,-21.87886523,-21.81242939,-21.74854295,-21.68766565,-21.63001972,-21.57582749,-21.52538654,-21.47888287,-21.43630807,-21.39783723,-21.36347216
1,-13.87261988,-14.36790019,-14.86204462,-15.34980096,-15.82587673,-16.28519069,-16.72261981,-17.1337643,-17.51476364,-17.86223379,-18.17349019,-18.44620007,-18.67948208,-18.8716511,-19.02410365,-19.13527041,-19.20748694,-19.24092555,-19.23799688,-19.20124006,-19.1333177,-19.037567,-18.91765174,-18.77745554,-18.62104156,-18.45258455,-18.27673405,-18.09751115,-17.91955983,-17.74706267,-17.58398294,-17.43404124,-17.30075706,-17.18697518,-17.09529132,-17.02779202,-16.9850408,-16.96903362,-16.97961217,-17.01633286,-17.07842222,-17.16457322,-17.2728081,-17.40118556,-17.54669175,-17.70676284,-17.87797314,-18.0570995,-18.24059471,-18.42498071,-18.60698715,-18.78342869,-18.95163558,-19.10918643,-19.25419669,-19.38537555,-19.50182619,-19.60309989,-19.68997089,-19.76273847,-19.8227353,-19.87135968,-19.91041506,-19.94191224,-19.96793361,-19.99012551,-20.01186778,-20.03410928,-20.05894448,-20.08822836,-20.1233131,-20.16559891,-20.21622227,-20.2761843,-20.34628332,-20.4272109,-20.51922846,-20.62271835,-20.73766251,-20.86350425,-20.99980977,-21.14615539,-21.30198063,-21.4657966,-21.63609031,-21.81272489,-21.9938719,-22.1782065,-22.36433344,-22.55085974,-22.73636151,-22.91912756,-23.09760569,-23.27038795,-23.43537182,-23.59106656,-23.73511866,-23.86619949,-23.98241116,-24.08111984,-24.16159693
1,-16.12005309,-16.27014776,-16.4423496,-16.61591345,-16.77084112,-16.88869569,-16.95849376,-16.97427208,-16.93388252,-16.84291697,-16.71159773,-16.5548619,-16.39094608,-16.23891228,-16.11490042,-16.03325114,-16.00327114,-16.03017119,-16.1171812,-16.26031862,-16.45820535,-16.70513361,-16.99664062,-17.32631069,-17.69030051,-18.08277275,-18.49872365,-18.93255038,-19.37801001,-19.82857346,-20.27780684,-20.71949686,-21.14831961,-21.56069224,-21.95292411,-22.3227754,-22.66818046,-22.98747516,-23.27968695,-23.54474288,-23.78315422,-23.99589786,-24.1849069,-24.35180082,-24.49765022,-24.62301986,-24.72755514,-24.80902293,-24.86755209,-24.89979103,-24.90569608,-24.88548399,-24.84114236,-24.77623809,-24.69580435,-24.6065882,-24.51574872,-24.43062183,-24.35720536,-24.299728,-24.26098975,-24.23990313,-24.23475295,-24.2418123,-24.25705278,-24.27612955,-24.29499882,-24.31000653,-24.3176985,-24.31540686,-24.30119578,-24.27380652,-24.2356988,-24.18720924,-24.13191272,-24.07264195,-24.01141874,-23.94970841,-23.88816174,-23.82716657,-23.7672157,-23.70894921,-23.65342485,-23.60165834,-23.55434047,-23.51192256,-23.47441699,-23.44092235,-23.4097827,-23.37828452,-23.34279128,-23.29922196,-23.24325898,-23.17090731,-23.07873579,-22.96477695,-22.82820457,-22.67074871,-22.49588329,-22.30864722,-22.11629606
1,0.07803776,0.175744895,0.261805324,0.332853955,0.389723416,0.441391772,0.500728972,0.579771459,0.682031015,0.802090099,0.929242877,1.04635449,1.147522357,1.233847787,1.311131357,1.389901467,1.477124749,1.578252675,1.69504558,1.828310883,1.975664588,2.130049922,2.276549417,2.391855188,2.450189433,2.434936985,2.338911285,2.168297838,1.939421879,1.671682398,1.382243522,1.080013882,0.769894458,0.453098081,0.131355382,-0.197635169,-0.535376619,-0.886250652,-1.25348205,-1.638886715,-2.04131857,-2.457464016,-2.881681453,-3.306572999,-3.725041389,-4.12660783,-4.504397812,-4.852343308,-5.167148754,-5.446651052,-5.69327377,-5.912749162,-6.113088145,-6.30580705,-6.500659221,-6.70647071,-6.926166486,-7.159737005,-7.401974227,-7.64675253,-7.889958803,-8.12880118,-8.360219809,-8.577738322,-8.774006488,-8.943923365,-9.083048627,-9.18851855,-9.260794073,-9.304267456,-9.326411179,-9.335432515,-9.33618314,-9.328220637,-9.307099822,-9.266426977,-9.200511594,-9.106796623,-8.983474249,-8.831321524,-8.652538793,-8.455458006,-8.252869208,-8.059674512,-7.888187693,-7.747135985,-7.639108759,-7.559537803,-7.499751602,-7.448698201,-7.399566086,-7.350201474,-7.299682536,-7.252167929,-7.212016826,-7.184498143,-7.173334528,-7.183347996,-7.218292065,-7.277910893,-7.359253979
1,-2.743017751,-2.875435583,-2.947379193,-2.950400366,-2.886827759,-2.769148146,-2.616327302,-2.449330421,-2.291829998,-2.160635834,-2.07277867,-2.038866663,-2.066242024,-2.155190227,-2.299851451,-2.491008917,-2.71694083,-2.969616901,-3.242778005,-3.531686786,-3.832729487,-4.143786928,-4.463490065,-4.791611248,-5.130461011,-5.482111981,-5.84894902,-6.234050069,-6.641230185,-7.073100283,-7.529264941,-8.009216834,-8.508998398,-9.025734074,-9.555350924,-10.09244617,-10.63152315,-11.16704685,-11.6950177,-12.21285029,-12.72064147,-13.21880963,-13.70862963,-14.1896385,-14.65762636,-15.11275799,-15.55583493,-15.99143681,-16.42700366,-16.87321878,-17.33628081,-17.82096311,-18.32242997,-18.83135881,-19.33546767,-19.82727198,-20.3009344,-20.75382781,-21.18024417,-21.57224444,-21.92519841,-22.23913827,-22.52141559,-22.78272141,-23.02837848,-23.25707105,-23.4653829,-23.65225923,-23.82479095,-23.99717328,-24.18974457,-24.41894968,-24.69457626,-25.01303031,-25.35982452,-25.71537457,-26.06204097,-26.38464663,-26.67853385,-26.9445498,-27.19197598,-27.43583091,-27.69179514,-27.96863522,-28.27482096,-28.60405681,-28.94076342,-29.26098231,-29.54061688,-29.75857736,-29.9063368,-29.98652502,-30.00817258,-29.97957964,-29.90792579,-29.8054647,-29.67047559,-29.51346573,-29.33602753,-29.14123264,-28.92984365
1,-2.465132141,-2.52475016,-2.612286099,-2.732563965,-2.886887697,-3.073615427,-3.290716047,-3.537533568,-3.814831928,-4.123609357,-4.461331982,-4.818513011,-5.179749165,-5.529216957,-5.856127359,-6.15607762,-6.430367156,-6.684457819,-6.92559301,-7.158069482,-7.381553171,-7.594159952,-7.795735107,-7.989148373,-8.179453875,-8.373938536,-8.581226388,-8.809413915,-9.065799861,-9.355606872,-9.682557685,-10.04881679,-10.45568231,-10.90419776,-11.39293069,-11.91560903,-12.46059443,-13.01110472,-13.54780625,-14.05709921,-14.53734419,-14.99960093,-15.4612585,-15.94114333,-16.45126498,-16.99195407,-17.55247955,-18.11668705,-18.66966075,-19.20234873,-19.71096283,-20.19411429,-20.6488189,-21.07079308,-21.45616056,-21.80316022,-22.11349955,-22.38926625,-22.63015426,-22.83405211,-23.00239613,-23.14315076,-23.27035957,-23.39893728,-23.54075227,-23.7031789,-23.89107601,-24.10897133,-24.36184292,-24.65218459,-24.97422558,-25.31266649,-25.64860017,-25.96953016,-26.27310172,-26.56339783,-26.8435535,-27.11153495,-27.36024664,-27.58057044,-27.7651323,-27.90847525,-28.00797165,-28.06375695,-28.07781386,-28.05515333,-28.00284164,-27.92903275,-27.84036222,-27.74177153,-27.63679045,-27.52963007,-27.42351806,-27.3209992,-27.22417351,-27.13519208,-27.05587617,-26.98748224,-26.92974337,-26.88177809,-26.84450978
1,-3.46939036,-3.571386498,-3.70667248,-3.877558506,-4.084349765,-4.327793641,-4.608362001,-4.926147605,-5.281105262,-5.672820621,-6.100696849,-6.564053724,-7.062061174,-7.59389037,-8.158663915,-8.755172403,-9.381903078,-10.0370981,-10.71881077,-11.42507198,-12.15404237,-12.90364177,-13.67144251,-14.45435324,-15.24870989,-16.05071465,-16.85734622,-17.6663816,-18.47725841,-19.29007147,-20.10532518,-20.92278956,-21.74091438,-22.55648809,-23.36483609,-24.16027539,-24.93763624,-25.69283668,-26.42353117,-27.13527349,-27.83112483,-28.52043374,-29.21207145,-29.91313846,-30.62732328,-31.35366464,-32.08704701,-32.81927124,-33.54085567,-34.24254796,-34.91626595,-35.55612623,-36.15821502,-36.72068196,-37.24348374,-37.72800615,-38.17680774,-38.59351037,-38.98247535,-39.34841759,-39.69585317,-40.0291414,-40.35088454,-40.6641291,-40.97033183,-41.27072154,-41.56642453,-41.8585896,-42.14866512,-42.43822162,-42.72885572,-43.02181011,-43.31662322,-43.61411185,-43.9100958,-44.20039331,-44.47834443,-44.73550068,-44.96259748,-45.15129232,-45.29213518,-45.37901262,-45.40854657,-45.37709768,-45.28470185,-45.13359799,-44.92832645,-44.67449728,-44.38017878,-44.05380851,-43.70502191,-43.34057472,-42.96719572,-42.58911997,-42.20878463,-41.82633793,-41.44066184,-41.04962747,-40.65173224,-40.24666187,-39.83676073
1,20.11350061,20.15334039,20.16090622,20.13439787,20.07604915,19.98521378,19.86322849,19.71174458,19.53324709,19.33047326,19.10648575,18.86443598,18.60750228,18.3386593,18.06079452,17.77650413,17.48801699,17.19711062,16.90498872,16.61224913,16.31901727,16.02475264,15.72847852,15.42865389,15.12338378,14.81052491,14.48776442,14.15268368,13.80301597,13.43664377,13.05172086,12.64682077,12.22088954,11.77330926,11.30388469,10.81291884,10.30107274,9.769363231,9.219117436,8.652089306,8.070092358,7.475252274,6.869765327,6.255851303,5.635970844,5.01240195,4.387501006,3.763499016,3.142587532,2.526781297,1.91790753,1.317650764,0.727473186,0.148638821,-0.41784148,-0.971084167,-1.510446981,-2.035381639,-2.545473592,-3.040377333,-3.519779937,-3.983436613,-4.431132994,-4.862716847,-5.278100022,-5.677320629,-6.060486138,-6.427864781,-6.779764584,-7.116536889,-7.438664183,-7.746481962,-8.040458581,-8.32084241,-8.587975414,-8.842012121,-9.083076326,-9.31123755,-9.526652712,-9.729345836,-9.919451195,-10.09704404,-10.26235031,-10.41550351,-10.55683714,-10.68661524,-10.80522139,-10.91307731,-11.01065758,-11.09853197,-11.17734764,-11.24777581,-11.31059339,-11.36660982,-11.41667174,-11.46172739,-11.50262898,-11.54014664,-11.57549705,-11.60891326,-11.64121084
1,14.1908287,14.17088426,14.15580145,14.14479212,14.13716573,14.13204616,14.12846501,14.12534694,14.12149973,14.11552471,14.10594744,14.09108455,14.06911551,14.0382465,13.99660249,13.94224342,13.87327824,13.78756114,13.68331265,13.55832377,13.41082942,13.23906101,13.04145714,12.81709831,12.56551533,12.28678833,11.98167525,11.65148661,11.29802531,10.92361641,10.53100459,10.12338511,9.704096844,9.276872588,8.845402372,8.413390584,7.984323544,7.561424678,7.147451461,6.744602928,6.354526946,5.978139213,5.615847779,5.267482639,4.9325015,4.609963171,4.298841465,3.998069296,3.706556379,3.423366338,3.147558195,2.878350797,2.615128908,2.357621064,2.105866533,1.86009485,1.620911952,1.389197948,1.165909956,0.95214619,0.748871957,0.557183896,0.377876049,0.211508246,0.058607898,-0.080654282,-0.206122885,-0.317938548,-0.416281873,-0.501293689,-0.573589491,-0.633523522,-0.68171047,-0.718807011,-0.745612647,-0.763092767,-0.772295651,-0.774375188,-0.770617706,-0.762289327,-0.750727296,-0.737088914,-0.722421146,-0.70753642,-0.692957122,-0.679136432,-0.666299858,-0.654587321,-0.644113864,-0.634903787,-0.626996926,-0.620402878,-0.615124419,-0.611144102,-0.608460768,-0.606975886,-0.606516751,-0.606895059,-0.608075458,-0.609827248,-0.611968588
1,17.70673078,17.66031483,17.60655857,17.5478019,17.48491882,17.41987108,17.35392921,17.28846035,17.22444451,17.16273731,17.10397646,17.04863091,16.99675255,16.94812154,16.90232884,16.85873885,16.81625801,16.77343329,16.72903633,16.68099957,16.62733625,16.56574487,16.49387652,16.40894452,16.30894286,16.1904174,16.05080704,15.88768499,15.69805653,15.47939222,15.22912827,14.94489889,14.62437733,14.26544966,13.86619852,13.42491213,12.93999879,12.41011227,11.83421599,11.21151844,10.54134349,9.823322916,9.057425927,8.243864075,7.383108849,6.475916166,5.523364508,4.526983482,3.488474798,2.409879915,1.293508307,0.142172794,-1.04097719,-2.252651937,-3.48923265,-4.74682642,-6.021062939,-7.307634753,-8.601996408,-9.899392758,-11.19505583,-12.48408148,-13.76162629,-15.0230736,-16.26369937,-17.47895991,-18.66456414,-19.81664909,-20.93143518,-22.00551614,-23.03582067,-24.01972262,-24.95492451,-25.83950336,-26.6720061,-27.45145504,-28.17701677,-28.84851176,-29.46600929,-30.03000145,-30.54143638,-31.00130922,-31.41120523,-31.77297856,-32.08856525,-32.36025423,-32.5906044,-32.78182685,-32.93818885,-33.06113645,-33.15428463,-33.22062679,-33.26362477,-33.28529682,-33.29082316,-33.28093152,-33.25888992,-33.22695935,-33.18771022,-33.14338102,-33.09423323
1,2.663873673,2.703425968,2.728711423,2.737076947,2.726159866,2.693213723,2.635743098,2.549128833,2.428799617,2.269025974,2.064189514,1.808500181,1.497151796,1.125982995,0.691604747,0.191838455,-0.374231285,-1.006136032,-1.701635017,-2.457251572,-3.268302537,-4.129928921,-5.037055746,-5.984950213,-6.969428732,-7.98682771,-9.033907852,-10.10775486,-11.20488728,-12.32116438,-13.45067239,-14.58584177,-15.71722939,-16.83378456,-17.92355056,-18.97445828,-19.97516716,-20.91616381,-21.78971819,-22.59080625,-23.31650864,-23.96591142,-24.54024439,-25.04176314,-25.47361523,-25.83937789,-26.14351696,-26.38934268,-26.58094971,-26.72246567,-26.81727514,-26.86876205,-26.8801142,-26.85570222,-26.79839185,-26.71200198,-26.59946907,-26.46403518,-26.30847951,-26.13531405,-25.94654088,-25.74392273,-25.52895358,-25.30241006,-25.06553536,-24.81833194,-24.56130016,-24.29527558,-24.02193429,-23.74419498,-23.46622456,-23.1946047,-22.93714829,-22.70323068,-22.5032804,-22.34668847,-22.24185737,-22.19193824,-22.19797725,-22.25511766,-22.35305661,-22.47823835,-22.61493478,-22.74679995,-22.85959686,-22.94181519,-22.98645916,-22.9902491,-22.95469463,-22.88366666,-22.78482229,-22.66533231,-22.53442443,-22.40074603,-22.27243669,-22.15620591,-22.05734665,-21.97903693,-21.92232134,-21.88644224,-21.86879553
1,14.27665226,14.22260655,14.15812326,14.08439303,14.00332728,13.91642791,13.82558688,13.73157067,13.63517302,13.53605589,13.43299699,13.32463711,13.20794575,13.08075452,12.93894755,12.77998559,12.60011989,12.39687064,12.16824572,11.91281134,11.62971604,11.31885085,10.98025324,10.61461114,10.22261426,9.805175778,9.362982381,8.896474638,8.405823828,7.890775377,7.351029325,6.786097991,6.195810829,5.580452279,4.940743841,4.278031279,3.594320131,2.891938601,2.173587914,1.442310959,0.701044155,-0.047371801,-0.800104324,-1.55455559,-2.308126745,-3.058006431,-3.80137528,-4.534728324,-5.254415111,-5.956254268,-6.635665609,-7.287891399,-7.908269998,-8.492055493,-9.035143704,-9.534314341,-9.987365361,-10.39374754,-10.75377019,-11.07005168,-11.34500865,-11.5829906,-11.7889951,-11.9675421,-12.12425465,-12.26326061,-12.38874132,-12.50328198,-12.60943532,-12.7081204,-12.80049214,-12.88740599,-12.96988393,-13.05004012,-13.12941207,-13.21071822,-13.29631628,-13.38778418,-13.48605356,-13.5912475,-13.70085413,-13.81163418,-13.91816662,-14.01402057,-14.09085524,-14.14254002,-14.16001542,-14.13689754,-14.06861183,-13.95194817,-13.78774526,-13.5776854,-13.32771217,-13.0452755,-12.73942877,-12.42035122,-12.0985947,-11.78435874,-11.48725885,-11.21559178,-10.97604348
1,-16.13287541,-16.87336859,-17.71399598,-18.64747032,-19.66553891,-20.7597021,-21.92203675,-23.14695607,-24.43199704,-25.77823133,-27.18950538,-28.6709849,-30.22655271,-31.85626021,-33.55459074,-35.31076291,-37.10995571,-38.93675099,-40.77776514,-42.6231742,-44.46623745,-46.30052687,-48.11724978,-49.90299831,-51.63960592,-53.30555505,-54.87913259,-56.34043587,-57.67291951,-58.86403168,-59.90768025,-60.80160097,-61.55240828,-62.17398146,-62.6886488,-63.12331123,-63.50715668,-63.86608786,-64.2198045,-64.58006923,-64.95060391,-65.32873169,-65.70746496,-66.07744636,-66.42901082,-66.75321115,-67.04207663,-67.2899324,-67.49148552,-67.64302036,-67.74151727,-67.78538429,-67.77402505,-67.7106685,-67.6014199,-67.45884096,-67.29905013,-67.14232096,-67.00869336,-66.91644574,-66.87782276,-66.89744839,-66.97125997,-67.08741202,-67.22765617,-67.36859696,-67.48577708,-67.55665668,-67.56315271,-67.4932268,-67.34163158,-67.11245757,-66.81564446,-66.46898204,-66.09159644,-65.70705035,-65.33786826,-65.00534543,-64.72519687,-64.50973795,-64.36476363,-64.29164775,-64.28858304,-64.35029912,-64.46733173,-64.63106821,-64.83004273,-65.05281823,-65.28837738,-65.52635478,-65.75821522,-65.97718203,-66.17877012,-66.35927101,-66.51600474,-66.6469679,-66.75000341,-66.82414641,-66.87007766,-66.89015281,-66.88857256
1,-1.076973685,-1.068603577,-1.076373269,-1.09971613,-1.137828362,-1.189716224,-1.253341854,-1.328482379,-1.413578323,-1.507293362,-1.608512398,-1.716173286,-1.829178879,-1.946684651,-2.06778278,-2.191895312,-2.318501119,-2.447274027,-2.577967732,-2.710613497,-2.845185528,-2.982064156,-3.121650501,-3.264528445,-3.411269481,-3.562859688,-3.719698447,-3.883073315,-4.053688541,-4.232533775,-4.420480103,-4.618260038,-4.826719057,-5.046556515,-5.278240403,-5.52223935,-5.778854291,-6.048238147,-6.33042822,-6.625238576,-6.932326538,-7.251308909,-7.581382864,-7.921823996,-8.271652902,-8.629734693,-8.99481343,-9.365478902,-9.74030164,-10.1177119,-10.49598138,-10.87348509,-11.24845549,-11.61923627,-11.98407743,-12.34135351,-12.68954016,-13.02697117,-13.35231107,-13.66430956,-13.96167975,-14.24335907,-14.50845774,-14.7561112,-14.98569078,-15.19654693,-15.38826439,-15.56058086,-15.71333681,-15.84660026,-15.95996852,-16.05406343,-16.12829974,-16.18421505,-16.22084481,-16.23945967,-16.23999216,-16.22377959,-16.19161972,-16.14415875,-16.0816534,-16.00566454,-15.9172711,-15.81745216,-15.70746871,-15.58843356,-15.46171312,-15.32858091,-15.19037297,-15.04843315,-14.90411756,-14.75869416,-14.61335308,-14.4694628,-14.32807478,-14.19035136,-14.05731611,-13.92978528,-13.80866962,-13.69461756,-13.58818915
1,-1.715149539,-1.576191488,-1.454441507,-1.356481679,-1.289460732,-1.25944487,-1.27104756,-1.325695052,-1.42287464,-1.55843582,-1.726307497,-1.919225284,-2.129816739,-2.352578075,-2.583443199,-2.820410939,-3.062938736,-3.311477374,-3.566457859,-3.827673072,-4.093509971,-4.360657972,-4.624841874,-4.882027375,-5.12947616,-5.366774889,-5.594850913,-5.815994008,-6.0324969,-6.246130482,-6.457700318,-6.667073737,-6.873471032,-7.075759991,-7.272477125,-7.462241655,-7.643464469,-7.814592385,-7.973727405,-8.119246902,-8.249920155,-8.364973919,-8.464514662,-8.549773018,-8.624287657,-8.693512712,-8.763975382,-8.842098656,-8.933085183,-9.039565043,-9.161572208,-9.296567013,-9.439839368,-9.585808571,-9.727696008,-9.858573946,-9.972194868,-10.06442168,-10.13295613,-10.1772489,-10.19789796,-10.19671062,-10.17596232,-10.13872078,-10.0889995,-10.03113449,-9.969463406,-9.907619072,-9.847568622,-9.789429404,-9.731859408,-9.672776892,-9.610315317,-9.543405872,-9.471593714,-9.394497545,-9.311622078,-9.222978671,-9.127877224,-9.026390286,-8.918937924,-8.806586285,-8.691029859,-8.575101459,-8.462357006,-8.356734669,-8.261518636,-8.179385025,-8.112453059,-8.062573109,-8.031303132,-8.018826084,-8.02402926,-8.043336132,-8.071831338,-8.103137462,-8.130106926,-8.146009005,-8.145396478,-8.124358009,-8.081409588
1,-15.43220263,-15.45350428,-15.48131313,-15.51630956,-15.55900253,-15.60989931,-15.66924312,-15.7376302,-15.81520657,-15.90210393,-15.99852823,-16.10457277,-16.22032519,-16.34604278,-16.48169347,-16.6275247,-16.78358734,-16.95007281,-17.12695806,-17.31431897,-17.5121521,-17.72053153,-17.93932671,-18.16837849,-18.40735463,-18.65598796,-18.91352807,-19.17933969,-19.45241648,-19.7317639,-20.01615354,-20.30439985,-20.59506112,-20.88699864,-21.17898791,-21.46989331,-21.7587595,-22.04482569,-22.32734395,-22.60579769,-22.87976475,-23.14888129,-23.41282612,-23.67118968,-23.92377735,-24.17008651,-24.40987433,-24.64287308,-24.86870391,-25.08739485,-25.29876708,-25.50296438,-25.7000353,-25.8900814,-26.07334147,-26.25005767,-26.42064156,-26.58545176,-26.74486185,-26.89937804,-27.04934663,-27.19512039,-27.33698865,-27.47528834,-27.61030014,-27.7422336,-27.87143594,-27.99820971,-28.12264731,-28.24485927,-28.3648678,-28.48240371,-28.59720376,-28.70884229,-28.8166904,-28.92005454,-29.01812927,-29.11015189,-29.19528338,-29.27273421,-29.3417981,-29.40194068,-29.45280043,-29.49407005,-29.52587083,-29.54832934,-29.56158509,-29.5663325,-29.56291063,-29.55191449,-29.53403493,-29.50981916,-29.480043,-29.44538056,-29.40649137,-29.364049,-29.31872332,-29.27109986,-29.2217057,-29.17113284,-29.1197532
1,14.37189935,14.42528291,14.48674062,14.55572412,14.63172789,14.71359917,14.79987024,14.88851809,14.97731028,15.06318783,15.14376523,15.2157908,15.27674623,15.32398143,15.35599413,15.37076421,15.3673215,15.34484016,15.30265786,15.24042224,15.15792477,15.05501933,14.93170296,14.78790264,14.62368281,14.43918696,14.23469313,14.01056682,13.76785966,13.5077913,13.23185465,12.94202103,12.64022231,12.32879834,12.00971531,11.68473712,11.35553557,11.02346347,10.68945901,10.3546687,10.01993108,9.68635436,9.355031987,9.027265491,8.704414571,8.387994571,8.079452554,7.780376096,7.492354609,7.216817851,6.954940271,6.707520276,6.47477918,6.25657461,6.052294845,5.860632131,5.680420223,5.50974338,5.347355532,5.191781477,5.041792811,4.896212719,4.754042377,4.61432355,4.476094259,4.338801745,4.20219464,4.066438318,3.932068257,3.799888914,3.670861196,3.545970895,3.426395465,3.312950326,3.206026054,3.105842711,3.012068828,2.924648777,2.842447427,2.76513026,2.691784446,2.621610852,2.554610559,2.48922256,2.425942868,2.364345603,2.304638943,2.246925924,2.191544006,2.139729532,2.092359789,2.050670275,2.016819279,1.992554384,1.979822352,1.981215025,1.997873301,2.03198479,2.084270588,2.155207597,2.24435742
1,7.546438498,7.726058991,7.886760221,8.022901308,8.129979092,8.205483589,8.248304858,8.25928859,8.240881214,8.196676788,8.130887999,8.046734324,7.946507879,7.830619008,7.697860016,7.546185953,7.372711477,7.1748298,6.951740433,6.704192964,6.435813498,6.151459491,5.857750355,5.56108257,5.26654207,4.975985604,4.687842777,4.397872274,4.10058622,3.792585214,3.474378131,3.150492687,2.827797604,2.513263994,2.212828309,1.931059342,1.671193309,1.436091743,1.226803246,1.043455873,0.883959518,0.743581011,0.615809296,0.492929146,0.366191233,0.225402425,0.057942983,-0.149052118,-0.406855292,-0.722243823,-1.096356986,-1.523198146,-1.989568028,-2.476264471,-2.962083292,-3.42618677,-3.850899569,-4.222831887,-4.533229833,-4.777984484,-4.957600574,-5.075903256,-5.140360519,-5.161039607,-5.149225225,-5.11654811,-5.073952784,-5.030616222,-4.994390035,-4.971096573,-4.965996043,-4.983150146,-5.026014134,-5.095638859,-5.19249125,-5.31471038,-5.459146238,-5.62076774,-5.79325186,-5.969029634,-6.139959192,-6.298249379,-6.437084647,-6.551824801,-6.640446758,-6.703332842,-6.742730923,-6.762320019,-6.766315802,-6.759462809,-6.745500341,-6.727136572,-6.705971654,-6.683348875,-6.660292009,-6.636236514,-6.609263634,-6.575897014,-6.531833481,-6.473682854,-6.400305997
1,10.78985422,10.81344434,10.83208257,10.84395259,10.84677976,10.83797125,10.81464885,10.7730092,10.71101882,10.62370885,10.50844634,10.36228382,10.18213341,9.966617225,9.713836227,9.423178491,9.094499229,8.727958589,8.324603315,7.886049716,7.414475781,6.912792186,6.384195893,5.832501686,5.261659543,4.675809029,4.079270355,3.475953627,2.869525774,2.262993283,1.65890386,1.058998647,0.464612845,-0.123602069,-0.705312872,-1.280324376,-1.848474408,-2.409348476,-2.962165882,-3.50565001,-4.037942547,-4.556783347,-5.059740226,-5.544020552,-6.006618824,-6.444504251,-6.854059226,-7.232830887,-7.576227085,-7.881132443,-8.14402335,-8.361557423,-8.529785791,-8.647877635,-8.714496779,-8.728326679,-8.691663954,-8.607577332,-8.479564655,-8.31374853,-8.117502646,-7.899335643,-7.667656039,-7.431322496,-7.199040302,-6.978473502,-6.775891009,-6.596581215,-6.444338051,-6.321642653,-6.229882092,-6.168891129,-6.137183832,-6.132339281,-6.151369985,-6.189315311,-6.242604015,-6.30532579,-6.372928367,-6.440518693,-6.503406413,-6.558261781,-6.602352814,-6.633104248,-6.650438779,-6.65349204,-6.643349172,-6.621646492,-6.590741578,-6.553333883,-6.512583356,-6.471650044,-6.433984599,-6.402140243,-6.378890688,-6.365239302,-6.362480488,-6.370763932,-6.389571141,-6.417667976,-6.453847478
1,-3.84646348,-4.013292533,-4.286597606,-4.632537937,-5.014528394,-5.396872309,-5.749306347,-6.050308707,-6.28842181,-6.460156769,-6.573748838,-6.639212207,-6.67235416,-6.689806056,-6.707845589,-6.739749442,-6.795876026,-6.883004829,-7.004466575,-7.161075865,-7.3515887,-7.573109482,-7.822058269,-8.09420113,-8.385366176,-8.691503565,-9.008919948,-9.334059125,-9.664113586,-9.997272509,-10.33179803,-10.66710223,-11.00310405,-11.34065502,-11.68129714,-12.02731573,-12.38181735,-12.74865336,-13.13206155,-13.53597227,-13.96354022,-14.41676422,-14.89629968,-15.40079036,-15.92839076,-16.47626818,-17.04166797,-17.62172351,-18.2136226,-18.81451719,-19.42101316,-20.02933806,-20.63563609,-21.23593097,-21.82640035,-22.40308756,-22.96253672,-23.50221942,-24.01983141,-24.51319304,-24.98058225,-25.42033369,-25.83074149,-26.2106515,-26.56014412,-26.87933486,-27.17147329,-27.4388415,-27.68626635,-27.91768935,-28.13710727,-28.34579477,-28.54542899,-28.73610751,-28.91771078,-29.08912893,-29.24973789,-29.3993556,-29.53814435,-29.66694444,-29.78707101,-29.89934084,-30.00536115,-30.10584262,-30.20091314,-30.29060217,-30.37340154,-30.44714065,-30.50876671,-30.55411459,-30.57917929,-30.58003341,-30.55308423,-30.49617227,-30.40842478,-30.29011744,-30.14411652,-29.97550511,-29.79243196,-29.60401823,-29.4228096
1,2.225573188,2.195455846,2.155022417,2.105514941,2.047736373,1.983115389,1.911566053,1.833853287,1.749895394,1.659218402,1.561046591,1.454287193,1.337469946,1.208879791,1.066734999,0.909095111,0.734206395,0.540405299,0.326411273,0.091107647,-0.166144624,-0.44565946,-0.747511829,-1.071409343,-1.416852073,-1.783275681,-2.169988975,-2.576273061,-3.001260719,-3.444243496,-3.904235068,-4.380233222,-4.871131647,-5.375625629,-5.892074073,-6.418697299,-6.953143792,-7.492938435,-8.034986774,-8.576022426,-9.112304557,-9.640164469,-10.15564364,-10.65514711,-11.13530204,-11.59317704,-12.02626355,-12.43273057,-12.81125072,-13.16111773,-13.48197361,-13.77377694,-14.03699715,-14.27263143,-14.48158595,-14.66482985,-14.82419801,-14.96137006,-15.07837565,-15.17747889,-15.26110905,-15.33167899,-15.39148467,-15.44326242,-15.48879766,-15.52995198,-15.56822862,-15.60464717,-15.64003875,-15.67450061,-15.70785488,-15.73991398,-15.76990736,-15.79714038,-15.82069853,-15.8398236,-15.85362807,-15.86159668,-15.86335995,-15.85850356,-15.84701945,-15.82943103,-15.8053383,-15.77573879,-15.74108583,-15.70228481,-15.65971308,-15.61539433,-15.56876096,-15.52138729,-15.47419987,-15.4277008,-15.38219955,-15.3389444,-15.29851928,-15.26164465,-15.22926543,-15.20215239,-15.18142651,-15.16811755,-15.16314056
1,2.903125259,2.910790134,2.917175512,2.928939674,2.950059338,2.979314072,3.008665391,3.022893915,3.004910988,2.93956608,2.813263787,2.619840328,2.359470801,2.037733504,1.663364255,1.246040047,0.797578547,0.328633681,-0.149702776,-0.626533146,-1.09181102,-1.53725209,-1.956742394,-2.349413844,-2.718625833,-3.072058373,-3.419882792,-3.772673115,-4.139888192,-4.528427555,-4.94215071,-5.38127792,-5.844298307,-6.326244193,-6.821295669,-7.322329884,-7.822107433,-8.3136244,-8.790848901,-9.249138078,-9.685192463,-10.09703604,-10.48477827,-10.84964285,-11.19362643,-11.51858767,-11.82563605,-12.1156098,-12.3878409,-12.64183673,-12.87598767,-13.08812021,-13.27563404,-13.43680435,-13.56967734,-13.67387608,-13.74860188,-13.79546875,-13.81597928,-13.81220957,-13.78750145,-13.74484232,-13.685501,-13.61018483,-13.51554249,-13.39727372,-13.25038939,-13.06712245,-12.84594049,-12.5813059,-12.27338913,-11.92418546,-11.53550439,-11.1164929,-10.67531798,-10.22336903,-9.774529802,-9.346081432,-8.956551006,-8.624669972,-8.366810786,-8.193967816,-8.11304887,-8.115064926,-8.194917997,-8.332377092,-8.504194693,-8.685264112,-8.849242255,-8.972751762,-9.04053499,-9.041312724,-8.975762317,-8.851068005,-8.681605648,-8.483009898,-8.270858249,-8.0600736,-7.862098777,-7.686015332,-7.539145846
1,-19.40238593,-19.3850216,-19.36101187,-19.33261815,-19.30338897,-19.27845956,-19.26485057,-19.27093625,-19.30524232,-19.37571146,-19.48788755,-19.64469951,-19.84631859,-20.09113959,-20.3760379,-20.69660026,-21.04803041,-21.42557817,-21.82480156,-22.24159898,-22.67240133,-23.11399747,-23.56325269,-24.01750132,-24.47398548,-24.92997452,-25.38291691,-25.82970698,-26.26912237,-26.70078025,-27.12675684,-27.55132939,-27.98034846,-28.42058833,-28.87895742,-29.36189284,-29.87403252,-30.41793695,-30.99415809,-31.60120817,-32.23649826,-32.8966094,-33.57687577,-34.272363,-34.97579822,-35.67760096,-36.36592555,-37.02798758,-37.65200769,-38.2272988,-38.74600686,-39.20290743,-39.59625714,-39.92731714,-40.19992877,-40.4196578,-40.59300257,-40.7276595,-40.83140823,-40.91186294,-40.97595646,-41.02883328,-41.07316539,-41.10968451,-41.13722502,-41.15428389,-41.159711,-41.15363159,-41.13787452,-41.11634505,-41.09330448,-41.07501826,-41.06567571,-41.06877463,-41.0858422,-41.115639,-41.15450656,-41.19726055,-41.23799658,-41.27112812,-41.2917847,-41.29584705,-41.27989816,-41.24150629,-41.17992491,-41.09625456,-40.99398032,-40.87721795,-40.75027539,-40.61752797,-40.48204464,-40.34612799,-40.2106625,-40.0763285,-39.94399103,-39.81517446,-39.6925268,-39.58001828,-39.48260671,-39.40606114,-39.35647263
1,4.997321293,5.006256305,4.891600774,4.66019563,4.334739165,3.951757578,3.5419247,3.14004855,2.779673223,2.484201402,2.270651899,2.14624222,2.11625419,2.167526523,2.286885702,2.456603021,2.65083582,2.849358249,3.031564081,3.179435405,3.28187094,3.332273779,3.331762999,3.288103709,3.211517858,3.114620714,3.009400522,2.904597874,2.804291547,2.709216786,2.616922036,2.523462151,2.425423066,2.320673961,2.2094378,2.093869966,1.979306656,1.872154896,1.778756385,1.703633363,1.649473935,1.615356273,1.597200243,1.591074077,1.591378753,1.592635496,1.589980832,1.579360025,1.557332717,1.5213542,1.470089973,1.402964553,1.319501507,1.224482261,1.118298392,1.005199137,0.88915986,0.773792204,0.662339954,0.557075443,0.458246751,0.366147592,0.28052593,0.200670866,0.126284774,0.057240205,-0.006314173,-0.063551287,-0.113143191,-0.153566046,-0.183008204,-0.199566021,-0.20247748,-0.191686509,-0.169015159,-0.136970436,-0.100337143,-0.062801893,-0.028523997,-0.001532098,0.014346629,0.01525442,-0.001311862,-0.038581607,-0.096342621,-0.176746403,-0.278984328,-0.400851354,-0.538655005,-0.687034235,-0.839166264,-0.987366512,-1.123841527,-1.24300287,-1.337912755,-1.406239786,-1.446095742,-1.458548868,-1.445320657,-1.41052784,-1.358365903
1,-20.3692963,-20.44263926,-20.5041798,-20.54246355,-20.54888822,-20.50195108,-20.42985392,-20.41631895,-20.51588156,-20.71183335,-20.95559275,-21.22163978,-21.48973154,-21.70579414,-21.82726466,-21.87179876,-21.8890275,-21.92069822,-21.99205286,-22.09126076,-22.17680877,-22.22269189,-22.23659064,-22.24852826,-22.29204939,-22.38275791,-22.4896574,-22.54375515,-22.52106168,-22.48260732,-22.48979454,-22.55896888,-22.67344844,-22.78778884,-22.86342637,-22.90732171,-22.96385528,-23.0672734,-23.21016503,-23.35996655,-23.49520157,-23.62456026,-23.75626322,-23.8905688,-24.02807049,-24.15934954,-24.27199371,-24.35739249,-24.388991,-24.32475155,-24.15324799,-23.93096291,-23.75513806,-23.69322051,-23.73295011,-23.80273488,-23.83817426,-23.82723398,-23.80982409,-23.82348623,-23.86163326,-23.89811172,-23.93577192,-24.01940804,-24.17442733,-24.3370351,-24.40563906,-24.34337775,-24.20863693,-24.12033255,-24.1555434,-24.27423019,-24.36194984,-24.32613047,-24.20350382,-24.14913452,-24.27782718,-24.54767117,-24.79767756,-24.89459469,-24.8518488,-24.79799857,-24.83046391,-24.9293571,-24.98184547,-24.88805465,-24.64252305,-24.3360317,-24.07338695,-23.90070942,-23.80292788,-23.73369678,-23.64179434,-23.48683507,-23.259469,-22.97412291,-22.64361589,-22.26940536,-21.86239218,-21.45456987,-21.0924467
1,-1.246434404,-1.236024929,-1.23595582,-1.24337236,-1.256386709,-1.272420014,-1.288903269,-1.303354233,-1.313726057,-1.318474525,-1.316988186,-1.309423743,-1.297271101,-1.28275039,-1.26920903,-1.260016128,-1.261238062,-1.275868742,-1.310896162,-1.367259054,-1.453424473,-1.570604931,-1.722080326,-1.909730584,-2.13476418,-2.396619702,-2.695032677,-3.028024373,-3.393827071,-3.789393213,-4.211891438,-4.658123138,-5.125023028,-5.609466526,-6.108529432,-6.619430859,-7.139580336,-7.666465233,-8.197792242,-8.731410734,-9.265454232,-9.798395402,-10.32859259,-10.85460052,-11.37505469,-11.88858569,-12.39373294,-12.88922699,-13.37353421,-13.84543668,-14.30340073,-14.7462792,-15.17284546,-15.58209718,-15.97324893,-16.34555287,-16.69843515,-17.03168204,-17.34523469,-17.63927374,-17.91407144,-18.1703708,-18.40906474,-18.63128408,-18.83838256,-19.03154185,-19.21208567,-19.38116402,-19.53963625,-19.68810229,-19.82698473,-19.95635189,-20.07628472,-20.18605383,-20.28544504,-20.37352627,-20.44921945,-20.51175246,-20.55950245,-20.59141899,-20.6065414,-20.60394825,-20.58306465,-20.54386374,-20.48658163,-20.41163398,-20.32148928,-20.21696787,-20.10077574,-19.97585193,-19.8454667,-19.71298208,-19.58199443,-19.45599852,-19.33825066,-19.23200405,-19.13981966,-19.06384943,-19.00594733,-18.9670522,-18.94714131
