0,-0.44994309,-0.447762762,-0.448210043,-0.451362989,-0.457141367,-0.465587882,-0.476697516,-0.49035362,-0.506470276,-0.525057493,-0.545638166,-0.568396672,-0.59303189,-0.619287336,-0.646976105,-0.675839004,-0.70558822,-0.735764202,-0.766228241,-0.796685293,-0.826625339,-0.85575009,-0.883622562,-0.909845978,-0.934047191,-0.955750525,-0.974557139,-0.990069747,-1.001819853,-1.009440789,-1.012580285,-1.010792474,-1.003821434,-0.991297699,-0.972947831,-0.948564843,-0.917906376,-0.880793813,-0.83693819,-0.78688427,-0.729989224,-0.66651404,-0.59652901,-0.520076159,-0.437447991,-0.348767573,-0.254260593,-0.154244793,-0.048995295,0.061119004,0.175781421,0.29461388,0.417269071,0.543287136,0.672337591,0.803991906,0.937909471,1.073637566,1.210828904,1.34909736,1.488097569,1.627473401,1.766900346,1.906080832,2.044666569,2.18238712,2.318985143,2.454173181,2.587725583,2.719393677,2.848937841,2.976184137,3.10087978,3.222849715,3.341936452,3.457977825,3.570785832,3.680298033,3.786367337,3.888895649,3.987833034,4.083146508,4.174753441,4.262669204,4.346873708,4.427382423,4.504230557,4.577448121,4.647062123,4.713132538,4.77572599,4.834940591,4.89078492,4.943354291,4.992750054,5.039011949,5.082223173,5.122481657,5.159837294,5.194376441,5.226128344
0,15.3941966,15.41587378,15.43523728,15.45239547,15.46743384,15.48044229,15.49156923,15.50099705,15.5088251,15.51529435,15.52056571,15.524804,15.52818871,15.53088479,15.53310626,15.5349648,15.53663585,15.53825449,15.53994535,15.54178941,15.54391903,15.5464163,15.54932792,15.55272786,15.55659404,15.56096202,15.56584476,15.57121485,15.57696798,15.58307394,15.58945795,15.59598985,15.6025624,15.60904622,15.61528398,15.62112424,15.62645254,15.63109684,15.63485641,15.63766402,15.6393208,15.63972083,15.63874771,15.636295,15.63228076,15.62668251,15.6194459,15.6105641,15.60003254,15.58802567,15.57448206,15.55963966,15.54359895,15.52654059,15.50869071,15.49030616,15.47161153,15.45291613,15.43452223,15.41672975,15.39988677,15.38430769,15.37033115,15.35831657,15.34852395,15.34130877,15.33694546,15.33578496,15.3379034,15.34369435,15.3531786,15.36661477,15.3840132,15.40543304,15.43087517,15.46024811,15.49353989,15.53052419,15.57106965,15.61497291,15.66195446,15.71176927,15.76410349,15.81868463,15.87517872,15.93326717,15.99264193,16.05294463,16.1139019,16.17517652,16.23653711,16.29767031,16.35832382,16.41827409,16.47732682,16.53526146,16.59192175,16.64717902,16.70089625,16.753016,16.80339947
0,2.078780339,2.100578343,2.121384908,2.14103627,2.159651843,2.177178336,2.193509091,2.208737025,2.222823588,2.235762584,2.247554266,2.258256269,2.267831363,2.27635402,2.283814505,2.290287416,2.295810325,2.300388434,2.304127349,2.307034841,2.309195814,2.310660222,2.3115142,2.311791901,2.311566305,2.310940858,2.309981172,2.308731031,2.307280135,2.305706665,2.304120863,2.302557496,2.301071714,2.299788669,2.29876869,2.298040883,2.297689514,2.297808556,2.298439076,2.299612426,2.301466563,2.303934367,2.307173394,2.311171998,2.315968568,2.321631685,2.328101194,2.335512686,2.343844478,2.353093704,2.363297451,2.374467449,2.386630763,2.399660324,2.413685794,2.428639612,2.444521022,2.461283435,2.478922174,2.497425584,2.516755987,2.536844705,2.557686422,2.579210663,2.601395888,2.624189122,2.647521018,2.671331618,2.695585435,2.72022044,2.745174495,2.770386909,2.795821641,2.821347826,2.846934161,2.872524706,2.8980568,2.923425001,2.948596381,2.973511073,2.998078886,3.022237846,3.045943668,3.069113893,3.091670454,3.113563161,3.134773427,3.155176993,3.174760651,3.193445607,3.211219443,3.228007138,3.243730057,3.258374578,3.271921558,3.284328961,3.295568934,3.305555289,3.314301375,3.321741861,3.327961263
0,8.3793417,8.378182518,8.375659277,8.37185634,8.366869773,8.360739353,8.353612478,8.345571874,8.336769362,8.327351609,8.317464577,8.307294814,8.297019992,8.286854122,8.27697746,8.267620998,8.259003688,8.251356318,8.244921862,8.239925755,8.236630794,8.235272271,8.236088471,8.239334654,8.245249649,8.254051961,8.266000002,8.281304855,8.300160865,8.322864808,8.349448077,8.380241865,8.415374344,8.454987483,8.4992447,8.548282656,8.602099894,8.660949249,8.724840334,8.793831927,8.867946533,8.947223263,9.031654047,9.121231516,9.215900825,9.315613497,9.420302273,9.529872944,9.644225694,9.763220562,9.8867364,10.01461609,10.14670864,10.28282647,10.42279416,10.5664131,10.7134729,10.86379306,11.0171415,11.17330839,11.33206343,11.49318551,11.65643642,11.82160426,11.98844753,12.15673172,12.32621178,12.49667551,12.66787445,12.83957619,13.01154129,13.18353071,13.35531886,13.52664074,13.69726522,13.86695231,14.03545425,14.20253825,14.36792324,14.53138554,14.69265771,14.85150489,15.0076628,15.16087369,15.3109031,15.45748597,15.60037106,15.73931036,15.87407313,16.00440362,16.13006143,16.25082364,16.36646176,16.47672462,16.58144671,16.68036749,16.7733097,16.86006785,16.94045328,17.01428849,17.08140246
0,1.728538287,1.7704965,1.845321531,1.934258034,2.022620142,2.104144076,2.17855293,2.239948113,2.284197931,2.300946338,2.291231051,2.257865689,2.215279842,2.178937547,2.140727538,2.090695019,2.025388221,1.956118866,1.911033558,1.900827429,1.90853962,1.904411534,1.849339582,1.756634654,1.641437876,1.525167263,1.423462654,1.353021795,1.316844677,1.311652572,1.320296941,1.299497878,1.210997129,1.032790783,0.813515873,0.615973645,0.537433585,0.623984413,0.854108076,1.162119779,1.429269798,1.593065642,1.650685246,1.657229922,1.667638667,1.733627758,1.864749851,2.043392632,2.215576916,2.324602039,2.339303087,2.28956651,2.261507021,2.318332697,2.484472547,2.68701032,2.868616145,3.026464646,3.188207714,3.39303116,3.642382131,3.887198833,4.091806521,4.245309977,4.355880217,4.449432572,4.534772413,4.63572637,4.734204864,4.792800086,4.812542762,4.847155504,4.95570106,5.14931547,5.379138566,5.5796647,5.748612937,5.858257862,5.93116791,6.0089212,6.118106807,6.25909384,6.37581001,6.461073823,6.499429569,6.521349416,6.585273598,6.752734204,7.039838798,7.387611136,7.676928371,7.804281516,7.766784392,7.637950085,7.55150119,7.557766323,7.619856354,7.673330788,7.695427386,7.683653728,7.650900442
0,3.30087612,3.281560475,3.263406982,3.246449138,3.23060009,3.216032532,3.202719878,3.190819897,3.180388081,3.171485198,3.164254648,3.158804342,3.155258523,3.153742248,3.154457822,3.157330354,3.162738001,3.170721898,3.181576941,3.195147051,3.211940892,3.23193012,3.255262406,3.282167561,3.3127444,3.347191281,3.385662529,3.428276134,3.475201461,3.526543121,3.582475923,3.643107034,3.70854689,3.778907957,3.854310368,3.934808523,4.020486963,4.111387076,4.207610888,4.309153059,4.416021904,4.528221338,4.645723103,4.76849802,4.896511912,5.029663124,5.167867457,5.311031412,5.459003496,5.611627789,5.768744532,5.930170841,6.095664945,6.265037532,6.438018518,6.61436604,6.793781522,6.975990783,7.160629844,7.347425341,7.536032443,7.726107295,7.917294286,8.109217757,8.301516894,8.493876065,8.685839517,8.877067154,9.067207454,9.255862734,9.44269413,9.627372387,9.809532794,9.988811432,10.16493809,10.33752861,10.50630893,10.6709989,10.83131042,10.98697387,11.13771902,11.28330991,11.42353878,11.55814976,11.68698669,11.80982916,11.92649065,12.0368233,12.1406975,12.23795584,12.32844501,12.41207444,12.48876004,12.55840517,12.6209136,12.67620624,12.72386733,12.76489899,12.79793445,12.82395283,12.84238176
0,-3.982825853,-3.996835169,-4.010014314,-4.022322731,-4.033816895,-4.044528679,-4.054458845,-4.063645727,-4.072077498,-4.079773468,-4.086750602,-4.09301914,-4.098559369,-4.103462844,-4.107650684,-4.111171064,-4.114000967,-4.116172392,-4.117674465,-4.118492291,-4.118621246,-4.118082751,-4.116843466,-4.1149121,-4.112254817,-4.10888718,-4.104791018,-4.099942302,-4.094339345,-4.087939739,-4.080750031,-4.072738972,-4.063909178,-4.054225993,-4.043662322,-4.032185607,-4.019806802,-4.006512732,-3.992248026,-3.977011024,-3.96078864,-3.943533452,-3.925261525,-3.905914893,-3.885510383,-3.864038957,-3.841453961,-3.817763392,-3.792951157,-3.76699677,-3.73990095,-3.711674223,-3.682260561,-3.651743205,-3.620038553,-3.587192463,-3.553187353,-3.518044889,-3.481765653,-3.444378207,-3.405883271,-3.36630234,-3.325640018,-3.28394778,-3.241240955,-3.197523789,-3.152859097,-3.107274468,-3.060786159,-3.013450385,-2.965313285,-2.916416561,-2.866790454,-2.81651876,-2.765630116,-2.714166004,-2.662210044,-2.609808676,-2.557022323,-2.503924124,-2.450572426,-2.397035984,-2.343380329,-2.289672484,-2.235980001,-2.182379898,-2.128930632,-2.075742296,-2.022848301,-1.970336349,-1.918286036,-1.866754169,-1.815830062,-1.76557642,-1.716080559,-1.66737755,-1.619587298,-1.572739529,-1.526906269,-1.482195851,-1.438615634
0,2.87072882,2.841246505,2.813499021,2.78764612,2.763840836,2.742245709,2.723024545,2.706382873,2.692457082,2.681477966,2.673583778,2.669027679,2.667903641,2.670388876,2.676790038,2.687211733,2.701725595,2.720580764,2.743870104,2.771742711,2.804245932,2.841589022,2.883705087,2.930821628,2.982896361,3.039970861,3.102098238,3.169184813,3.241306014,3.318385915,3.400360682,3.487154993,3.578727452,3.674926178,3.775676442,3.880802519,3.990175011,4.103664083,4.221082823,4.342278718,4.467056289,4.595231162,4.726635362,4.861062016,4.998280231,5.138123587,5.280416306,5.424948283,5.571492215,5.719898063,5.86996468,6.021470257,6.174231292,6.328100539,6.482817613,6.638261443,6.794193877,6.950441388,7.106836106,7.263149146,7.419229202,7.574818001,7.729792526,7.883927301,8.037048503,8.188936661,8.339357824,8.488181751,8.635181397,8.780179572,8.922934514,9.063259006,9.200980679,9.335899542,9.467820762,9.596522554,9.721865629,9.843643622,9.961675628,10.07581765,10.18586041,10.29168025,10.39308463,10.49001062,10.58227043,10.66973803,10.75233054,10.82994593,10.90247662,10.96985764,11.03203191,11.08896408,11.14060875,11.18687638,11.22788967,11.26355876,11.29392571,11.31901363,11.33889565,11.35355763,11.36318118
0,0.907628376,0.89552264,0.886300338,0.879978483,0.876490294,0.875832284,0.877976978,0.882842018,0.890426016,0.900666591,0.913535108,0.928929685,0.946864315,0.967200114,0.989988103,1.015078982,1.042464622,1.072056453,1.103796206,1.13762346,1.173476635,1.211300635,1.251015413,1.292552684,1.335861653,1.380885808,1.427524858,1.475763304,1.525505673,1.576712581,1.629308115,1.683215243,1.738420282,1.794827257,1.852409601,1.911081623,1.970831909,2.031588345,2.093297211,2.155910302,2.219407596,2.283733727,2.348837811,2.414690874,2.481242279,2.548455104,2.616313916,2.684770966,2.753786383,2.823336181,2.893409801,2.963928089,3.034934921,3.106324024,3.178133819,3.250286947,3.322767438,3.395559136,3.468628202,3.541928152,3.61541719,3.689103301,3.762953626,3.83686921,3.910878727,3.984905938,4.058939823,4.132943137,4.20682761,4.28054248,4.354098408,4.427385995,4.500408539,4.573051575,4.645291267,4.71706487,4.788324728,4.858943341,4.928923961,4.998166381,5.066610481,5.134196783,5.200827115,5.266449541,5.330984481,5.394345635,5.45651356,5.517356051,5.576837003,5.634873472,5.691387097,5.746309272,5.799597592,5.851159996,5.900944239,5.948893784,5.994945857,6.039059937,6.081170768,6.121223544,6.159178285
0,-0.314772539,-0.338129483,-0.362218314,-0.386817185,-0.411756654,-0.436740239,-0.461618498,-0.486111792,-0.509976199,-0.533057637,-0.555084555,-0.575802673,-0.595052137,-0.612624386,-0.628216931,-0.64187655,-0.653147709,-0.662110917,-0.668487537,-0.672205875,-0.673031244,-0.671039502,-0.665821309,-0.657859608,-0.646578925,-0.632156926,-0.614554648,-0.593693344,-0.569659591,-0.542446952,-0.512063252,-0.478554348,-0.44198672,-0.40242031,-0.359889104,-0.314482264,-0.266261174,-0.215325643,-0.16173262,-0.10558535,-0.046985191,0.01400001,0.077297204,0.142869195,0.210461028,0.280184056,0.351856863,0.425440562,0.500860786,0.578014108,0.656845909,0.737295832,0.819300698,0.902778984,0.987659346,1.073912082,1.161456152,1.250227912,1.340170511,1.431198965,1.523271357,1.616343158,1.710319715,1.80512532,1.900728007,1.99704703,2.093987821,2.191484735,2.289477454,2.387869308,2.48660069,2.585553145,2.684634901,2.78378375,2.882868479,2.981817107,3.08051308,3.178832302,3.276672824,3.373928754,3.470447431,3.566117026,3.660807059,3.754381078,3.846707588,3.937657192,4.027077029,4.114866192,4.200839433,4.284883162,4.36685176,4.446578945,4.524011065,4.598944557,4.671257289,4.740856351,4.807622854,4.871442384,4.932213931,4.989861957,5.044262308
0,0.188373793,0.151036584,0.113100631,0.074729786,0.036079806,-0.00271437,-0.041495181,-0.080074548,-0.118382114,-0.156201067,-0.193384672,-0.229809329,-0.265344832,-0.299828955,-0.333175306,-0.365250177,-0.395893271,-0.425061277,-0.452587593,-0.478420026,-0.502479792,-0.524657086,-0.544916748,-0.563149172,-0.579352561,-0.593441142,-0.60536488,-0.615149449,-0.622684403,-0.628026164,-0.631090537,-0.63193977,-0.630517129,-0.626856589,-0.620930347,-0.612777969,-0.60240943,-0.589829832,-0.575069182,-0.558179168,-0.539132667,-0.518019026,-0.494839771,-0.469639937,-0.442475123,-0.413407085,-0.38243996,-0.349636469,-0.315064267,-0.278805143,-0.240874037,-0.201385194,-0.16037213,-0.117926587,-0.074147826,-0.029059001,0.0171735,0.06452509,0.112825474,0.162042176,0.212014081,0.262643795,0.313825252,0.365439327,0.417342567,0.469426598,0.52155549,0.573587358,0.625392944,0.676862853,0.727823852,0.778157383,0.827717905,0.876405481,0.924054371,0.970559979,1.01580784,1.059655038,1.102019671,1.142757442,1.181818919,1.219075693,1.254465264,1.287933518,1.319373471,1.34877359,1.376047353,1.401171414,1.424135511,1.444920297,1.463492512,1.479870689,1.494049697,1.506052199,1.515908267,1.523632152,1.529275652,1.532875918,1.534477783,1.534109204,1.531915498
0,1.275359858,1.284573898,1.291297489,1.295599243,1.297571326,1.297316766,1.294948953,1.290696435,1.284628456,1.276923781,1.26778412,1.257386403,1.245891014,1.23349874,1.220393328,1.206639641,1.192642053,1.178360295,1.164049099,1.149852316,1.135875058,1.122287783,1.109186097,1.096669146,1.084847803,1.073780348,1.063589125,1.054198202,1.045732201,1.038210535,1.03160238,1.025900406,1.021086205,1.017132921,1.013973895,1.011558353,1.009814734,1.008665289,1.008026552,1.007796244,1.007883934,1.008180002,1.008610659,1.009062875,1.009445377,1.009649502,1.009606244,1.00922358,1.008441604,1.007191387,1.005430847,1.003116283,1.000249813,0.996832157,0.992846486,0.988347497,0.983387477,0.978031783,0.972357156,0.966485354,0.960513286,0.954586666,0.948860499,0.943482872,0.938622092,0.934417124,0.931112181,0.928826692,0.927755961,0.928048012,0.929931438,0.933534518,0.939009094,0.946479289,0.956083249,0.967927522,0.98209449,0.998656967,1.017662023,1.03915717,1.063083747,1.089470099,1.118260277,1.149380301,1.182754205,1.218232287,1.255696955,1.294965449,1.335855486,1.378142844,1.421625957,1.466029065,1.511108609,1.556590185,1.602182589,1.647599748,1.692559861,1.736771356,1.779945739,1.821825746,1.862138224
0,-1.261535895,-1.280494641,-1.297154031,-1.311529227,-1.323562703,-1.333251107,-1.340587672,-1.345444517,-1.348057884,-1.348217314,-1.345974212,-1.341289561,-1.334269777,-1.324800193,-1.312901947,-1.298598209,-1.281860836,-1.262824948,-1.241286245,-1.217367459,-1.191127608,-1.162472922,-1.131484071,-1.098171599,-1.062529888,-1.024587714,-0.98437662,-0.941872473,-0.897151576,-0.850207003,-0.801097577,-0.749806304,-0.696395679,-0.640874815,-0.583282733,-0.523632963,-0.461980064,-0.398354081,-0.332765852,-0.265249473,-0.195834506,-0.124566674,-0.051467464,0.023415766,0.100108469,0.178542418,0.258718277,0.340555156,0.424088493,0.509268276,0.596055652,0.684445661,0.774384856,0.86585946,0.958851487,1.053272049,1.149111799,1.246360557,1.344897674,1.444708706,1.545737741,1.647886805,1.751114927,1.855326748,1.960449376,2.066324819,2.172906923,2.280043113,2.387647078,2.49552546,2.603584228,2.711674685,2.819615219,2.927222378,3.034349333,3.14079218,3.246378873,3.350909763,3.45414706,3.555923769,3.656022114,3.754205091,3.85026201,3.943975772,4.035151336,4.12352359,4.20888339,4.291052072,4.369802621,4.444913756,4.516190311,4.583451891,4.646496424,4.705168765,4.759262333,4.808660603,4.853196495,4.892760671,4.927246391,4.956471311,4.980424408
0,2.526585667,2.530044402,2.534006743,2.538467157,2.543394827,2.54895419,2.554842364,2.561204358,2.568032479,2.575342923,2.583125952,2.591432831,2.600295294,2.609712152,2.619725634,2.630371452,2.641698781,2.653791594,2.666640127,2.680338612,2.694936235,2.710483072,2.727057898,2.744698336,2.763547529,2.783493497,2.804831658,2.827487982,2.851582246,2.877159568,2.904284257,2.93304334,2.963519512,2.995741283,3.029794176,3.065721479,3.103575614,3.143432256,3.18533478,3.229319172,3.275449718,3.323735732,3.37421741,3.426910677,3.481850867,3.539076779,3.598567226,3.6602851,3.724296042,3.79057681,3.8590463,3.929757364,4.002637682,4.077612668,4.154668095,4.233735333,4.314732591,4.39759972,4.482248056,4.568555336,4.656445556,4.745778721,4.836429561,4.928301519,5.021229978,5.11505163,5.209639634,5.304817978,5.400426234,5.496287752,5.592238972,5.688064866,5.783593818,5.878634874,5.973011567,6.066543267,6.159013438,6.250244231,6.340065645,6.42827857,6.514698347,6.599143756,6.681463524,6.761488353,6.839050742,6.913991409,6.98620438,7.055535149,7.121810906,7.184959489,7.24486406,7.301413317,7.354535631,7.404113578,7.450106895,7.492433534,7.531033146,7.565943545,7.596926959,7.624132137,7.647571002
0,-0.161120975,-0.141515468,-0.119400589,-0.094790422,-0.067832265,-0.038544722,-0.007076009,0.026585206,0.062389444,0.100289552,0.140324693,0.182520167,0.226891401,0.273491533,0.322372294,0.373641908,0.427367472,0.483665432,0.542664653,0.604494866,0.669347236,0.737233513,0.80845691,0.883145239,0.961465014,1.04357977,1.129673881,1.219994912,1.314671786,1.413882813,1.517834523,1.626689917,1.7406123,1.859759402,1.984274486,2.11429539,2.249932132,2.391306381,2.538498119,2.69156696,2.850547898,3.015525465,3.18645177,3.363334154,3.546147534,3.734828751,3.929268923,4.129396654,4.335079054,4.546155325,4.762422911,4.98374843,5.209903189,5.440612892,5.675595526,5.914617306,6.157369804,6.403529586,6.652734277,6.904640882,7.158914999,7.415133581,7.672882609,7.931770678,8.191361195,8.451229591,8.710887815,8.969898965,9.227833588,9.484181757,9.738483401,9.990252289,10.23899345,10.48427276,10.72560485,10.96248899,11.19444389,11.42101514,11.64178994,11.85630656,12.06407737,12.26470813,12.45781817,12.64302691,12.81991613,12.98814036,13.14739571,13.29732494,13.43761209,13.56803516,13.68835445,13.79826999,13.89744938,13.98599275,14.0636019,14.1299907,14.18526485,14.22939619,14.26204762,14.28286788,14.29288612
0,-0.61403549,-0.634242161,-0.654054322,-0.673352448,-0.691964775,-0.709770478,-0.72661379,-0.742300583,-0.756673499,-0.769609448,-0.780849979,-0.790264559,-0.797641547,-0.802801028,-0.805557479,-0.805712228,-0.803052033,-0.797449694,-0.788612268,-0.776490602,-0.760863071,-0.741467633,-0.718217022,-0.690927145,-0.659435946,-0.623594273,-0.583240067,-0.538254354,-0.488526959,-0.433923148,-0.374339957,-0.309701945,-0.239914642,-0.164912489,-0.084643929,0.000926154,0.091823725,0.1880617,0.289639283,0.396550627,0.508746928,0.626175423,0.748785874,0.876488022,1.00919931,1.146818895,1.28922777,1.436276018,1.587835618,1.743765456,1.903890932,2.068038675,2.236028071,2.407660881,2.582759564,2.761091151,2.942461368,3.126656547,3.313437639,3.502591907,3.693869797,3.887042601,4.081844362,4.278024833,4.475358707,4.673567853,4.872395618,5.071545942,5.270782173,5.469799203,5.668327617,5.866080995,6.062774597,6.258126733,6.45183816,6.643610524,6.833166278,7.020213372,7.204452401,7.385599888,7.563380656,7.737509976,7.90771597,8.073718342,8.235267382,8.392111885,8.544011804,8.690713131,8.832028718,8.967740471,9.097651691,9.221597295,9.33942221,9.450990661,9.556173546,9.654882271,9.747030428,9.832571946,9.911469064,9.983713509,10.04926924
0,3.345188921,3.351996765,3.35923697,3.367019319,3.37547765,3.384683418,3.394945742,3.40625355,3.418816034,3.432940122,3.448703884,3.466353361,3.48610442,3.508133313,3.532642157,3.559872946,3.590014884,3.623257921,3.659805335,3.699817768,3.743488454,3.790982293,3.84243279,3.897983147,3.957743439,4.021879423,4.090353296,4.163345538,4.240858367,4.322939155,4.40960733,4.50083941,4.596648757,4.696956788,4.801739336,4.910924377,5.024427938,5.142137245,5.263945885,5.389721667,5.51936095,5.652686195,5.789568053,5.929816126,6.073295914,6.219849383,6.369255924,6.521390575,6.676033699,6.833024938,6.992189619,7.153341695,7.316311576,7.48092243,7.647019901,7.814391564,7.982914468,8.152404735,8.322692652,8.493659073,8.665121189,8.83691598,9.008898575,9.180893227,9.35277439,9.524362737,9.695487136,9.865992639,10.03569251,10.20443467,10.3720174,10.53825083,10.70295546,10.86590654,11.02688986,11.18569994,11.34209579,11.49582114,11.64666694,11.794341,11.93859666,12.07915884,12.21575506,12.34810152,12.47592378,12.59890697,12.71680047,12.82928517,12.93607467,13.03687864,13.13141461,13.21940718,13.30054282,13.37458308,13.44124501,13.50027408,13.55142672,13.59447523,13.62920437,13.65512834,13.67250495
0,2.783570812,2.784348664,2.785702085,2.787639813,2.790186011,2.793372551,2.797237835,2.801825546,2.80717476,2.81333066,2.820367501,2.828320472,2.83727336,2.847296937,2.858457416,2.870825133,2.884534796,2.89958934,2.916128452,2.934228818,2.953989244,2.975504316,2.998857171,3.024149649,3.051482765,3.080934128,3.112603607,3.146571998,3.182921428,3.221733021,3.263092685,3.307046526,3.353671517,3.403008155,3.455103565,3.510005702,3.567710326,3.62826371,3.691662144,3.757890957,3.826949946,3.898804103,3.973421491,4.050765135,4.130783153,4.213400562,4.298565589,4.386202549,4.476218897,4.568547801,4.663081708,4.759728839,4.858394027,4.958973729,5.061384354,5.165491865,5.27121435,5.378446051,5.487075429,5.597007512,5.708122757,5.820340063,5.933525195,6.047596856,6.162438145,6.277962272,6.39404596,6.510584898,6.627461482,6.744568239,6.861790212,6.979011414,7.096096248,7.212931696,7.329380323,7.445304536,7.560570706,7.675038381,7.788566133,7.901005554,8.012205096,8.122015098,8.230278655,8.33684961,8.44156526,8.544275148,8.644816748,8.743043847,8.838794298,8.931925286,9.022279807,9.109721877,9.194092317,9.27527324,9.353114362,9.427487287,9.498282592,9.565380152,9.628670938,9.688048545,9.743428198
0,-0.69906024,-0.698059998,-0.699369916,-0.702879858,-0.708358439,-0.715425915,-0.723771646,-0.733101829,-0.742968492,-0.752918624,-0.762565375,-0.771420171,-0.779023835,-0.784815024,-0.788560683,-0.789421818,-0.787346991,-0.781393332,-0.771847796,-0.7574887,-0.73855884,-0.714489898,-0.684745153,-0.649707973,-0.608561228,-0.561267332,-0.508042629,-0.448491089,-0.382653398,-0.310697655,-0.232691262,-0.148741995,-0.059105933,0.035935116,0.136118856,0.241061951,0.350338639,0.46352028,0.580150903,0.699692149,0.821628642,0.945438116,1.070522232,1.196311693,1.322250922,1.447779612,1.572345989,1.695395798,1.816435911,1.935002078,2.050595598,2.162840687,2.271378273,2.375840522,2.475959718,2.571531293,2.662344269,2.748281069,2.829255886,2.905215479,2.976209847,3.042270159,3.103489647,3.160026753,3.212065365,3.259796589,3.30343164,3.343347599,3.379555244,3.412918441,3.443073772,3.470730724,3.496197343,3.519705052,3.541608305,3.562199251,3.581792175,3.600678512,3.619097163,3.637297269,3.655502434,3.673902141,3.692632706,3.711846785,3.731697263,3.752150032,3.77339113,3.795252011,3.81790021,3.841127867,3.864952421,3.88939772,3.914038008,3.939112811,3.96401577,3.988847673,4.013384981,4.037349786,4.06058938,4.08278146,4.103781617
0,-0.861954987,-0.852588559,-0.840798172,-0.826534521,-0.809904203,-0.790852743,-0.769471565,-0.745766678,-0.719737299,-0.691475481,-0.660909621,-0.628099544,-0.593035842,-0.555732594,-0.516202964,-0.474449193,-0.430453938,-0.384239629,-0.335812024,-0.285146842,-0.232255183,-0.177156943,-0.11983793,-0.060318923,0.001391489,0.065290332,0.131341084,0.199536089,0.269849709,0.342212431,0.416606694,0.492978838,0.571277284,0.651416209,0.733347452,0.816979608,0.902220893,0.988992592,1.077195458,1.166703879,1.257419429,1.349229864,1.441991054,1.535610814,1.629934291,1.724855787,1.820231127,1.915929403,2.011833714,2.107802528,2.203719828,2.299451786,2.394897076,2.489940299,2.584452735,2.678361076,2.771561642,2.863959952,2.955468232,3.046017325,3.135533348,3.223954106,3.311221555,3.397283471,3.482082077,3.5655896,3.647771533,3.728575182,3.80796445,3.885900724,3.962383613,4.037359042,4.110801763,4.182688605,4.252991268,4.321653908,4.388661705,4.453974789,4.517580128,4.579413944,4.639460476,4.697679027,4.754035042,4.808482781,4.860994779,4.911524577,4.960028962,5.006485404,5.050846629,5.093083835,5.133169891,5.171065492,5.206735544,5.240085539,5.271238312,5.300042495,5.326506122,5.350610265,5.372324859,5.391637339,5.408541577
1,2.410589649,2.391603996,2.375245048,2.361611072,2.35087726,2.343089547,2.338374306,2.336821388,2.338476984,2.34344937,2.35162779,2.363049089,2.377748558,2.395657449,2.416603321,2.440654927,2.46765855,2.497481523,2.530020738,2.565296566,2.603118915,2.643443838,2.686195511,2.731339337,2.778805957,2.828579956,2.880647207,2.934976083,2.991591062,3.050439452,3.111557493,3.174909388,3.240511483,3.308363689,3.378468844,3.450810974,3.525378417,3.602184037,3.68121028,3.762459461,3.845953309,3.931698696,4.019673184,4.109954291,4.202562192,4.297550606,4.394993945,4.494940057,4.59746743,4.702695196,4.810706385,4.92162555,5.035549124,5.152614104,5.27292644,5.396617798,5.523789665,5.6545405,5.788976696,5.927152818,6.06912505,6.214912932,6.364488325,6.517818722,6.674794193,6.835307193,6.999150183,7.166106603,7.335883468,7.50817241,7.682566072,7.858624415,8.035837365,8.213692985,8.391592957,8.568902561,8.744960876,8.91909149,9.090590883,9.258760111,9.42286794,9.58222255,9.736162336,9.884011344,10.02515072,10.15900955,10.28503719,10.40278127,10.51179144,10.61172442,10.70226325,10.78315785,10.85424508,10.91542506,10.966612,11.00784743,11.03916407,11.06085653,11.07308854,11.07597635,11.06997824
1,-6.063476749,-6.093189852,-6.123797945,-6.155083199,-6.186840508,-6.218796106,-6.250636984,-6.282064167,-6.312719102,-6.342276579,-6.370276976,-6.396387096,-6.420190451,-6.441273747,-6.459239862,-6.473722427,-6.484353684,-6.490838979,-6.492859811,-6.490214457,-6.482699887,-6.470202823,-6.452636895,-6.430075986,-6.402489938,-6.370067461,-6.332976052,-6.291438669,-6.245721867,-6.196183457,-6.143158469,-6.087006229,-6.028137417,-5.966934549,-5.903772256,-5.839028998,-5.773073232,-5.70617677,-5.638670724,-5.570807481,-5.502771599,-5.434795638,-5.366993716,-5.299497072,-5.232411992,-5.165793916,-5.099720286,-5.034231715,-4.969282354,-4.904975218,-4.841280065,-4.77814288,-4.715596422,-4.653563054,-4.592055207,-4.531010145,-4.470370418,-4.41016034,-4.350286962,-4.290788918,-4.231640435,-4.172838729,-4.114445012,-4.056512063,-3.999119358,-3.94234178,-3.886311571,-3.831168932,-3.776989833,-3.723941385,-3.672119538,-3.621650427,-3.572652312,-3.525164044,-3.479266912,-3.43495024,-3.392252843,-3.351130905,-3.311484511,-3.273290204,-3.236388116,-3.200648116,-3.165907455,-3.131996754,-3.098752112,-3.065982538,-3.03353067,-3.001256072,-2.969031941,-2.936757093,-2.904340279,-2.871766485,-2.838983506,-2.80603599,-2.772975201,-2.739897432,-2.706900916,-2.674148434,-2.641842019,-2.610160777,-2.579345448
1,-0.224515812,-0.216700655,-0.210597436,-0.206414848,-0.204320146,-0.204530859,-0.206969973,-0.211793736,-0.21903765,-0.228478688,-0.240304739,-0.254302918,-0.270367454,-0.288384813,-0.308180417,-0.329590996,-0.352406962,-0.376447397,-0.401498644,-0.427319806,-0.453677203,-0.480326381,-0.507061364,-0.533573598,-0.559651045,-0.585039089,-0.60941229,-0.632679712,-0.654443892,-0.6744923,-0.692583097,-0.708476629,-0.721928682,-0.732729992,-0.740630348,-0.745390894,-0.746812416,-0.744689701,-0.738866577,-0.729054478,-0.715124066,-0.696864738,-0.674065107,-0.646683076,-0.614441033,-0.577222432,-0.534876094,-0.487255342,-0.434245522,-0.37572115,-0.311576064,-0.241715777,-0.166066509,-0.084525442,0.002942518,0.096390181,0.195847923,0.301330247,0.412838936,0.530352062,0.653841831,0.783244895,0.918484723,1.059454672,1.206050836,1.358119621,1.515460977,1.677919856,1.84522627,2.017145511,2.193364193,2.373571091,2.557427665,2.744538072,2.934504333,3.126875437,3.321190911,3.516956722,3.713646766,3.910724097,4.107592413,4.303734454,4.498529523,4.691374762,4.881664618,5.068779171,5.252114313,5.43109341,5.605045958,5.773405648,5.935569846,6.090983255,6.239077532,6.379289735,6.511109987,6.634024701,6.747559291,6.851274207,6.944756181,7.027620792,7.099508544
1,3.343476484,3.343600676,3.345441675,3.348426954,3.35189755,3.354961245,3.356705926,3.356058722,3.352019634,3.343554017,3.329726162,3.309801017,3.282984532,3.249169964,3.20801531,3.159712822,3.104485938,3.042901603,2.975608007,2.903388746,2.827105174,2.747666664,2.665921541,2.582673783,2.498546159,2.414161304,2.330014474,2.246504503,2.164089091,2.083018747,2.003748394,1.926529287,1.851710153,1.779572969,1.710388142,1.644415246,1.5819602,1.523275201,1.468686526,1.418599492,1.37334565,1.333339734,1.299003845,1.270846496,1.249611639,1.23592025,1.230862474,1.235341686,1.250643913,1.277570332,1.317313462,1.37056427,1.438102707,1.520220255,1.617074398,1.728531673,1.854132757,1.993162005,2.144666275,2.307384078,2.480002584,2.660907374,2.848397968,3.040727718,3.236071485,3.432638106,3.628670083,3.822442915,4.012642281,4.19784035,4.377158999,4.550058451,4.716331078,4.876209668,5.030118969,5.178739021,5.322894888,5.463394894,5.601026913,5.736489224,5.870396631,6.003258143,6.135535007,6.267496855,6.399514061,6.531743122,6.664281298,6.797056361,6.929715281,7.061517674,7.191383476,7.317919083,7.439384586,7.55384526,7.659368785,7.753961204,7.835670519,7.902903474,7.954070562,7.987955847,8.003770794
1,18.1496013,18.14899049,18.15065332,18.15446503,18.16045842,18.16856732,18.17863019,18.19069989,18.2046204,18.2203554,18.23779417,18.25681236,18.27735964,18.2993319,18.32262184,18.34717416,18.37286423,18.39966779,18.42747449,18.45628171,18.48601623,18.51665915,18.54821066,18.58065857,18.61401471,18.64832702,18.68361942,18.71993277,18.75735044,18.79590556,18.83573513,18.87688375,18.91941269,18.96349101,19.00914907,19.05652742,19.10575973,19.15695026,19.21019612,19.26575837,19.32349982,19.38398704,19.44688606,19.51275648,19.58161337,19.65359863,19.72891681,19.80772987,19.89017389,19.97643939,20.06664689,20.1609207,20.25935732,20.36207445,20.46912997,20.5805838,20.69636917,20.81664387,20.94124905,21.07019372,21.20336434,21.34066857,21.48193202,21.62704928,21.77577914,21.92793403,22.0832758,22.24155179,22.40247848,22.56576233,22.73111351,22.8982237,23.06673472,23.23630714,23.40661323,23.57728791,23.74796938,23.91832276,24.08798015,24.25659949,24.4238049,24.58927446,24.75263982,24.91354593,25.07167118,25.22664845,25.37814939,25.5258181,25.66929931,25.8082874,25.94243186,26.0714104,26.19487712,26.31256309,26.42409676,26.52916799,26.6275439,26.71889546,26.80296297,26.8797463,26.94874625
1,19.3754922,19.2322224,19.09447742,18.96273406,18.83883947,18.72421711,18.61945015,18.52532134,18.44199316,18.36950653,18.30730753,18.25486423,18.21152731,18.17496471,18.14533582,18.11999217,18.09833372,18.07899041,18.06091147,18.04312723,18.02498542,18.00641578,17.98631995,17.96616706,17.94368386,17.92178086,17.89989529,17.87763551,17.85590319,17.8349093,17.81501687,17.79653899,17.77983536,17.76549764,17.75398466,17.74603465,17.74239456,17.74341116,17.7503262,17.76311802,17.78294154,17.81018837,17.8451881,17.88825584,17.93983007,18.00006686,18.06919422,18.147528,18.23509283,18.33205496,18.43860261,18.55472584,18.68045235,18.81497629,18.9592219,19.11227793,19.2745921,19.44360315,19.62108265,19.80516943,19.99585813,20.1925984,20.39465574,20.6016965,20.81315005,21.02859934,21.24752556,21.46933577,21.69346452,21.91915175,22.14587531,22.37293438,22.59969249,22.82572408,23.05037241,23.27338811,23.49435425,23.71322965,23.92996984,24.14446137,24.3568642,24.56729743,24.77597528,24.98310636,25.18871995,25.39308138,25.59619971,25.79812492,25.99899997,26.19855543,26.39664174,26.59290841,26.78673132,26.97747631,27.1643288,27.34639647,27.52266713,27.69222007,27.85425304,28.00773461,28.15240987
1,7.779488985,7.847591112,7.916136604,7.984402082,8.051653923,8.117182401,8.180271373,8.240238545,8.296515491,8.34853855,8.39603051,8.438676778,8.47637473,8.509112745,8.537098925,8.560474588,8.580040445,8.596017064,8.609260615,8.620555029,8.630668506,8.64083106,8.65201767,8.66543082,8.682298739,8.703894569,8.731532588,8.766545761,8.810166863,8.863733732,8.928331708,9.005279646,9.095552038,9.19996828,9.319460971,9.454712866,9.606226547,9.774370326,9.959398137,10.16137441,10.38064806,10.61639195,10.86888048,11.13766462,11.4223405,11.72244716,12.03736282,12.36645355,12.70902808,13.06428884,13.43138217,13.80936439,14.1971949,14.59379663,14.9980277,15.40869563,15.82452283,16.24416244,16.66624724,17.08938835,17.51210541,17.93292076,18.3503136,18.76271517,19.16852659,19.56614233,19.95400056,20.33050937,20.6941106,21.04340143,21.37706762,21.69383767,21.99258277,22.27239077,22.53264649,22.77299275,22.99306997,23.19279452,23.3724148,23.53227748,23.67285922,23.79492994,23.89902722,23.98792231,24.06052781,24.11873477,24.16463113,24.1986804,24.22239783,24.23701018,24.24366981,24.24354988,24.23757533,24.22694751,24.21210887,24.19461398,24.17410333,24.15232762,24.12903923,24.10503348,24.08089528
1,1.866705331,1.82431662,1.784550453,1.747585155,1.713376289,1.682065374,1.653487377,1.627683496,1.604582494,1.584088127,1.56603221,1.550320475,1.536714277,1.525052646,1.515244918,1.506802255,1.499702948,1.493642222,1.488342366,1.483545964,1.478991027,1.474505785,1.469759089,1.464492249,1.458520478,1.451664079,1.443710725,1.434469534,1.423793651,1.411650637,1.39782189,1.382388286,1.365207044,1.346344147,1.325861858,1.303701188,1.280137036,1.255156365,1.229020115,1.201794562,1.173800489,1.145234751,1.116310688,1.087365201,1.058677902,1.030483702,1.003139198,0.976950412,0.952255798,0.929242279,0.908398648,0.889875569,0.873962095,0.860980782,0.851241845,0.844840685,0.842019003,0.843022962,0.847910694,0.856958476,0.870210698,0.887709712,0.909632962,0.935878913,0.966515082,1.001656881,1.041030523,1.08472859,1.132637384,1.184651233,1.24055966,1.300353469,1.363743099,1.430527959,1.500561912,1.573476412,1.649052551,1.726992345,1.806909611,1.888530217,1.97143793,2.055220316,2.139494227,2.22385114,2.30789502,2.391127101,2.473221664,2.553611777,2.632024984,2.708030245,2.781183737,2.851131151,2.917612391,2.980234666,3.038856744,3.093114363,3.142872599,3.187879842,3.228158905,3.263509551,3.294034066
1,1.980479066,2.034962284,2.092290495,2.152430322,2.215275019,2.280885429,2.34923928,2.420330833,2.49419825,2.570885323,2.65044846,2.732970752,2.818543351,2.907317148,2.999440939,3.095058277,3.194402911,3.297628012,3.404998857,3.516747369,3.633085787,3.754263394,3.880549103,4.012145651,4.149318418,4.292244785,4.441144866,4.596162619,4.757463325,4.925143081,5.099282763,5.279932869,5.467093004,5.660693013,5.860668501,6.06692665,6.279246304,6.497446648,6.721258362,6.950395629,7.184536983,7.423294645,7.66629504,7.913112618,8.163317339,8.416466383,8.672059597,8.929667058,9.18876815,9.448892939,9.709525563,9.970193339,10.23035638,10.48950826,10.74711105,11.0026849,11.25568399,11.50556108,11.75179629,11.9938619,12.23120051,12.46336553,12.68979042,12.91001767,13.12354541,13.3299646,13.52882205,13.71972737,13.90230766,14.07620377,14.24112856,14.39675429,14.54286139,14.67922018,14.80561755,14.92192513,15.02800824,15.12379842,15.20921954,15.28432515,15.34914747,15.40376405,15.44827809,15.48297678,15.50793948,15.52337342,15.52967445,15.52723949,15.51613809,15.49667105,15.46936246,15.43430441,15.39179311,15.34197204,15.28520312,15.22151231,15.15102692,15.0737524,14.98971136,14.89883237,14.80102472
1,7.431704478,7.475213554,7.517292467,7.559585217,7.603652694,7.650848699,7.70220739,7.758671353,7.8211795,7.890064081,7.966141156,8.049875003,8.141300509,8.24038897,8.346682151,8.459477909,8.578175716,8.700272202,8.825423716,8.951636267,9.077429813,9.201293611,9.322155082,9.438856793,9.550614415,9.656996132,9.757797531,9.853868798,9.945422671,10.033238,10.11806339,10.20087483,10.28241098,10.36329998,10.44385825,10.52415671,10.60415814,10.68322884,10.76174864,10.83896923,10.91527359,10.99170618,11.06943587,11.14999734,11.23512344,11.32691497,11.42775465,11.53959868,11.66485289,11.8065028,11.96511933,12.14353777,12.34211099,12.5611529,12.79948484,13.05515379,13.32497623,13.60489265,13.89040801,14.17655965,14.4586741,14.73287522,14.9961603,15.2465142,15.48329213,15.70679138,15.91857441,16.11969108,16.31235371,16.49757488,16.67606678,16.84701912,17.00921725,17.16059113,17.29902397,17.42265552,17.53029691,17.62056079,17.69412918,17.75189247,17.79497091,17.82669277,17.84780139,17.86121176,17.86882854,17.87230225,17.87294757,17.87174092,17.86848858,17.86347477,17.85590711,17.84515334,17.83112382,17.81311347,17.79044791,17.76391256,17.7333428,17.69934411,17.66259506,17.62386594,17.584034
1,7.922326972,7.829671035,7.733686107,7.635782307,7.538029334,7.44288703,7.35317255,7.271762921,7.201446707,7.144699658,7.103498847,7.079401187,7.073299404,7.08538883,7.115277979,7.162348975,7.224807135,7.301222157,7.389355277,7.487079651,7.592134221,7.702368482,7.815893258,7.931093558,8.046770189,8.162215675,8.277147792,8.391971043,8.507478223,8.624813354,8.745268591,8.870128441,9.000494168,9.13717406,9.28059306,9.430703939,9.586931042,9.748584772,9.914422961,10.08306144,10.25317933,10.42352296,10.59309792,10.76126015,10.9278112,11.09288239,11.25705748,11.42112298,11.58598169,11.75278531,11.92227525,12.09525635,12.27215879,12.45302271,12.63759514,12.82519455,13.01480551,13.20509504,13.39454533,13.58139526,13.76383113,13.9400168,14.10815928,14.26661398,14.41399314,14.54919246,14.6715482,14.7809507,14.87780546,14.9631023,15.03840805,15.10561336,15.16697954,15.22450815,15.2811468,15.33860354,15.39896865,15.46394243,15.53504963,15.61283967,15.69815805,15.79108359,15.89140168,15.99865459,16.11211542,16.23076162,16.35324207,16.47792429,16.60278001,16.72572863,16.84451651,16.95703681,17.06087922,17.15484041,17.23686942,17.30609666,17.36190667,17.40417002,17.43306861,17.44987036,17.45547015
1,-5.788833532,-5.736704091,-5.67120016,-5.594927191,-5.510511564,-5.420975559,-5.329178504,-5.237875551,-5.149488929,-5.066214784,-4.989695068,-4.921205131,-4.861950014,-4.813219258,-4.777026073,-4.755712878,-4.752707543,-4.771402476,-4.815212573,-4.886451884,-4.986399434,-5.114860893,-5.270157088,-5.449210367,-5.647086304,-5.858235759,-6.075621942,-6.291836923,-6.499491458,-6.691661581,-6.861978292,-7.006533789,-7.122143797,-7.208520332,-7.26814184,-7.305372391,-7.325856105,-7.336404355,-7.342152589,-7.347454697,-7.354524668,-7.363758199,-7.374684874,-7.386001535,-7.397964425,-7.410506466,-7.425551378,-7.444801781,-7.469503978,-7.499679017,-7.534628249,-7.572887765,-7.612339062,-7.652186453,-7.690818861,-7.727492265,-7.760776485,-7.789998168,-7.81432035,-7.832859311,-7.845221459,-7.851614164,-7.853294532,-7.852302665,-7.851097556,-7.85186781,-7.85616221,-7.864920641,-7.877990446,-7.895596932,-7.917196091,-7.942329446,-7.970156028,-7.999215553,-8.027675503,-8.053493658,-8.07471434,-8.089925695,-8.098252517,-8.099617023,-8.094059639,-8.082577887,-8.065663872,-8.044477729,-8.019046517,-7.989909983,-7.957363273,-7.921784541,-7.883441861,-7.842965153,-7.801142453,-7.758341849,-7.715266614,-7.672614014,-7.631283242,-7.592137598,-7.555945838,-7.523062516,-7.493349881,-7.466491037,-7.441437895
1,19.88808861,19.53032695,19.09111975,18.57301334,17.98106799,17.32265113,16.60702936,15.84547489,15.05097942,14.23842975,13.42317653,12.62002039,11.84133236,11.09666545,10.39218829,9.730669023,9.112297705,8.536457375,8.002445033,7.509878044,7.058790375,6.649889147,6.285072082,5.967704091,5.70204364,5.492137709,5.341040622,5.249849662,5.217198227,5.238459312,5.304962449,5.404793983,5.522768501,5.642588324,5.749696255,5.833245976,5.889073057,5.919332671,5.930394875,5.928644055,5.919047784,5.904045666,5.885239553,5.86498367,5.848943857,5.846098605,5.866433966,5.918992428,6.007267925,6.12795395,6.271698447,6.424935729,6.5740341,6.70878992,6.825302519,6.926104369,7.018506347,7.112109416,7.216668001,7.339472052,7.484883159,7.654835444,7.850050023,8.071153264,8.318831088,8.593142854,8.892249255,9.212266525,9.54716395,9.889779453,10.23348999,10.57344753,10.90682548,11.23327755,11.55438172,11.87225725,12.18860559,12.50279134,12.81155104,13.10932607,13.39020901,13.64963052,13.88495706,14.09556417,14.28222084,14.44727841,14.59478422,14.7302821,14.85952591,14.98790417,15.11855837,15.25315433,15.39115196,15.53086752,15.66971011,15.80462417,15.93198899,16.04797485,16.14961273,16.23429976,16.29967525
1,6.230427636,6.188562832,6.149379199,6.112408054,6.077105334,6.042811915,6.008940203,5.974714532,5.939461928,5.90249495,5.863175886,5.82077087,5.774919889,5.725320023,5.671705164,5.614360102,5.553607906,5.49029637,5.425385984,5.360076639,5.295527385,5.233778608,5.176096074,5.124292767,5.080057217,5.045356758,5.021158206,5.009899475,5.012892613,5.031609824,5.067485272,5.121399595,5.194706971,5.287937371,5.401437886,5.535023622,5.688061885,5.859349164,6.047137358,6.24969211,6.464588573,6.688981898,6.920986893,7.158095142,7.398187279,7.639559474,7.880810284,8.121010425,8.359569068,8.596293248,8.831369475,9.065179372,9.298354316,9.531648067,9.765823351,10.00159704,10.23953542,10.48004526,10.72333793,10.96942846,11.21814358,11.46927403,11.72235681,11.97704164,12.23291271,12.48963248,12.74692116,13.00450132,13.26218188,13.51974473,13.77711223,14.03420735,14.29111326,14.54798457,14.80514948,15.06295077,15.32180233,15.58206942,15.84391845,16.1073149,16.37193934,16.63703379,16.90160135,17.16438714,17.42392965,17.67880158,17.92766667,18.16937686,18.40317871,18.62851405,18.84526398,19.05341303,19.25326314,19.44481496,19.62864346,19.80450358,19.9725882,20.13256616,20.28413499,20.42680953,20.56015384
1,3.363223333,3.357377642,3.35473742,3.355807918,3.360918344,3.370563831,3.384937121,3.404603625,3.429686283,3.460326769,3.496604387,3.538515703,3.58590085,3.63854918,3.696157148,3.758271383,3.824454832,3.894125709,3.966698219,4.041556575,4.11807904,4.195620188,4.273567802,4.35134858,4.428440755,4.504406463,4.578848013,4.651478364,4.722058818,4.790489434,4.856721462,4.920776343,4.98276433,5.042883816,5.101349218,5.15843787,5.214451479,5.269732296,5.324618371,5.379425521,5.434478557,5.490072695,5.54642704,5.603799839,5.662310107,5.722103364,5.783189798,5.845586254,5.9092532,5.974078979,6.039948428,6.106671571,6.174091841,6.242022737,6.31028312,6.378742805,6.447247352,6.515721446,6.584139745,6.652535542,6.720975575,6.789617213,6.858691332,6.928485254,6.999334347,7.071664636,7.145907256,7.222528303,7.301992685,7.384770833,7.471328003,7.562028722,7.657261237,7.757268093,7.862242895,7.972277232,8.087342015,8.207305589,8.331919562,8.46080392,8.593491087,8.729383435,8.867790978,9.007923886,9.148930607,9.289878146,9.429779481,9.567668261,9.70253785,9.833373414,9.959207332,10.07908973,10.19216985,10.29765605,10.39482276,10.48308124,10.56195639,10.63110319,10.69008656,10.73921806,10.77813129
1,-2.664673742,-2.684090577,-2.701470801,-2.716362841,-2.728438626,-2.73751235,-2.743500263,-2.746550764,-2.746850853,-2.744794585,-2.74091922,-2.735866854,-2.730459276,-2.725606651,-2.722298321,-2.721607697,-2.724647469,-2.732533968,-2.746312892,-2.767017829,-2.795479314,-2.832478469,-2.878620651,-2.934142493,-2.999353075,-3.074052665,-3.15806249,-3.250820053,-3.351597125,-3.459485877,-3.573398948,-3.692074568,-3.814129439,-3.93809644,-4.062420391,-4.1855023,-4.305726026,-4.421495533,-4.531275089,-4.633568488,-4.727022874,-4.810363461,-4.88242475,-4.942197158,-4.988710069,-5.021303486,-5.039192321,-5.041871884,-5.029157728,-5.000655587,-4.956497999,-4.896831634,-4.822074703,-4.732820503,-4.629867764,-4.514264435,-4.387211624,-4.250141595,-4.104611902,-3.952301516,-3.794956426,-3.634304434,-3.471993114,-3.309505348,-3.148064619,-2.988587148,-2.831665504,-2.677533652,-2.526082562,-2.376946643,-2.229543845,-2.083149869,-1.936948753,-1.790116746,-1.641841336,-1.491403277,-1.33816888,-1.181650044,-1.021542889,-0.857707395,-0.69020476,-0.519276444,-0.345351192,-0.169053942,0.00881093,0.187302789,0.365272388,0.541472475,0.714542443,0.883100041,1.045738686,1.20111467,1.347990177,1.485267323,1.611965961,1.727323781,1.830764587,1.921892645,2.000468119,2.066437893,2.119878943
1,9.195297305,9.170967654,9.143848397,9.11399212,9.081760733,9.047034894,9.010638527,8.97231845,8.932602299,8.891760431,8.850156611,8.808122868,8.766014861,8.724211016,8.683042584,8.642908951,8.604143503,8.567088995,8.532097731,8.499448445,8.469557374,8.442486246,8.418884966,8.39857936,8.381982629,8.369409361,8.360911649,8.356678194,8.356848677,8.361513125,8.370771483,8.384727301,8.403455048,8.42694651,8.455228555,8.488255218,8.526100441,8.568760948,8.616196434,8.668342593,8.725232866,8.786735243,8.852971742,8.923765831,8.999174166,9.079178853,9.163761413,9.252908732,9.346655083,9.444981377,9.54795544,9.655604262,9.76793842,9.885034654,10.00694386,10.13371276,10.26540195,10.40207404,10.54378506,10.69056661,10.84245852,10.99948911,11.16164694,11.32892234,11.50126835,11.67862919,11.86090394,12.04796492,12.2396146,12.43569269,12.63593783,12.84006474,13.04774432,13.25859845,13.47221071,13.68814154,13.90588588,14.12486934,14.34452786,14.56423894,14.78335467,15.00117042,15.2169911,15.43005185,15.63962373,15.84491417,16.0451541,16.23956326,16.42736682,16.60776952,16.78002276,16.94337989,17.09716077,17.24064909,17.3731934,17.49421238,17.60314573,17.69945774,17.78267891,17.85241602,17.90842887
1,-0.601963684,-0.689403493,-0.793159282,-0.912725795,-1.047467445,-1.196430817,-1.358516253,-1.532307747,-1.716146827,-1.908080636,-2.105848826,-2.306866036,-2.508234144,-2.706773904,-2.899036696,-3.081338674,-3.249948358,-3.401088584,-3.531148772,-3.636644988,-3.71480988,-3.762838359,-3.779012358,-3.761754601,-3.710643168,-3.624994634,-3.505511773,-3.35295805,-3.168729652,-2.954713921,-2.713281966,-2.44694551,-2.158664253,-1.851481136,-1.528585032,-1.193053797,-0.847804215,-0.495515048,-0.138522066,0.221268243,0.582346944,0.943612001,1.304378061,1.664259389,2.023172107,2.381155254,2.73837145,3.094959032,3.450966776,3.806306983,4.160707645,4.513690779,4.864574089,5.212427986,5.556221198,5.894775105,6.22683714,6.551112338,6.866376487,7.171353407,7.464961165,7.746129875,8.013942551,8.267612037,8.506518203,8.730097857,8.938006172,9.130021398,9.306142422,9.46651768,9.611653443,9.742225813,9.859365809,9.964444433,10.05937258,10.146083,10.22696825,10.30448518,10.3811536,10.4592989,10.54097643,10.62795274,10.72135659,10.82198517,10.92990038,11.04472672,11.16557823,11.29106348,11.41958724,11.54916484,11.67770024,11.80306958,11.92309809,12.03574026,12.13912022,12.23149191,12.3114078,12.37768939,12.42938813,12.46571984,12.48685982
1,28.94506484,28.89998032,28.86941204,28.85372817,28.85292633,28.8665222,28.89359705,28.93273973,28.98242217,29.04014251,29.10407319,29.17174342,29.24103857,29.30964604,29.37562147,29.43705519,29.49235683,29.54018166,29.57938745,29.60914556,29.62887392,29.63838738,29.63758623,29.62672317,29.60639827,29.57725214,29.54043926,29.49695126,29.44841434,29.39627795,29.34232765,29.28843624,29.23662478,29.18887965,29.14735569,29.11389978,29.09045209,29.07870452,29.08020287,29.09647225,29.12832105,29.17719306,29.24381312,29.32860374,29.43186323,29.55326805,29.69223883,29.8476556,30.01824676,30.20245483,30.39875526,30.60563921,30.82190139,31.04655298,31.27900446,31.51883107,31.76593845,32.02042295,32.28236666,32.55185766,32.82890829,33.11321748,33.4043035,33.70108249,34.00200001,34.30491358,34.60698811,34.90461412,35.19367741,35.46998082,35.72873588,35.96517355,36.17498866,36.35412603,36.49963307,36.60959183,36.68281939,36.71986626,36.72242738,36.69253631,36.63338233,36.54899838,36.44339959,36.32080207,36.18569529,36.04304445,35.89659503,35.75041549,35.60830933,35.47329698,35.34807644,35.23429009,35.13386332,35.04754615,34.97577475,34.91868651,34.87583906,34.84663421,34.83004037,34.82456288,34.82885063
1,5.720527392,5.723115912,5.737775326,5.763883947,5.798711741,5.837452758,5.873347002,5.898586199,5.905286119,5.886307682,5.836636667,5.754135012,5.639626373,5.497000669,5.331686343,5.149541459,4.955306029,4.752301069,4.542398232,4.326320001,4.1042043,3.8768037,3.645549089,3.412932507,3.182961833,2.960182095,2.749453786,2.5556192,2.383064887,2.235127037,2.11359502,2.018260193,1.947140272,1.897017963,1.864531705,1.847078548,1.843790615,1.855267706,1.883403507,1.930653564,1.998004988,2.084741171,2.187936602,2.303687299,2.428315084,2.559433611,2.696262395,2.839248455,2.988995358,3.147911341,3.317400017,3.498046786,3.689192428,3.888966876,4.09489276,4.304430258,4.515309977,4.725709755,4.93419437,5.139731804,5.342105604,5.541612083,5.739046529,5.935144559,6.130575042,6.326070326,6.522425444,6.72029359,6.9199876,7.121668562,7.323756461,7.524281163,7.720289808,7.908741571,8.086765221,8.252344363,8.404203077,8.542081083,8.665765074,8.775229855,8.87030211,8.950295385,9.014231893,9.061074704,9.089772238,9.099137275,9.089644877,9.062474757,9.020312737,8.96655267,8.905125862,8.839684286,8.772528611,8.705136662,8.637052915,8.567559338,8.495495975,8.419437279,8.338063691,8.249993223,8.154200371
1,-16.32209387,-16.34821047,-16.37505209,-16.40254205,-16.4306344,-16.459272,-16.48848094,-16.51803094,-16.54805239,-16.5784376,-16.60913936,-16.64013711,-16.67140118,-16.70289441,-16.73459573,-16.76648191,-16.7984994,-16.83069715,-16.86298466,-16.89535803,-16.92780683,-16.96029923,-16.9928083,-17.02527999,-17.05771096,-17.09006127,-17.1222889,-17.1543355,-17.18616476,-17.21772658,-17.24893948,-17.27977268,-17.31014996,-17.33997729,-17.36919727,-17.39770916,-17.42543877,-17.45230758,-17.47818464,-17.50300155,-17.52665373,-17.54903466,-17.56990212,-17.58942922,-17.6072859,-17.62340412,-17.63767057,-17.64998844,-17.66022188,-17.66826474,-17.67401114,-17.67733166,-17.67813154,-17.67630828,-17.67180487,-17.66446768,-17.65422165,-17.64099167,-17.62470559,-17.6053289,-17.58263055,-17.5569453,-17.52786919,-17.49551652,-17.45986138,-17.42091413,-17.37866826,-17.33318515,-17.28449818,-17.2326514,-17.17773576,-17.11983355,-17.05906552,-16.99554644,-16.92943466,-16.86086939,-16.79004103,-16.71712023,-16.6423132,-16.56582948,-16.48790762,-16.40877289,-16.32866947,-16.24784863,-16.16654846,-16.08508117,-16.00368187,-15.92264445,-15.84221545,-15.7627002,-15.68436229,-15.60746292,-15.53230108,-15.45910517,-15.38816906,-15.31971524,-15.25398543,-15.19123135,-15.13166549,-15.07547954,-15.02286309
1,3.121828893,3.098495597,3.081428752,3.072266016,3.072391609,3.082930936,3.104720502,3.138298173,3.184114375,3.242340136,3.312971034,3.395818721,3.490397942,3.596054711,3.71190887,3.83704337,3.970285929,4.110555224,4.256733782,4.407744329,4.562541289,4.720179949,4.879607875,5.039977724,5.200323434,5.359782745,5.517509862,5.672768142,5.824931084,5.973544152,6.118359108,6.259457198,6.397237545,6.532454654,6.666139257,6.799516509,6.933876335,7.070507162,7.210543211,7.354960405,7.504454299,7.659436965,7.819932342,7.985614767,8.15576839,8.329358319,8.505160336,8.681804475,8.857945067,9.032332842,9.203958284,9.372050999,9.536155152,9.696136521,9.852180299,10.00474788,10.15452107,10.30233965,10.44911802,10.595761,10.74307144,10.89174049,11.04228346,11.19502692,11.35006648,11.5072877,11.66629498,11.82647504,11.98696112,12.1467167,12.30460329,12.45941115,12.61002316,12.75541471,12.89479887,13.02767688,13.15375478,13.27303825,13.38574018,13.49224478,13.5930127,13.68852858,13.77919449,13.86527079,13.94692277,14.02418717,14.0969105,14.16476171,14.2275346,14.28477491,14.33602136,14.3807911,14.4186389,14.44920424,14.47224156,14.487667,14.49559475,14.49631339,14.49029361,14.47821088,14.46082728
1,3.460628165,3.399055702,3.332243398,3.260202482,3.182906353,3.100357361,3.012560426,2.919510173,2.821217289,2.717722377,2.609084884,2.495426978,2.376883963,2.253684008,2.126127094,1.9945615,1.859458922,1.721357259,1.580880227,1.438734335,1.295672942,1.152492522,1.009999829,0.869011524,0.730320575,0.594663162,0.462707262,0.335086538,0.212329205,0.094885958,-0.016846761,-0.122554183,-0.221969234,-0.314877958,-0.401082621,-0.480433042,-0.552786926,-0.618052672,-0.676134531,-0.726966965,-0.770515135,-0.806762623,-0.835739713,-0.857460438,-0.871975822,-0.879423865,-0.879945631,-0.87390876,-0.861466879,-0.843035973,-0.819018268,-0.789872984,-0.756034392,-0.718000428,-0.676158444,-0.630968965,-0.582787085,-0.531959431,-0.478760369,-0.423417762,-0.366129149,-0.307015053,-0.246138051,-0.18349537,-0.119013543,-0.052557793,0.016102122,0.087172253,0.160910245,0.237527104,0.317178055,0.400019349,0.486053212,0.575286326,0.667613401,0.762756484,0.860425064,0.960139169,1.061319248,1.163277078,1.265167936,1.36603544,1.464832565,1.56041416,1.65161406,1.737255594,1.816224498,1.88751807,1.950259398,2.003743751,2.04746706,2.081137938,2.104659345,2.11814264,2.121940385,2.11649531,2.102400658,2.080557647,2.051618294,2.016577257,1.976391579
1,6.539349884,6.537527407,6.539141007,6.543856333,6.551410161,6.561315592,6.573212703,6.586501593,6.600631809,6.615026277,6.629059383,6.64208995,6.65356642,6.662873871,6.669474569,6.672923484,6.672734902,6.66854446,6.660130499,6.647231921,6.62972891,6.607607291,6.580912508,6.549756756,6.514387862,6.475036026,6.432058639,6.385901383,6.33697471,6.285838357,6.233049394,6.179230208,6.125177015,6.071532042,6.019122743,5.968920492,5.921756194,5.878635237,5.840500227,5.808381966,5.783270317,5.766130386,5.757976307,5.759571826,5.771894019,5.79543928,5.830877043,5.878996553,5.939056671,6.012117401,6.097725373,6.195841744,6.305844939,6.427397058,6.559882893,6.7025829,6.854622595,7.015105673,7.183084206,7.357537348,7.537550331,7.721966084,7.909980939,8.100586296,8.293002851,8.486408571,8.680040785,8.873319933,9.065636803,9.256550553,9.445645595,9.632566155,9.817024053,9.998818979,10.17775645,10.35383183,10.52689901,10.69699394,10.86399183,11.02799609,11.18897778,11.34693929,11.50174166,11.65339576,11.80164358,11.94639373,12.08735941,12.2243238,12.35689807,12.48471915,12.60746001,12.7245827,12.83568004,12.94021061,13.03776703,13.12779813,13.20990703,13.28367241,13.34872339,13.40476948,13.45159917
1,1.835896617,1.816600011,1.792373203,1.763208966,1.728942145,1.689961819,1.646752214,1.599938296,1.550420369,1.499161167,1.447414604,1.395970695,1.345967223,1.298034304,1.252665042,1.210088036,1.170436365,1.133801303,1.100395765,1.070606167,1.045072037,1.024600963,1.010121056,1.002662656,1.003197922,1.012660807,1.031945709,1.061730504,1.102824509,1.155091043,1.219193522,1.29491155,1.382387033,1.48099769,1.591024299,1.711570394,1.842277484,1.982338803,2.130749251,2.286319923,2.447615756,2.613171423,2.781556505,2.951464218,3.121801231,3.291391735,3.459000368,3.623058154,3.781692215,3.932872164,4.074479872,4.204606705,4.321711495,4.424821692,4.513667544,4.588630924,4.650884153,4.702069532,4.74424228,4.779889775,4.811704362,4.842615531,4.875467768,4.91303666,4.957669471,5.011365182,5.075541893,5.151119881,5.238390125,5.337193658,5.446587636,5.565634911,5.692830545,5.826600135,5.965259139,6.107205999,6.250849578,6.394770608,6.537618311,6.678101424,6.814980668,6.947101634,7.073396255,7.192938673,7.305019546,7.409172489,7.505127546,7.592909207,7.672738524,7.744959902,7.810013463,7.868428969,7.920886418,7.967921322,8.01026227,8.048740508,8.084346441,8.118296163,8.151949084,8.186841991,8.224496145
1,-0.630270742,-0.63383382,-0.626160426,-0.607766787,-0.579409263,-0.541297162,-0.494178475,-0.43922051,-0.376461148,-0.307556917,-0.233518041,-0.155488375,-0.074799794,0.00724984,0.089464913,0.171195517,0.251059031,0.329208025,0.405589521,0.480622188,0.555055404,0.62999178,0.706643058,0.786305981,0.870202439,0.959644422,1.055957123,1.159858731,1.273504091,1.396386368,1.529907893,1.674886054,1.831003329,1.997851661,2.174727033,2.360610716,2.554100609,2.753320329,2.956636878,3.161608319,3.365858378,3.566921147,3.763212442,3.951652848,4.131370826,4.301332108,4.461039257,4.610971658,4.752331161,4.887502119,5.018306903,5.14875052,5.281968616,5.421423334,5.570391686,5.731956536,5.909119573,6.103124986,6.317848924,6.553925012,6.813638395,7.097940268,7.407433049,7.742302918,8.10141013,8.483287652,8.885628498,9.305226711,9.738593587,10.18148302,10.62912338,11.07663572,11.518664,11.95019645,12.36621918,12.76205451,13.13472586,13.48072001,13.79819683,14.08620001,14.34420931,14.57241641,14.77147059,14.94255112,15.08732347,15.20763798,15.30557359,15.38363897,15.44353971,15.48726575,15.51585589,15.53139245,15.53390429,15.5243407,15.50358124,15.47253393,15.43237495,15.38429602,15.32944318,15.26921627,15.204752
1,-3.151688639,-3.22835975,-3.309851357,-3.393206791,-3.475759728,-3.555247371,-3.630041132,-3.699173189,-3.762417407,-3.820186873,-3.873551836,-3.92406889,-3.973601866,-4.024041743,-4.077268368,-4.134859662,-4.197739131,-4.267324746,-4.343956688,-4.427963134,-4.519318353,-4.617697823,-4.722546534,-4.833075615,-4.948336553,-5.067287808,-5.188753329,-5.311564668,-5.434661539,-5.55713906,-5.678349451,-5.797668429,-5.915225679,-6.030722176,-6.144517801,-6.256987746,-6.36863469,-6.479873563,-6.591145202,-6.702649672,-6.81452267,-6.926663724,-7.038906315,-7.150927898,-7.262172391,-7.372139968,-7.480296366,-7.585969721,-7.688608454,-7.787772937,-7.883019456,-7.974096636,-8.060539986,-8.141702264,-8.217385828,-8.286886464,-8.349955236,-8.405711952,-8.453548166,-8.492872875,-8.522671655,-8.542306191,-8.55053137,-8.54615487,-8.527961019,-8.494328324,-8.444160895,-8.376025863,-8.28876048,-8.181740216,-8.054311642,-7.906332421,-7.737971798,-7.549563082,-7.341629911,-7.114770064,-6.870225638,-6.60880772,-6.331915121,-6.041121227,-5.738293871,-5.425434846,-5.104941318,-4.779367591,-4.451605496,-4.124677373,-3.801536378,-3.484969862,-3.177438874,-2.880830138,-2.596516906,-2.325219632,-2.0671988,-1.821981049,-1.588418465,-1.365993028,-1.1537687,-0.951241241,-0.758627978,-0.576308826,-0.405204305
1,1.022348501,1.02009958,1.022580026,1.029200307,1.039326886,1.052492206,1.06819686,1.086069345,1.105836237,1.12733563,1.150496261,1.175341494,1.201923553,1.23034299,1.260680349,1.292987828,1.327267582,1.363437724,1.401213735,1.44077955,1.481561199,1.523382237,1.565943118,1.608953162,1.65213544,1.695256281,1.738144704,1.780719065,1.8229899,1.865092323,1.907357734,1.950169085,1.993986031,2.039643384,2.087819867,2.139349641,2.195069547,2.255801119,2.322307981,2.395289827,2.475101762,2.562272753,2.656976261,2.759182836,2.86875738,2.98541697,3.108767672,3.238331441,3.373543146,3.513790595,3.658389149,3.806600338,3.957629119,4.110649688,4.264787834,4.419161011,4.572895748,4.725123577,4.875069152,5.021963688,5.165419767,5.304751915,5.43976962,5.57028736,5.696327249,5.81802605,5.935622131,6.049464499,6.159947885,6.267496983,6.372533835,6.475454488,6.576592228,6.676239902,6.774593888,6.871776026,6.967808743,7.062633067,7.156067901,7.247914328,7.337787042,7.425255178,7.509765183,7.590680737,7.667332989,7.738960345,7.804761568,7.863993751,7.915912283,7.959941805,7.995347043,8.021745608,8.038711473,8.046064973,8.043758455,8.0318364,8.010385177,7.980049286,7.941120759,7.894301667,7.840204762
1,-1.016065282,-1.029912886,-1.018121928,-0.982677224,-0.926323894,-0.85245883,-0.764786576,-0.667144096,-0.563398682,-0.45677289,-0.349939425,-0.245006623,-0.143087683,-0.044566475,0.051083174,0.144750127,0.237735653,0.331314895,0.426704078,0.524480361,0.62482355,0.726702042,0.828714237,0.928620289,1.024330687,1.114022572,1.196539238,1.272026383,1.341200632,1.405954415,1.468345722,1.530423351,1.594361023,1.661814438,1.733594287,1.810475479,1.892160543,1.978295986,2.06863965,2.162816691,2.261727971,2.366021114,2.477792921,2.599955748,2.735642271,2.88826564,3.061216264,3.257955236,3.479612631,3.729252478,4.006132214,4.3096752,4.63794283,4.987931596,5.355930605,5.737617126,6.12879603,6.525038458,6.922467858,7.317294677,7.706994244,8.089631907,8.463554594,8.828097306,9.182887753,9.527163362,9.859823515,10.17926395,10.48298663,10.7674826,11.02910819,11.26450356,11.4689867,11.63999147,11.77512942,11.87337647,11.93510447,11.96189319,11.95658733,11.92327728,11.866275,11.79235501,11.70593966,11.61248453,11.51693679,11.4231457,11.33380963,11.25051252,11.17347628,11.10214845,11.03501043,10.97047277,10.90629547,10.84146322,10.77428332,10.70441441,10.63114926,10.55501684,10.47669562,10.39746817,10.31840119
1,1.439514152,1.195936486,0.632345309,-0.081772952,-0.563838112,-0.709039946,-0.615537429,-0.290735229,0.275365777,0.927195337,1.404115523,1.58632985,1.560923476,1.399919348,1.110506291,0.756738128,0.446837117,0.218088936,0.088105148,0.043911434,-0.011056261,-0.135740641,-0.256699367,-0.303619904,-0.421104215,-0.831708086,-1.489634529,-2.15168202,-2.704876099,-3.096825036,-3.214944304,-3.064150424,-2.821714395,-2.694705524,-2.710908129,-2.693572569,-2.589472142,-2.49932128,-2.462536144,-2.493185908,-2.586241988,-2.631345552,-2.604680572,-2.599059814,-2.484772217,-2.045582104,-1.423201912,-0.967221132,-0.727823224,-0.608784462,-0.754074368,-1.25943864,-1.816431746,-2.051517889,-1.933028667,-1.620102929,-1.26537459,-0.952695096,-0.632802425,-0.284760886,0.032718723,0.305126196,0.476765285,0.473936799,0.365685759,0.239934072,0.145873497,0.195321016,0.487839466,0.949659469,1.359137706,1.577278559,1.666505044,1.737914215,1.817565234,1.87795507,1.926408582,1.988746658,2.056303309,2.123265002,2.259178538,2.539334587,2.894909938,3.211105371,3.458482915,3.593737236,3.501498057,3.10192628,2.503620991,2.028015166,1.951181524,2.184447081,2.375643101,2.378901879,2.314775623,2.272595618,2.241530063,2.052017128,1.541929091,0.953531909,0.621668519
1,0.285052552,0.20034688,0.114632537,0.028646328,-0.056834491,-0.141025128,-0.22320181,-0.302618951,-0.378605637,-0.450540899,-0.517864312,-0.580108517,-0.636875505,-0.687847877,-0.732777014,-0.771499138,-0.80386932,-0.829906567,-0.849749987,-0.863354937,-0.870730743,-0.872191834,-0.867947386,-0.85817398,-0.843154971,-0.82333233,-0.798836019,-0.770049598,-0.737390052,-0.701179151,-0.661821425,-0.619669365,-0.575104951,-0.528541143,-0.480368393,-0.430901513,-0.380494952,-0.329485503,-0.278151638,-0.226761502,-0.175550652,-0.124710404,-0.074372259,-0.02467381,0.024339715,0.07262644,0.120217554,0.167153324,0.213518759,0.259420531,0.305008664,0.350424322,0.395816797,0.441407572,0.487309122,0.533770055,0.580884189,0.628873462,0.677890101,0.728059416,0.779502574,0.832345573,0.886669028,0.942539762,1.000028458,1.059170325,1.119986133,1.182464746,1.24660695,1.312374066,1.379681877,1.448476584,1.518662754,1.590101213,1.662671935,1.736204237,1.810515812,1.885427655,1.960707942,2.036125582,2.111439629,2.18639119,2.260678604,2.334028718,2.406127167,2.476680324,2.545352025,2.611831175,2.675768894,2.736849853,2.794714991,2.84911036,2.899667345,2.946092522,2.987850632,3.025189601,3.057404951,3.084413614,3.106005652,3.121970937,3.132213577
1,2.377876594,2.647844517,2.909032672,3.154004221,3.371543327,3.546148694,3.661760226,3.705151151,3.66714652,3.549647943,3.372647476,3.165768803,2.958467623,2.766040338,2.588062272,2.414794259,2.23362688,2.033031495,1.805784886,1.552768398,1.289272517,1.041061594,0.833335682,0.680052259,0.582364831,0.535064145,0.533805721,0.575209147,0.652929894,0.75640807,0.873843857,0.992901675,1.107069735,1.21704726,1.327528087,1.436732211,1.534545631,1.610100516,1.656794627,1.672406555,1.658703058,1.620312559,1.563589871,1.497376588,1.431897189,1.375729176,1.333234113,1.305775835,1.292610134,1.291478705,1.296511143,1.299964715,1.297979227,1.294086829,1.293200044,1.293690481,1.288614243,1.274499254,1.259075931,1.254618671,1.262771975,1.271122525,1.264085601,1.23644527,1.200200385,1.180497057,1.196137745,1.247010786,1.318139569,1.390406696,1.446972976,1.475734711,1.475948546,1.461302988,1.449424398,1.448184278,1.45338784,1.455125893,1.444000205,1.414329309,1.368688214,1.316449013,1.269096478,1.235123653,1.216178538,1.209099904,1.215680673,1.246500051,1.31015799,1.402761249,1.508253613,1.607539543,1.688345292,1.74628292,1.783370025,1.807212086,1.831124308,1.87361365,1.952954964,2.077147114,2.236307637
1,-0.615150517,-0.610693824,-0.606419519,-0.602624664,-0.599560146,-0.597370043,-0.596237424,-0.596282661,-0.597623202,-0.600361631,-0.60454301,-0.610224166,-0.61741469,-0.626130097,-0.636280865,-0.647822456,-0.66071197,-0.67475235,-0.689877977,-0.705894117,-0.722630088,-0.739870944,-0.757412372,-0.774990958,-0.792381898,-0.809286527,-0.825482388,-0.840613276,-0.854433472,-0.866629835,-0.876931591,-0.88504763,-0.890676511,-0.89358591,-0.893532566,-0.890309333,-0.883684368,-0.873469484,-0.859519766,-0.841857467,-0.820261116,-0.794682492,-0.765103182,-0.731575368,-0.694071646,-0.652668422,-0.607412717,-0.558386037,-0.505668319,-0.449349542,-0.389549896,-0.326347501,-0.259851064,-0.190170422,-0.117408882,-0.041694484,0.036886691,0.118216234,0.202228485,0.288713377,0.377631456,0.468810291,0.562120759,0.657454533,0.754696643,0.853642791,0.954176633,1.056127424,1.159349136,1.263675118,1.368967589,1.474961977,1.581578197,1.688570214,1.795770453,1.902959884,2.009926097,2.116505391,2.222394236,2.327454679,2.43137399,2.533939525,2.634939118,2.734059001,2.831077955,2.925706114,3.017713254,3.106792428,3.192717911,3.27521376,3.354050816,3.429006848,3.499884244,3.566440972,3.628561576,3.686123128,3.738985801,3.78706664,3.83035457,3.868827553,3.902460518
