0,-2.242720133,-2.220719813,-2.197880329,-2.174239626,-2.149827297,-2.124692399,-2.098859549,-2.072367417,-2.045217709,-2.017459729,-1.989066066,-1.96009923,-1.930532633,-1.900364761,-1.86962822,-1.83830145,-1.806358347,-1.773824079,-1.740667547,-1.706850709,-1.672394634,-1.637248023,-1.601409763,-1.564828861,-1.52752153,-1.489409724,-1.450536556,-1.410821961,-1.370264483,-1.328846502,-1.286518742,-1.243281978,-1.199124572,-1.154023949,-1.107954444,-1.060921517,-1.012888895,-0.96384561,-0.913768527,-0.862659239,-0.810520735,-0.757346953,-0.703133791,-0.647886225,-0.591573712,-0.534244638,-0.475859336,-0.416463065,-0.35606124,-0.294656923,-0.232312624,-0.168979404,-0.104699709,-0.039543341,0.026496551,0.093376058,0.161066,0.229492437,0.298657085,0.368498626,0.438920457,0.509907071,0.581398698,0.653306596,0.725590231,0.798166213,0.870933176,0.943838421,1.016807154,1.08976322,1.16256938,1.235151499,1.307439334,1.379312124,1.450675587,1.521455226,1.591538989,1.660802059,1.729198425,1.796608216,1.862922621,1.928048488,1.991929369,2.054462908,2.115523125,2.175068135,2.233013658,2.289273023,2.343790035,2.396486448,2.447285888,2.496181385,2.543104683,2.587990911,2.630796488,2.671473817,2.710019497,2.746393955,2.780534119,2.81244045,2.84212544
0,-7.727202054,-7.714025502,-7.699373924,-7.683373906,-7.666114495,-7.647702279,-7.62832977,-7.608115266,-7.587261393,-7.565952088,-7.544411094,-7.522829269,-7.501430398,-7.480459584,-7.460105339,-7.440626197,-7.422221191,-7.405115214,-7.389489715,-7.375505853,-7.363330301,-7.353128405,-7.344999843,-7.339082342,-7.335315325,-7.333911778,-7.334770005,-7.338012441,-7.343489792,-7.351323065,-7.361355724,-7.373523894,-7.387820597,-7.404104884,-7.422310855,-7.442304281,-7.464049633,-7.487350554,-7.512186513,-7.53839809,-7.565872747,-7.594520822,-7.624232199,-7.654885116,-7.686379679,-7.718590443,-7.751446417,-7.784819474,-7.818613909,-7.852683421,-7.886971573,-7.921329576,-7.955673393,-7.989845544,-8.023753442,-8.057280526,-8.090287574,-8.122630171,-8.154196814,-8.184832228,-8.214414289,-8.242797295,-8.269872637,-8.295477638,-8.319482683,-8.341780004,-8.362223518,-8.380745041,-8.397169185,-8.411444138,-8.423455731,-8.433113703,-8.440336341,-8.44513761,-8.447349471,-8.447035211,-8.444151475,-8.438644987,-8.43064269,-8.420118166,-8.407243024,-8.392024618,-8.374618912,-8.355174846,-8.333850518,-8.310840553,-8.286302941,-8.26049389,-8.233596632,-8.205860322,-8.177530177,-8.148833775,-8.120046326,-8.091368407,-8.063055388,-8.035342479,-8.008449888,-7.982567039,-7.957910103,-7.934625453,-7.912858136
0,-3.960254,-3.961531318,-3.962209558,-3.962359212,-3.961961719,-3.961026483,-3.959605886,-3.957723645,-3.955414833,-3.952715666,-3.949667685,-3.94629668,-3.942666511,-3.938802068,-3.934778509,-3.930641835,-3.926434508,-3.922225005,-3.918066444,-3.914027559,-3.910161808,-3.906518816,-3.90316715,-3.900170743,-3.897564908,-3.895438059,-3.893839741,-3.892828283,-3.892427856,-3.892690228,-3.893689217,-3.895465074,-3.898043182,-3.901402601,-3.905724141,-3.910842073,-3.916936249,-3.923949561,-3.931897478,-3.940836338,-3.950700956,-3.961507085,-3.973289236,-3.986036463,-3.999623012,-4.014139017,-4.029533376,-4.045750399,-4.062764933,-4.080522215,-4.098982754,-4.118098734,-4.137812653,-4.158057195,-4.178776502,-4.1998983,-4.221348405,-4.243044757,-4.264908648,-4.286875729,-4.308866317,-4.33077288,-4.352549958,-4.374103526,-4.395313484,-4.416133191,-4.436517568,-4.456307809,-4.47549745,-4.494013015,-4.511760458,-4.528694922,-4.54478116,-4.559932015,-4.574118197,-4.58730031,-4.599464764,-4.610556314,-4.620603457,-4.629547171,-4.637385286,-4.644098487,-4.649734737,-4.654259652,-4.657707301,-4.660054759,-4.661372022,-4.661652977,-4.660903012,-4.659169962,-4.656483232,-4.652858652,-4.648334109,-4.642915047,-4.636662309,-4.629581934,-4.621746046,-4.61317201,-4.603875985,-4.593839884,-4.583167527
0,-3.225105456,-3.228091972,-3.23375665,-3.242101178,-3.253156776,-3.26687143,-3.283343855,-3.302514429,-3.324349482,-3.348916134,-3.376152521,-3.406010788,-3.438555682,-3.473698134,-3.511443966,-3.551752068,-3.594593688,-3.639932644,-3.687711,-3.737904218,-3.790470075,-3.845336545,-3.902465333,-3.961821672,-4.023332006,-4.086918461,-4.152547184,-4.220164408,-4.289688638,-4.361081149,-4.434237724,-4.509120056,-4.585671412,-4.663806621,-4.743479052,-4.824570363,-4.907074812,-4.990907825,-5.075971414,-5.162232921,-5.249615448,-5.338048487,-5.427470044,-5.517793087,-5.608964936,-5.700931037,-5.793580802,-5.886914082,-5.980790127,-6.075207499,-6.170073283,-6.265301045,-6.360846685,-6.456627123,-6.552590148,-6.64868376,-6.744795724,-6.840888203,-6.936874401,-7.03271577,-7.128313392,-7.223609078,-7.31849555,-7.412914513,-7.506792105,-7.600052799,-7.692588014,-7.784330796,-7.875190531,-7.965028369,-8.053792443,-8.141332082,-8.227562162,-8.31241117,-8.395677532,-8.47727492,-8.557066231,-8.634946625,-8.710763811,-8.784390992,-8.855680428,-8.924479577,-8.990711408,-9.054180214,-9.114773375,-9.172352483,-9.226801732,-9.277992081,-9.325820507,-9.37011826,-9.410816592,-9.447838841,-9.481048202,-9.510277749,-9.535640019,-9.556924689,-9.574101915,-9.587102841,-9.595915974,-9.600487373,-9.600794628
0,-1.51270997,-1.489843039,-1.453514038,-1.406999054,-1.353695274,-1.294960512,-1.237922729,-1.189176678,-1.154935058,-1.135225775,-1.126733819,-1.123277698,-1.121308458,-1.109834518,-1.072202867,-1.002720609,-0.906738479,-0.794670238,-0.676160682,-0.562273927,-0.460742445,-0.37339375,-0.30005506,-0.237267873,-0.171846281,-0.1025342,-0.027193859,0.044344984,0.102429872,0.14008902,0.157789626,0.154971825,0.142036648,0.136664734,0.155362284,0.208867547,0.293568732,0.393983542,0.500233251,0.613374314,0.740310936,0.878024875,1.017250181,1.157644588,1.315054537,1.49388778,1.683204896,1.857763094,2.006668641,2.117453903,2.204402912,2.284455441,2.382009091,2.504051517,2.651895478,2.827972769,3.001250509,3.141902472,3.255253223,3.333939538,3.386567393,3.431860679,3.484128305,3.541932463,3.597752393,3.635349111,3.640835821,3.612996423,3.58053464,3.589281111,3.653672572,3.784455997,3.949684266,4.100098989,4.204989789,4.271634138,4.315770924,4.332735247,4.327283685,4.326870936,4.364247854,4.43907865,4.528392885,4.60337331,4.644477182,4.652926429,4.6465586,4.647331,4.678741652,4.717758166,4.742384768,4.759481173,4.794095011,4.832985979,4.885205335,4.941670751,4.999221596,5.049462479,5.095690576,5.135879666,5.166413391
0,2.793690308,2.790516201,2.785582625,2.778843583,2.770273398,2.759900923,2.747756054,2.733835364,2.71823477,2.701062396,2.682425128,2.662374237,2.641221593,2.618991835,2.595924367,2.572274491,2.54820193,2.523917064,2.499721919,2.475816587,2.452467952,2.429924482,2.408436981,2.388268159,2.369598531,2.352695895,2.33782185,2.325099522,2.314753525,2.307095555,2.301896505,2.299735415,2.300531511,2.304378256,2.311373902,2.321543786,2.334958577,2.351621914,2.371513047,2.394574188,2.420700834,2.449974357,2.482111578,2.517104158,2.554768003,2.594950558,2.637456308,2.682092107,2.728631389,2.776879071,2.826613478,2.877533797,2.929417472,2.982003187,3.035037465,3.088251646,3.141377976,3.194214331,3.246467963,3.297879455,3.348332152,3.397523175,3.445287098,3.491491424,3.535932899,3.578467655,3.618996532,3.657442876,3.693698631,3.727732387,3.759475243,3.788920806,3.816071697,3.840917406,3.863512542,3.883903615,3.902075896,3.918228718,3.932330366,3.944500322,3.95483274,3.963438276,3.970399238,3.97585743,3.979949174,3.982706104,3.984246702,3.984745349,3.984250797,3.982900325,3.980770025,3.977909513,3.974447893,3.970449316,3.965845628,3.960844097,3.955424995,3.949569939,3.943276039,3.936632707,3.929558896
0,7.467581632,7.47323431,7.479443423,7.486251298,7.493680311,7.501746109,7.510485489,7.519918336,7.530070073,7.540952697,7.55258585,7.564961321,7.578127099,7.592075448,7.606814919,7.622306629,7.638613415,7.655699087,7.673545837,7.692145426,7.711482472,7.731535131,7.752269754,7.773663467,7.795687686,7.818296568,7.841454246,7.865111628,7.889220672,7.913723826,7.938583145,7.963705787,7.989068008,8.014584643,8.040190567,8.065828653,8.091417775,8.116889092,8.142162991,8.167179103,8.191876934,8.21615398,8.239939765,8.263179805,8.285802248,8.307739171,8.328909683,8.349261634,8.36873168,8.387256395,8.404779521,8.421244245,8.436606004,8.450830742,8.4638612,8.475664456,8.486212247,8.495483846,8.50344223,8.510077783,8.5154177,8.519397635,8.522020885,8.523315901,8.523275242,8.521926822,8.519277459,8.515361798,8.510193284,8.503793891,8.496237375,8.48754969,8.477750783,8.466904736,8.455062858,8.442291358,8.428628542,8.414137037,8.398889287,8.382942868,8.366354622,8.349191837,8.331530312,8.31342833,8.294949109,8.276174511,8.25715634,8.23797332,8.218659113,8.199336907,8.180004737,8.160747939,8.141625424,8.122682463,8.103985423,8.085562701,8.067447763,8.049752027,8.032453245,8.015599943,7.999212909
0,-5.002730968,-4.99928432,-4.996844312,-4.995370657,-4.994811248,-4.995106239,-4.996080133,-4.997817444,-5.000115455,-5.002893302,-5.006054432,-5.009483445,-5.013040716,-5.016629408,-5.020116768,-5.023385116,-5.026291749,-5.028733242,-5.03057472,-5.031712114,-5.032077619,-5.03153215,-5.029977986,-5.02734886,-5.023594554,-5.018637254,-5.012439296,-5.004985052,-4.996221316,-4.986156148,-4.974814365,-4.962187013,-4.948306538,-4.933204132,-4.916977757,-4.899629209,-4.881241666,-4.861869215,-4.841617796,-4.820558327,-4.79876904,-4.776341824,-4.753391401,-4.729945631,-4.706153553,-4.682100889,-4.657855936,-4.633537946,-4.609207901,-4.584972477,-4.560896022,-4.537071384,-4.513566042,-4.490456578,-4.467786631,-4.445657111,-4.424068799,-4.403093128,-4.382747977,-4.363091621,-4.344093543,-4.325797194,-4.308228892,-4.291344324,-4.275178847,-4.259690235,-4.244871082,-4.230702229,-4.217147413,-4.204213728,-4.191865706,-4.18007067,-4.168808652,-4.157996609,-4.147694207,-4.137823164,-4.128366522,-4.119294726,-4.110510024,-4.102086449,-4.093932637,-4.086006029,-4.078335796,-4.07082005,-4.063466552,-4.056220279,-4.049066726,-4.041966007,-4.034897492,-4.027843266,-4.020775263,-4.01367348,-4.006502484,-3.999290828,-3.99198907,-3.984649824,-3.977237401,-3.96979351,-3.962328493,-3.954858042,-3.94745503
0,-2.188824148,-2.205622954,-2.222690928,-2.240057665,-2.257690959,-2.275578924,-2.293662141,-2.311938693,-2.330383867,-2.348907994,-2.367509259,-2.386103181,-2.404653469,-2.423094313,-2.441355633,-2.459389585,-2.477126326,-2.494518314,-2.51147844,-2.527944068,-2.543869118,-2.559173382,-2.573795316,-2.587689877,-2.600815064,-2.61308598,-2.624485121,-2.634942587,-2.644438675,-2.652944954,-2.660404301,-2.666828708,-2.672169062,-2.67641538,-2.679593138,-2.681630611,-2.68258704,-2.682450456,-2.681209469,-2.678930921,-2.675592369,-2.67122256,-2.665848102,-2.659487455,-2.652184468,-2.643976902,-2.634898879,-2.624979476,-2.614231906,-2.602733782,-2.590527385,-2.57760309,-2.564046074,-2.549862726,-2.535102943,-2.519805052,-2.503975647,-2.487669556,-2.470906992,-2.453714972,-2.436108769,-2.418133206,-2.39977437,-2.381068205,-2.362041281,-2.34265211,-2.322967083,-2.302981074,-2.282678628,-2.262099056,-2.241219709,-2.220058944,-2.198623323,-2.176905635,-2.154939412,-2.132728505,-2.11026407,-2.08760503,-2.064731714,-2.041685883,-2.01850301,-1.995193968,-1.971838821,-1.948427905,-1.925047508,-1.901744965,-1.878565383,-1.855580216,-1.832863039,-1.810469946,-1.788506812,-1.767029297,-1.746118255,-1.725878122,-1.706404033,-1.687757698,-1.670046093,-1.653359363,-1.637778812,-1.623411891,-1.610313546
0,0.213292743,0.202471252,0.191618792,0.180772314,0.169948125,0.159209737,0.148626956,0.138245173,0.128144358,0.118388339,0.109072393,0.100257263,0.092057726,0.084523106,0.077736917,0.071815491,0.066802571,0.062875303,0.059945376,0.058173841,0.057620281,0.058333589,0.060348481,0.063702971,0.068423645,0.074506859,0.082030179,0.090905144,0.101215013,0.112855779,0.12589415,0.140235266,0.155883,0.172771689,0.190866716,0.210118159,0.230469955,0.251845704,0.274196629,0.29745435,0.321545793,0.346378602,0.371881134,0.39799568,0.424624912,0.451656629,0.479022767,0.506648284,0.534408846,0.562232079,0.589980192,0.617653336,0.645053579,0.672137636,0.698788926,0.724915692,0.750448479,0.775282975,0.799325598,0.822493792,0.844741996,0.865962457,0.886114881,0.905123211,0.922940907,0.939524947,0.954821752,0.968800242,0.981453894,0.992718459,1.002630938,1.011108677,1.018231372,1.023973936,1.028323014,1.031308515,1.032956537,1.033296959,1.032348773,1.030155745,1.026744405,1.022165846,1.016461821,1.009701358,1.001921714,0.993196753,0.983571158,0.973115898,0.961884364,0.949960603,0.937417418,0.924306157,0.910715611,0.896716606,0.882370433,0.867774569,0.852985606,0.83810556,0.823163173,0.808298372,0.793565347
0,3.125931698,3.134308526,3.141549302,3.147748991,3.15287388,3.156999169,3.160220275,3.162586055,3.164181448,3.165067274,3.165402959,3.16522589,3.164667774,3.1638336,3.162841615,3.161781955,3.160789867,3.159979815,3.159418608,3.159280832,3.159583368,3.160497793,3.16206017,3.164390512,3.167563172,3.17161502,3.176637358,3.182623297,3.189682999,3.197808667,3.207022322,3.217327014,3.228710717,3.241175039,3.254669627,3.26921095,3.284710907,3.301095406,3.318359684,3.336360608,3.355115139,3.374436753,3.394316402,3.414598575,3.435221177,3.456040921,3.477007374,3.497994137,3.51888443,3.539615281,3.560072604,3.580122703,3.59973562,3.618824288,3.637277594,3.65506229,3.672108585,3.688359349,3.703799948,3.718388491,3.732106044,3.744930765,3.756888389,3.767983043,3.778223853,3.78766032,3.796329897,3.804269364,3.811544578,3.818213584,3.824357484,3.830024851,3.83531472,3.84030106,3.845046338,3.849678207,3.854200491,3.858747202,3.863372012,3.868161858,3.873158048,3.878418307,3.88403038,3.889988113,3.896350493,3.90314397,3.910377939,3.918108325,3.9262683,3.934889277,3.943970456,3.953467748,3.963355184,3.973602124,3.984153633,3.995006942,4.006066018,4.017298588,4.028667342,4.040078293,4.051511042
0,3.62181982,3.607334193,3.593360725,3.579873401,3.566914715,3.554349045,3.542262983,3.530591833,3.519321797,3.508437173,3.497922962,3.487763766,3.477953572,3.46848872,3.45933314,3.450545669,3.442111858,3.434068432,3.426419508,3.419202916,3.412457245,3.406222247,3.400556783,3.395509657,3.391128671,3.387480028,3.384638537,3.382647195,3.381590926,3.381545145,3.382531835,3.384651193,3.387914164,3.392397055,3.398158249,3.405235139,3.413641978,3.423397257,3.434503738,3.447010068,3.460884296,3.476105114,3.492634398,3.510466915,3.529514547,3.549739628,3.571068976,3.593416519,3.61667014,3.640728044,3.665483545,3.69079084,3.716508635,3.742495784,3.768588749,3.794622044,3.820414577,3.845776561,3.870532014,3.894484373,3.917433415,3.939188155,3.959539323,3.978318877,3.995324119,4.010377019,4.02332182,4.034000397,4.04226976,4.048020381,4.051143012,4.051566056,4.049225436,4.044007724,4.036098967,4.025257313,4.01171415,3.99549837,3.976606045,3.955207934,3.931436934,3.905422352,3.877345279,3.847417714,3.815808449,3.782758476,3.748502066,3.713265305,3.677302914,3.640890262,3.604260189,3.567681291,3.531419522,3.495739055,3.460886495,3.427097242,3.394611912,3.363670291,3.334458906,3.307205689,3.282099393
0,-2.664409043,-2.674763229,-2.685301556,-2.695981761,-2.706809886,-2.717730713,-2.728722203,-2.739762984,-2.75081404,-2.761826224,-2.772749268,-2.783570357,-2.794324993,-2.804825102,-2.815097272,-2.825099586,-2.834785899,-2.844108409,-2.853020856,-2.861470987,-2.869444624,-2.876870502,-2.88371534,-2.889962676,-2.895532969,-2.900428759,-2.904597006,-2.907998367,-2.91062569,-2.912420853,-2.913390969,-2.913491633,-2.912722716,-2.91104556,-2.908462989,-2.904972944,-2.900548284,-2.895179732,-2.888899229,-2.881687208,-2.873557034,-2.864473669,-2.854582229,-2.843760423,-2.832092672,-2.819627055,-2.806343237,-2.792293656,-2.777519484,-2.762051837,-2.745945969,-2.729256085,-2.711971077,-2.694241908,-2.676029567,-2.657425928,-2.638485352,-2.619258599,-2.599825968,-2.580222457,-2.56050076,-2.540721763,-2.520947012,-2.501243553,-2.481654161,-2.462226903,-2.443030135,-2.424088401,-2.405446196,-2.387168532,-2.369284169,-2.351821732,-2.334818914,-2.318309455,-2.302317399,-2.286857402,-2.271958464,-2.257639008,-2.243928253,-2.230783522,-2.21827779,-2.206375341,-2.195099759,-2.184458266,-2.174420863,-2.165016849,-2.156221719,-2.148046807,-2.140484853,-2.133527903,-2.12714524,-2.121376399,-2.116181799,-2.111552281,-2.107494725,-2.103991816,-2.101032479,-2.09865649,-2.096819246,-2.095502648,-2.094742419
0,-0.490086191,-0.507921956,-0.525855505,-0.543882828,-0.561981481,-0.580084517,-0.598163166,-0.616193863,-0.634143993,-0.651949767,-0.669612637,-0.687067218,-0.704272522,-0.721196492,-0.737815289,-0.754083824,-0.769954186,-0.785380327,-0.80033857,-0.814779586,-0.828686737,-0.841994866,-0.854751075,-0.866824376,-0.878268539,-0.889007192,-0.899035278,-0.908349917,-0.916921338,-0.924737525,-0.93179269,-0.938024557,-0.943649521,-0.948408473,-0.952406808,-0.955679153,-0.958241976,-0.960085439,-0.961233086,-0.961740354,-0.961536199,-0.960794075,-0.959430563,-0.957538273,-0.95513713,-0.952264915,-0.948938417,-0.945210838,-0.941128546,-0.936725678,-0.932049604,-0.927138263,-0.922026486,-0.916748405,-0.91134859,-0.905857709,-0.900318724,-0.894763094,-0.889243665,-0.883765831,-0.878351772,-0.873028542,-0.867837587,-0.862817522,-0.85794737,-0.853247166,-0.848759669,-0.844465927,-0.840377788,-0.836522877,-0.832885839,-0.829455404,-0.826255972,-0.823261545,-0.820465043,-0.817877379,-0.815488648,-0.813230212,-0.811149233,-0.809191006,-0.807321704,-0.805561827,-0.803862029,-0.802156074,-0.800489463,-0.798765029,-0.796999247,-0.795135848,-0.793133106,-0.79092844,-0.788539885,-0.785920834,-0.782991915,-0.779741295,-0.776129617,-0.772079189,-0.767612996,-0.762651339,-0.757169549,-0.75113173,-0.744484485
0,1.345213312,1.323897166,1.301281614,1.2772367,1.251881532,1.225306105,1.197576795,1.168768914,1.139002441,1.108351706,1.076884944,1.044738998,1.012008802,0.978835689,0.945318011,0.911532865,0.877629675,0.84373836,0.809937592,0.776400185,0.743124265,0.710333431,0.678082367,0.646464825,0.615590798,0.585557503,0.556434176,0.528283435,0.501178864,0.475184645,0.450362012,0.426743387,0.404375982,0.383282515,0.363480752,0.345014734,0.327854692,0.312028964,0.297520611,0.284314451,0.272403833,0.261771893,0.252379419,0.244204698,0.237194019,0.231293089,0.22649666,0.22277385,0.220018643,0.218213064,0.217297026,0.217226885,0.217970163,0.219369287,0.221522548,0.224298134,0.227633335,0.231497236,0.235847845,0.2406305,0.245795431,0.251322614,0.257166539,0.26326459,0.26959456,0.276136416,0.282839042,0.289676883,0.296690125,0.303692853,0.310838446,0.318005474,0.32520259,0.332437825,0.339672798,0.346886167,0.354090949,0.361267306,0.368417121,0.375539494,0.382636791,0.389637779,0.396668045,0.403646571,0.410581698,0.417464631,0.424375827,0.431217856,0.438055683,0.44488885,0.451718374,0.45852255,0.465335823,0.472161592,0.479002363,0.485848341,0.492698142,0.499573098,0.506458562,0.513353841,0.520278357
0,0.730471898,0.699412052,0.666986199,0.63334414,0.598660403,0.563112286,0.52687364,0.490127907,0.453072715,0.415886142,0.37878482,0.341961338,0.305617475,0.269950391,0.235173438,0.2014859,0.169097411,0.138203072,0.109001407,0.081684143,0.056465988,0.033501873,0.013010842,-0.004855386,-0.019917029,-0.031988321,-0.040941854,-0.046608947,-0.048800908,-0.047486338,-0.042386841,-0.033552357,-0.020763579,-0.003933907,0.016988818,0.042164937,0.071505398,0.105230488,0.143287114,0.185716451,0.232517133,0.283700495,0.33922003,0.399081879,0.463185748,0.531487674,0.603903027,0.680321972,0.760652468,0.844759084,0.932507813,1.023754727,1.118344911,1.216108048,1.316874754,1.420462226,1.526713491,1.635389521,1.74634457,1.859348746,1.974236108,2.090763738,2.208758909,2.328023893,2.448338505,2.569487157,2.691281724,2.813509164,2.935955786,3.058433854,3.180718146,3.3026165,3.423916615,3.544422496,3.66391149,3.782200917,3.899080223,4.014365082,4.127863535,4.239388594,4.348745263,4.455774846,4.560299241,4.662159359,4.761185103,4.857243414,4.950187504,5.039887157,5.12622551,5.209069945,5.288351547,5.363961166,5.435830073,5.503875201,5.56805723,5.628322302,5.684634069,5.736962427,5.785292842,5.829620543,5.869934208
0,-1.026939813,-1.018091586,-1.010717294,-1.00486277,-1.000646972,-0.99803175,-0.997106942,-0.997891148,-1.000404276,-1.004653529,-1.010678208,-1.018498743,-1.028100339,-1.039490436,-1.052602868,-1.067419739,-1.083964398,-1.10214772,-1.121908959,-1.143257636,-1.166038394,-1.190256021,-1.215803854,-1.242561355,-1.270481782,-1.299445217,-1.329374805,-1.360126882,-1.391603411,-1.423672638,-1.456274286,-1.489190995,-1.522393238,-1.555726875,-1.589088139,-1.622313491,-1.655353748,-1.688066884,-1.720353501,-1.75210407,-1.78324461,-1.813667851,-1.843297085,-1.872065544,-1.899914244,-1.926780593,-1.952664842,-1.977496731,-2.001238462,-2.023882763,-2.045471622,-2.065963696,-2.085383851,-2.103743285,-2.121089454,-2.137458551,-2.152877377,-2.167363337,-2.181004867,-2.193857652,-2.205949029,-2.217336785,-2.228125087,-2.23828539,-2.247963105,-2.257148027,-2.265924573,-2.274319553,-2.282436536,-2.290266489,-2.297864221,-2.305281466,-2.312565378,-2.319713053,-2.32676767,-2.333718932,-2.340650648,-2.347498955,-2.354326557,-2.36108681,-2.36779132,-2.374387938,-2.380918631,-2.387293806,-2.393521909,-2.399575608,-2.405374139,-2.41091242,-2.416084127,-2.420938211,-2.425317648,-2.429263797,-2.432666007,-2.435501724,-2.437697818,-2.439259669,-2.44010741,-2.440187375,-2.439524134,-2.438049129,-2.435718373
0,-0.166733393,-0.166004175,-0.168201872,-0.173306807,-0.181357671,-0.192314405,-0.206234921,-0.223033113,-0.242709162,-0.265283268,-0.290729166,-0.318946835,-0.349984844,-0.383756762,-0.420235792,-0.459345905,-0.50103241,-0.545258105,-0.591927545,-0.640966646,-0.692342575,-0.745914593,-0.801622141,-0.859383483,-0.919096481,-0.98065359,-1.043951725,-1.108888993,-1.175351877,-1.243236328,-1.312416589,-1.38278118,-1.454199561,-1.526549699,-1.599733143,-1.673585546,-1.747989631,-1.822853996,-1.898018009,-1.973353992,-2.048778552,-2.124132146,-2.199311724,-2.274155094,-2.348611527,-2.422565273,-2.49584936,-2.568414123,-2.640111794,-2.710899601,-2.780639027,-2.849274638,-2.916699709,-2.982834013,-3.047631782,-3.111008866,-3.17289859,-3.233268029,-3.292031655,-3.349181415,-3.404661856,-3.458471491,-3.510559619,-3.560951729,-3.609606703,-3.65656055,-3.70179978,-3.745367771,-3.787261697,-3.827549612,-3.86624594,-3.90341297,-3.939082114,-3.973303365,-4.006146111,-4.037690012,-4.067951411,-4.097021013,-4.124966262,-4.151812902,-4.177641924,-4.202514681,-4.226487534,-4.249640096,-4.2719749,-4.293560556,-4.314455726,-4.334673415,-4.354278928,-4.373287858,-4.391713261,-4.409613329,-4.426964316,-4.443807786,-4.460161801,-4.475965382,-4.491259892,-4.506029229,-4.520253414,-4.533894268,-4.546935769
0,-1.198404869,-1.175225914,-1.155101164,-1.137668919,-1.123135184,-1.111756642,-1.10361516,-1.098538514,-1.096848257,-1.098301892,-1.103238303,-1.111692034,-1.123446288,-1.138614496,-1.157329341,-1.179558367,-1.205204127,-1.234221682,-1.266619066,-1.302341779,-1.341240131,-1.383240794,-1.428270361,-1.476159874,-1.526738707,-1.579891468,-1.635426016,-1.693174334,-1.752914154,-1.81445315,-1.877586548,-1.942059343,-2.007666599,-2.074186451,-2.141400023,-2.209055575,-2.276929187,-2.344804051,-2.412443725,-2.479647225,-2.54621469,-2.611960148,-2.676690378,-2.740231504,-2.802400378,-2.863083353,-2.922112905,-2.97936323,-3.034762238,-3.088211398,-3.13956418,-3.188811474,-3.235918165,-3.280760377,-3.32334788,-3.363692258,-3.40174472,-3.437516341,-3.47103502,-3.502309775,-3.53133255,-3.558194436,-3.582964915,-3.605595907,-3.626264357,-3.644964646,-3.661831128,-3.676911843,-3.690318441,-3.702063066,-3.712369118,-3.721294522,-3.728900325,-3.735373962,-3.740808569,-3.745319072,-3.749010229,-3.752039972,-3.754505965,-3.756551583,-3.758282913,-3.75982614,-3.761283201,-3.762848951,-3.764503122,-3.766453294,-3.768755409,-3.771494305,-3.774802928,-3.778689493,-3.783260504,-3.788539296,-3.794655905,-3.801507079,-3.809194522,-3.817740419,-3.827136893,-3.837389695,-3.848454969,-3.860305523,-3.872931775
0,1.498233311,1.541377226,1.580533494,1.615524541,1.646192511,1.672600795,1.694333364,1.711185255,1.723437693,1.730581735,1.732660737,1.729543643,1.721147598,1.707363481,1.688358018,1.663862243,1.633907476,1.598501147,1.557675917,1.511376258,1.459727158,1.402830337,1.340715813,1.27351501,1.201337974,1.124336932,1.0426698,0.956541704,0.866115117,0.771636343,0.673348225,0.571462541,0.466234392,0.357980282,0.246942133,0.133396675,0.017659969,-0.09997401,-0.219210464,-0.339716859,-0.461236221,-0.583451842,-0.706072519,-0.828808507,-0.951338825,-1.073429124,-1.19479353,-1.31517561,-1.434363559,-1.552090671,-1.66816347,-1.782360113,-1.894483688,-2.004427245,-2.111980307,-2.217025161,-2.319440994,-2.419115497,-2.515982123,-2.609975609,-2.701020627,-2.7891053,-2.874205696,-2.956333474,-3.035479792,-3.11167729,-3.18499307,-3.25546648,-3.323154816,-3.388135396,-3.450513456,-3.510370004,-3.567812864,-3.622974834,-3.675943137,-3.726804131,-3.775731651,-3.822845849,-3.868211771,-3.911931413,-3.954143299,-3.99493336,-4.034417103,-4.072653582,-4.10970617,-4.145626022,-4.180485825,-4.214336588,-4.247164836,-4.279018953,-4.309896064,-4.339771589,-4.36861712,-4.396409722,-4.423110981,-4.448675802,-4.472988187,-4.496059137,-4.517725884,-4.537920311,-4.556557937
1,1.260470573,1.213693934,1.170404515,1.130545327,1.094076928,1.060969732,1.031102062,1.004519754,0.981079207,0.960731354,0.943537422,0.929415027,0.918330706,0.910336887,0.905444258,0.903715399,0.905152524,0.90991162,0.918069304,0.929737016,0.944948722,0.963906274,0.986681669,1.013380607,1.044093194,1.078891489,1.117811642,1.160874908,1.2081023,1.259456784,1.314829247,1.374136563,1.437210404,1.503839806,1.573797173,1.646803239,1.722541143,1.800644213,1.88069496,1.962266907,2.044900567,2.128081424,2.211266354,2.293932627,2.375515788,2.4554165,2.533123669,2.608059229,2.679594838,2.747253779,2.810506738,2.86885635,2.921847246,2.968968071,3.010123218,3.044666264,3.072596073,3.093495554,3.107395184,3.114162349,3.11381093,3.106020892,3.091709682,3.070315824,3.042407806,3.008225735,2.968163227,2.922670493,2.872190321,2.817287873,2.75852771,2.696529805,2.631932103,2.565380421,2.497533991,2.429035396,2.360543013,2.292643345,2.225932645,2.160954423,2.098259776,2.038160956,1.981121754,1.927595288,1.877671191,1.831664042,1.789703511,1.751932138,1.718378026,1.689034388,1.663880031,1.642815329,1.625685124,1.612418869,1.602652263,1.596369603,1.593176085,1.59292983,1.595365284,1.600204274,1.607259057
1,-0.712998887,-0.687014735,-0.65933786,-0.630084705,-0.59934462,-0.567229958,-0.533820017,-0.499177456,-0.463431716,-0.426655251,-0.388975187,-0.350469063,-0.311300929,-0.271598709,-0.231512534,-0.191208717,-0.150851012,-0.110622174,-0.070640748,-0.031074944,0.00796465,0.046326328,0.083887853,0.120560244,0.156225961,0.190771927,0.224103586,0.256119166,0.286714776,0.315781477,0.343216332,0.368947395,0.392885191,0.41498365,0.43513651,0.453368175,0.469593383,0.483803782,0.495971421,0.506111418,0.514197495,0.520261032,0.52432788,0.526416641,0.526569269,0.524834593,0.521274553,0.515921528,0.508854125,0.500093233,0.489748768,0.477862359,0.464510678,0.449777926,0.433730552,0.416495981,0.398163659,0.378826465,0.35856497,0.337522272,0.315770074,0.293410601,0.27053369,0.247219704,0.223514925,0.199503298,0.175239302,0.150749399,0.126040983,0.101149105,0.076087004,0.050819671,0.025389392,-0.000261473,-0.026095704,-0.052094646,-0.078278011,-0.104569489,-0.130943776,-0.157299761,-0.18352431,-0.209492239,-0.235035466,-0.260002376,-0.284223492,-0.307462745,-0.329540923,-0.350273884,-0.369452189,-0.386924173,-0.402478656,-0.415979671,-0.427308523,-0.436323281,-0.442950155,-0.447126343,-0.448858624,-0.44814265,-0.444995152,-0.439516429,-0.431811594
1,3.34712963,3.296744213,3.251344911,3.211005698,3.175822393,3.145956813,3.121181714,3.101704686,3.087563458,3.07872701,3.075196652,3.076924391,3.084029532,3.096110769,3.113579871,3.136185154,3.163925486,3.196757854,3.234573244,3.277413992,3.32519215,3.377840437,3.435333628,3.497623161,3.564639989,3.636352084,3.712700356,3.793631009,3.879092674,3.969024138,4.063361597,4.162059893,4.265031602,4.372219677,4.483539554,4.598913998,4.718229951,4.841408468,4.968323218,5.098860299,5.232882782,5.370235356,5.510780497,5.654314715,5.800682043,5.949662897,6.101055666,6.254621947,6.410124656,6.567300628,6.725902125,6.885615007,7.046169311,7.207268893,7.368570547,7.529783369,7.690571169,7.850604258,8.009534396,8.167040452,8.322756068,8.476367034,8.627521053,8.775898051,8.921177258,9.063037522,9.201166772,9.335284103,9.465102071,9.59035549,9.710788901,9.826192648,9.936331492,10.0410329,10.14009579,10.23339575,10.32079992,10.40218538,10.47747786,10.54660783,10.60954074,10.66626479,10.71674433,10.76118386,10.79936275,10.8314946,10.85765028,10.87794969,10.89242019,10.90147137,10.90498345,10.90320053,10.8963257,10.88468217,10.86828369,10.84726964,10.82216046,10.79294067,10.7598608,10.72316113,10.68304206
1,4.266213404,4.27655759,4.295891602,4.323148826,4.357247005,4.397104537,4.44148028,4.489272458,4.539414009,4.590870294,4.642783178,4.694395013,4.745162182,4.794583486,4.842410968,4.888528656,4.932946975,4.97592152,5.017681838,5.058731007,5.099583628,5.140871295,5.183262681,5.227513071,5.274308921,5.324346411,5.378266624,5.436635635,5.499954557,5.568603756,5.642851326,5.722908547,5.808909939,5.900850229,5.998721709,6.102459229,6.211929494,6.327013792,6.447578291,6.573480386,6.704600686,6.840809193,6.982057529,7.128307407,7.279616579,7.436079405,7.597864558,7.765224818,7.938446108,8.117894151,8.303963495,8.49705103,8.697568299,8.905923415,9.122450926,9.347420452,9.580984242,9.823175685,10.07387386,10.33269329,10.59911932,10.87234762,11.15133003,11.43483321,11.72146267,12.00966851,12.29792069,12.58459203,12.86820584,13.14732078,13.42053434,13.68658753,13.94430902,14.19261788,14.43046462,14.65694361,14.87117397,15.07236209,15.25972016,15.43256267,15.59027165,15.73222285,15.85795287,15.96707897,16.0595317,16.13511641,16.19411012,16.2371118,16.26409589,16.27623849,16.27370321,16.25738594,16.2284136,16.18742244,16.13555038,16.07387568,16.00341285,15.92544856,15.84101073,15.75085076,15.65614127
1,5.386010068,5.310193714,5.240961602,5.17829893,5.122112724,5.072365366,5.028960197,4.991701647,4.960445878,4.935271483,4.915739625,4.901715475,4.893199883,4.88989281,4.891693983,4.89844704,4.909685502,4.925691005,4.94608354,4.97082957,4.999823111,5.033013473,5.070324016,5.111731223,5.157233907,5.20686651,5.260681146,5.318721756,5.381041187,5.447773972,5.519016318,5.594930039,5.675589658,5.761074049,5.851590443,5.947196918,6.04801115,6.154084863,6.265488486,6.382253847,6.50434582,6.631774433,6.764433015,6.90219692,7.044926982,7.192409388,7.344419459,7.500674067,7.660837159,7.824575867,7.991455275,8.161079426,8.332992403,8.506715701,8.681771096,8.857630148,9.033734569,9.209610672,9.384682336,9.558464455,9.730422417,9.900045263,10.06687785,10.2304615,10.39037866,10.54626939,10.69779438,10.8446552,10.9866027,11.12347813,11.25511085,11.38137597,11.50222996,11.61765883,11.72771631,11.83246295,11.9320536,12.0266559,12.11643708,12.20163638,12.28253486,12.35930634,12.43249973,12.50217826,12.56876417,12.63258207,12.69395161,12.75318357,12.81059518,12.86647008,12.92107053,12.97466288,13.02744099,13.07960913,13.13131,13.1826584,13.23376998,13.28467406,13.33539849,13.38593725,13.43620381
1,-4.441560428,-4.520254121,-4.596928865,-4.671004064,-4.742044046,-4.809811311,-4.874340868,-4.935869034,-4.994810574,-5.051770289,-5.107477811,-5.162780786,-5.218642874,-5.276060779,-5.335738685,-5.399257097,-5.466777349,-5.53939726,-5.616933752,-5.700404796,-5.789413462,-5.883667517,-5.982665542,-6.085525162,-6.191036657,-6.298078458,-6.405264185,-6.511320427,-6.61506497,-6.715691128,-6.812261239,-6.904162062,-6.991377713,-7.073973223,-7.152596972,-7.227391412,-7.299675673,-7.370219363,-7.440014027,-7.510393406,-7.581629638,-7.654932326,-7.7302995,-7.808684621,-7.889955128,-7.974202275,-8.061457211,-8.151674668,-8.244573849,-8.339871388,-8.437231725,-8.536160766,-8.636065768,-8.736536342,-8.837173029,-8.937053504,-9.037261233,-9.13635064,-9.234939646,-9.333238718,-9.431383144,-9.529721571,-9.62872707,-9.7287265,-9.830067493,-9.932955972,-10.0375004,-10.14348552,-10.250363,-10.3573252,-10.46325111,-10.56672033,-10.66615161,-10.75984736,-10.84591038,-10.92247496,-10.98785882,-11.04056904,-11.07822332,-11.10270284,-11.11104086,-11.10377596,-11.08187283,-11.04593806,-10.99704913,-10.93681646,-10.86666862,-10.78799271,-10.70389659,-10.61541021,-10.52402123,-10.43277292,-10.34218389,-10.25360627,-10.16816535,-10.08641446,-10.00880311,-9.935541579,-9.86690568,-9.802849,-9.743491941
1,5.368940528,5.355209135,5.350527782,5.354984236,5.368679669,5.391520115,5.42298044,5.463329766,5.512048289,5.568931729,5.633578912,5.705609575,5.784563342,5.869513869,5.959883319,6.054537445,6.152513228,6.252414311,6.353213275,6.453396819,6.551630792,6.646551368,6.736846817,6.821319849,6.898793172,6.968312124,7.028991558,7.080115805,7.121278794,7.152050189,7.172298796,7.182037765,7.181662275,7.17129099,7.151645824,7.123136902,7.086646657,7.042789765,6.992500228,6.936705575,6.876352532,6.812426388,6.745949476,6.677986267,6.609681316,6.541978513,6.47612132,6.413207162,6.354351826,6.300609701,6.253302871,6.213166649,6.181237102,6.158550235,6.145820862,6.143741157,6.152792721,6.173162927,6.204826654,6.247635632,6.300314915,6.362508431,6.43270639,6.509554829,6.591558762,6.677295124,6.765357614,6.85442838,6.943294832,7.030895003,7.116262161,7.198491092,7.27679546,7.350523848,7.4189794,7.481852371,7.538562911,7.588813405,7.63239153,7.669290939,7.699476602,7.723126993,7.740490543,7.751826821,7.757402074,7.757413931,7.752042947,7.741410132,7.725690739,7.705609052,7.680789707,7.652914759,7.622144296,7.589693686,7.556323863,7.523342568,7.491536605,7.461715193,7.4342151,7.409169555,7.386285791
1,-0.244645508,-0.244145797,-0.243358517,-0.24213011,-0.240334467,-0.237853537,-0.234557886,-0.230290029,-0.224923323,-0.218330937,-0.210417992,-0.201076156,-0.190200393,-0.177747437,-0.1636651,-0.147903549,-0.130450899,-0.111365291,-0.090652179,-0.0683493,-0.044526827,-0.019271123,0.007320821,0.035162111,0.064147154,0.094206682,0.125261175,0.157234239,0.190060587,0.223714896,0.258205059,0.293510054,0.329689446,0.366777693,0.404876367,0.444070873,0.484485607,0.526249928,0.569492409,0.614369887,0.6610378,0.709625255,0.760294041,0.813151121,0.868347995,0.925920363,0.985985119,1.048583487,1.113746682,1.181461915,1.251711374,1.324408088,1.399476109,1.476824281,1.556276127,1.637681455,1.720841039,1.805556825,1.89160642,1.978755658,2.066711603,2.155294026,2.244225348,2.333234326,2.422100679,2.510601614,2.598503175,2.685589599,2.771652774,2.856528592,2.940016897,3.021975859,3.102230667,3.180655269,3.257124045,3.331493437,3.403715317,3.473596332,3.54116537,3.606266895,3.668886923,3.7289787,3.786438812,3.84129824,3.893517703,3.943062353,3.989921376,4.03408772,4.075555253,4.114334343,4.150439329,4.183874838,4.214693738,4.242895924,4.268524163,4.291677925,4.312332586,4.330584513,4.346480752,4.360122972,4.371506452
1,4.188904801,4.196219029,4.213962815,4.24275914,4.282503807,4.333924277,4.397079409,4.472240648,4.559736968,4.659735695,4.772387448,4.897849254,5.036155363,5.187351483,5.351405494,5.528097164,5.717304446,5.918726843,6.132005717,6.35673026,6.592348806,6.838299435,7.093947218,7.358524752,7.631214736,7.911219584,8.197599598,8.489319645,8.785414441,9.08483316,9.386474072,9.689232451,9.991986048,10.29358085,10.59294004,10.88892523,11.1804825,11.4665508,11.74613711,12.0182412,12.28202757,12.53658839,12.78121198,13.0151638,13.23786809,13.44874358,13.64734626,13.83333865,14.00640482,14.16638246,14.31312841,14.44662586,14.56695775,14.67408387,14.76836344,14.85020886,14.91970738,14.9772001,15.02350886,15.05886719,15.08387992,15.09917373,15.10535958,15.10318036,15.09325831,15.07627748,15.05286843,15.02383529,14.98983274,14.95155398,14.90957919,14.8645986,14.81716389,14.76784518,14.7171544,14.66550962,14.61339808,14.56114465,14.50907833,14.45753,14.40670668,14.35682686,14.30807091,14.26062821,14.2145848,14.17005757,14.12715089,14.08597093,14.04658294,14.00906132,13.9734194,13.93977807,13.90817556,13.87868801,13.85135601,13.82620079,13.80329628,13.78264061,13.76427364,13.74822316,13.734476
1,-4.731579306,-4.799828101,-4.86984778,-4.939953915,-5.008082715,-5.072645815,-5.132543395,-5.186893796,-5.235423909,-5.27817054,-5.315881836,-5.349418128,-5.380250106,-5.409752417,-5.439092427,-5.47002198,-5.503563976,-5.540356069,-5.580880763,-5.624749305,-5.671533825,-5.71988266,-5.768472163,-5.815120579,-5.857873047,-5.894452638,-5.922543247,-5.94068485,-5.946636806,-5.939762743,-5.918676076,-5.883396033,-5.83404261,-5.771361126,-5.696410374,-5.610526166,-5.515620823,-5.413182814,-5.305428854,-5.194143889,-5.081321637,-4.968605347,-4.857921319,-4.750520144,-4.648015126,-4.551199906,-4.461304812,-4.378828323,-4.30442923,-4.238459796,-4.181029603,-4.132170969,-4.091696186,-4.059178426,-4.034069064,-4.015763372,-4.003747145,-3.997311928,-3.995827693,-3.999276947,-4.007725165,-4.021473487,-4.041121165,-4.067262382,-4.100905008,-4.142834252,-4.193709448,-4.25406712,-4.323807418,-4.402864744,-4.49077593,-4.586699619,-4.689618763,-4.798160216,-4.910709009,-5.025559965,-5.140880703,-5.254437627,-5.364706914,-5.469866983,-5.568162241,-5.658866634,-5.741150097,-5.814756938,-5.879842574,-5.936891759,-5.98684833,-6.030740234,-6.069647235,-6.104623236,-6.13678723,-6.166741707,-6.195160798,-6.222504486,-6.249242148,-6.275626338,-6.301718478,-6.327796954,-6.353831875,-6.379534802,-6.403837736
1,4.103553048,4.010817134,3.9222463,3.838095276,3.758451368,3.683244445,3.612115698,3.544527877,3.479866798,3.41741159,3.356423036,3.296243259,3.236260737,3.176049118,3.115233662,3.053573956,2.990874874,2.926963438,2.861671003,2.794757504,2.726167566,2.655504103,2.5825073,2.50687004,2.428240701,2.346374632,2.261107903,2.172460729,2.080621141,1.985909965,1.88879329,1.789730259,1.689180421,1.587566902,1.485346855,1.382984971,1.280950411,1.179737303,1.079838358,0.98168833,0.886167699,0.793519149,0.704536545,0.619777072,0.539597114,0.464330905,0.393925047,0.328179324,0.266660611,0.208758453,0.153797317,0.101057471,0.049893179,-0.000167014,-0.049320115,-0.097449323,-0.144190289,-0.188915377,-0.230506805,-0.268470629,-0.300845202,-0.326573819,-0.344039631,-0.351637785,-0.348080115,-0.33215982,-0.302906424,-0.260113172,-0.203467003,-0.133487118,-0.051004626,0.042920313,0.146618188,0.258174335,0.375380332,0.495958036,0.61768973,0.738498278,0.856757913,0.971221211,1.080989736,1.185583234,1.284861574,1.378946315,1.468073301,1.552601283,1.632776531,1.708668492,1.780255586,1.847331455,1.909651115,1.967113997,2.019775746,2.067969603,2.112226737,2.153161333,2.191535459,2.227854684,2.262850637,2.296940657,2.33078148
1,0.509720028,0.448259661,0.389648356,0.334352088,0.282166535,0.232893937,0.186100794,0.140991777,0.096852222,0.052761265,0.008026132,-0.03812158,-0.08630028,-0.137014738,-0.190944971,-0.248684337,-0.310849637,-0.378117428,-0.450923534,-0.529589387,-0.614444123,-0.705260094,-0.801917292,-0.90372575,-1.010118896,-1.120255109,-1.233400232,-1.348803818,-1.466496917,-1.586222832,-1.708386136,-1.833584177,-1.962729952,-2.096204484,-2.234890151,-2.378925828,-2.528358092,-2.682622373,-2.840939225,-3.001896715,-3.163881806,-3.324472935,-3.48197083,-3.633303782,-3.776316125,-3.908701745,-4.028501247,-4.13431838,-4.225243467,-4.301124698,-4.3614421,-4.406590873,-4.436961653,-4.453281104,-4.456489315,-4.447463058,-4.427374506,-4.397759861,-4.35983673,-4.315388126,-4.266103423,-4.213382883,-4.158635818,-4.102980528,-4.047547394,-3.992833254,-3.939488034,-3.887613523,-3.83718788,-3.788019182,-3.739754558,-3.692195601,-3.644960956,-3.597832857,-3.550854601,-3.504019431,-3.457714397,-3.412861253,-3.370684611,-3.333105032,-3.301954879,-3.281648877,-3.273350724,-3.280136531,-3.304213251,-3.346784997,-3.40771464,-3.486353084,-3.580735384,-3.687877859,-3.803961917,-3.924651937,-4.045539812,-4.162482062,-4.272506969,-4.373081621,-4.46307365,-4.542309684,-4.611498071,-4.671953701,-4.725543077
1,17.75055404,17.59211313,17.40316949,17.18294091,16.93091188,16.64654278,16.3297336,15.98075223,15.60040286,15.19006821,14.75178379,14.28811886,13.80207908,13.29703313,12.77639784,12.24373622,11.70244335,11.15570093,10.60650259,10.0576251,9.511624995,8.970848118,8.437534208,7.913615066,7.401198231,6.902185788,6.418703037,5.952680344,5.506251378,5.081218397,4.679433725,4.302352758,3.951011162,3.626102336,3.327683061,3.055226239,2.807661497,2.583598147,2.381182311,2.198359214,2.03280419,1.882104671,1.744047867,1.615971418,1.496197251,1.382841711,1.274885754,1.171913661,1.074505924,0.984161734,0.903051856,0.834249811,0.781183386,0.74677466,0.733617889,0.743026768,0.775181302,0.828902797,0.901907988,0.990997837,1.092501077,1.20294962,1.319306544,1.439612569,1.563052543,1.689902674,1.821350563,1.959476168,2.106584554,2.265151483,2.437300514,2.624415361,2.827134022,3.045081743,3.276778094,3.519724556,3.770400301,4.024689733,4.278161919,4.526435025,4.76574983,4.993356218,5.20749589,5.407647182,5.594164881,5.76849439,5.93237399,6.087891355,6.236579426,6.379233649,6.516002627,6.646196885,6.768511988,6.881607299,6.983513775,7.072668985,7.147159612,7.205766209,7.247067293,7.270339854,7.275180924
1,-1.018459531,-0.977209982,-0.930977718,-0.878913312,-0.819038172,-0.750513753,-0.672217092,-0.583433345,-0.483666092,-0.372680832,-0.250577883,-0.117721479,0.02548634,0.178342176,0.340344793,0.510746324,0.688755133,0.87360304,1.064484689,1.260577079,1.46101764,1.664851731,1.871146902,2.07884996,2.286931237,2.494303733,2.699826511,2.902471938,3.101394607,3.295962197,3.485838097,3.670912716,3.851197445,4.026726802,4.197323325,4.362570746,4.521607286,4.673168752,4.815584226,4.946846871,5.064764803,5.16779191,5.254120803,5.323099232,5.374663653,5.409376172,5.428657279,5.433639284,5.426152436,5.407796128,5.380075579,5.344438703,5.302237822,5.254599779,5.202891721,5.147946623,5.090731375,5.032019155,4.972188548,4.91164828,4.850540529,4.788784565,4.726140243,4.662323444,4.596788554,4.529076291,4.458365515,4.383688357,4.304340386,4.21942734,4.128031939,4.029624196,3.92386714,3.810918971,3.691186838,3.565369844,3.434324653,3.298953028,3.160171437,3.018672007,2.875090588,2.729888617,2.583466051,2.436102602,2.288163977,2.140085337,1.992303148,1.84537298,1.699829685,1.556098451,1.414773928,1.276478241,1.141920306,1.011757085,0.886953607,0.767802348,0.65561648,0.550956808,0.45446647,0.366786695,0.288461605
1,-5.252324195,-5.19320697,-5.138946224,-5.089814739,-5.04595753,-5.007508606,-4.974507233,-4.946903261,-4.924639353,-4.907508318,-4.895419654,-4.888125901,-4.885358677,-4.887010938,-4.892636903,-4.902170526,-4.915368495,-4.93204128,-4.95204586,-4.975283999,-5.001671243,-5.031196484,-5.063852587,-5.099697922,-5.138805749,-5.181266503,-5.227228621,-5.276843793,-5.330267089,-5.387552283,-5.449024436,-5.514732848,-5.584802171,-5.659340046,-5.738429235,-5.822124191,-5.910419777,-6.003309896,-6.100721441,-6.202548792,-6.308650249,-6.418862597,-6.53294566,-6.650638092,-6.771655406,-6.895630266,-7.022205704,-7.150954635,-7.28145572,-7.41324637,-7.545834402,-7.67872253,-7.811408084,-7.943393175,-8.074177923,-8.203264955,-8.330196072,-8.45451837,-8.57582287,-8.693758848,-8.808008715,-8.91829621,-9.024331036,-9.126140491,-9.223347764,-9.316088976,-9.404310101,-9.48805195,-9.567388991,-9.642442039,-9.713328235,-9.780203516,-9.84326003,-9.902672039,-9.958613022,-10.01130431,-10.06094746,-10.10773927,-10.15185516,-10.19351067,-10.23292191,-10.27024912,-10.30568606,-10.33938716,-10.37152096,-10.40220898,-10.43158984,-10.45977155,-10.48685969,-10.51290764,-10.53797845,-10.56209183,-10.58524778,-10.60742411,-10.62857029,-10.64859423,-10.66741783,-10.68489033,-10.70086511,-10.71517226,-10.72758343
1,3.94313532,3.976034552,4.010388475,4.046060195,4.082778234,4.120183317,4.157874653,4.195429128,4.232417159,4.268549882,4.303361898,4.336669038,4.368299544,4.398136577,4.426117316,4.452269591,4.476686845,4.499401205,4.520557063,4.540265233,4.558486391,4.575315224,4.590432414,4.60358764,4.614320369,4.62194763,4.625774252,4.624937883,4.618661673,4.606095866,4.586632968,4.559728539,4.525000632,4.482233538,4.431240723,4.372074203,4.304961391,4.230222298,4.148393459,4.06061844,3.967625078,3.87081672,3.771511938,3.671125788,3.571124912,3.472808841,3.377401375,3.285997594,3.199494694,3.118590952,3.043830418,2.975676036,2.914269463,2.859646899,2.8117252,2.77021858,2.734762327,2.704907334,2.680068019,2.659790636,2.643333882,2.629988003,2.61907049,2.61004277,2.602408209,2.595855397,2.590063019,2.584840375,2.57999357,2.575401235,2.570914711,2.566442497,2.561826549,2.556944041,2.551638855,2.545759012,2.539166965,2.531587721,2.522935787,2.513119766,2.502127884,2.489990782,2.476760883,2.462546737,2.447471878,2.431641705,2.415172113,2.398141577,2.380701266,2.36279285,2.344506468,2.325782907,2.306478903,2.286332588,2.264974736,2.242099258,2.217072815,2.1894208,2.158581027,2.123930867,2.084878988
1,-8.540950854,-8.441582622,-8.34837043,-8.261286253,-8.180269743,-8.105289249,-8.036337753,-7.973419249,-7.916549863,-7.865704373,-7.820876035,-7.782366761,-7.749702066,-7.723463277,-7.703501825,-7.689947857,-7.683090006,-7.682652552,-7.688919097,-7.702255142,-7.722646841,-7.750189384,-7.784934899,-7.827237644,-7.877093785,-7.934655122,-8.000039252,-8.073316476,-8.154574821,-8.2438612,-8.34120886,-8.446639305,-8.560134694,-8.681627299,-8.811042578,-8.948265481,-9.093156978,-9.245535974,-9.40518241,-9.571848142,-9.745251426,-9.925078776,-10.11098163,-10.3025714,-10.49945661,-10.70118557,-10.90730329,-11.11733556,-11.33077504,-11.54708793,-11.7657591,-11.98625116,-12.20798017,-12.43043057,-12.65304252,-12.87525951,-13.09654015,-13.31634087,-13.5341563,-13.7494889,-13.96185214,-14.17079232,-14.37584957,-14.57665465,-14.77280353,-14.96396586,-15.1498087,-15.33008227,-15.50452695,-15.67294013,-15.83516755,-15.99105295,-16.14052615,-16.283512,-16.42001665,-16.55001161,-16.67356349,-16.79075488,-16.90168972,-17.0065005,-17.10535328,-17.1984509,-17.28600091,-17.36823274,-17.44538438,-17.51772354,-17.5855237,-17.64908873,-17.70868225,-17.76459456,-17.81713266,-17.86656081,-17.91317968,-17.95725664,-17.99904785,-18.03879894,-18.07675031,-18.1131012,-18.14802846,-18.18171409,-18.21429646
1,5.850019514,5.870588785,5.891504349,5.911467779,5.928904336,5.942230187,5.950064786,5.950729471,5.942776128,5.92483863,5.89578589,5.854453294,5.799958462,5.731555858,5.648682443,5.550865891,5.437747892,5.30900164,5.164438886,5.003788108,4.826840858,4.633418799,4.423312151,4.196437732,3.95271279,3.692275361,3.415389902,3.122572954,2.814586018,2.492498044,2.157667794,1.811817076,1.457013797,1.095628392,0.730321523,0.364032557,-0.000168116,-0.359140592,-0.70968565,-1.048791608,-1.373598434,-1.681600213,-1.970634511,-2.239043866,-2.485649261,-2.709834406,-2.911414224,-3.090788002,-3.248746178,-3.386515223,-3.505503724,-3.60739196,-3.694024707,-3.767233056,-3.828847181,-3.880596336,-3.923983297,-3.960460038,-3.991301598,-4.017538004,-4.040115385,-4.059713569,-4.076868817,-4.092020231,-4.105417994,-4.117256739,-4.127502898,-4.136130612,-4.142988459,-4.147905878,-4.150515393,-4.150523515,-4.147478944,-4.140976806,-4.130562223,-4.115772524,-4.096173338,-4.071315411,-4.040774654,-4.004123885,-3.960961628,-3.910853998,-3.853370347,-3.788138594,-3.714839017,-3.633191502,-3.543133765,-3.444744419,-3.338343957,-3.224472166,-3.103956603,-2.977730101,-2.847050807,-2.713267478,-2.577836757,-2.442280964,-2.308124121,-2.176839976,-2.049842447,-1.928443962,-1.813842334
1,3.088227262,3.063658847,3.028631397,2.984388432,2.932396329,2.87450716,2.812665706,2.749027832,2.6857959,2.625155404,2.569293991,2.520114781,2.479582469,2.449144327,2.43008209,2.423429692,2.429551031,2.448742458,2.481031285,2.525963794,2.582825433,2.650531487,2.727989102,2.813759351,2.906292047,3.003977775,3.105225038,3.208431721,3.312100638,3.41493959,3.515632372,3.613153473,3.706849462,3.795867394,3.879858023,3.958550365,4.031783867,4.099644295,4.162234164,4.2197933,4.272619761,4.321370226,4.366325182,4.408205216,4.44759614,4.485224083,4.521724909,4.557830139,4.594382702,4.631748437,4.670773596,4.712032933,4.75603093,4.803159124,4.853815598,4.908126268,4.96627032,5.0280305,5.09334664,5.161807631,5.232858418,5.305989502,5.380410267,5.455277212,5.529684561,5.602529782,5.672966162,5.739807887,5.801962243,5.858395372,5.908352268,5.950981359,5.985632365,6.011880359,6.029447369,6.038433688,6.03904382,6.031776179,6.017229228,5.996366853,5.970179972,5.939624682,5.905718922,5.869295119,5.831047219,5.79135105,5.750387566,5.708079263,5.664056796,5.617751132,5.568374513,5.515104072,5.457053955,5.393348691,5.323292667,5.246315862,5.162134846,5.070715091,4.972321744,4.86750675,4.756994937
1,-11.25919297,-11.08411127,-10.89581288,-10.69378114,-10.4793147,-10.25544864,-10.02773058,-9.80321275,-9.589669415,-9.394266098,-9.22228149,-9.076512865,-8.95722629,-8.863370142,-8.792557263,-8.742789708,-8.712249157,-8.699688523,-8.704241249,-8.725248967,-8.761837109,-8.813302111,-8.879172736,-8.959338254,-9.054178616,-9.164637728,-9.292033416,-9.437941147,-9.60390455,-9.791127876,-10.00007507,-10.23018473,-10.47964391,-10.74543385,-11.02362735,-11.31011629,-11.60122657,-11.89426265,-12.18752938,-12.48036648,-12.7725438,-13.06405906,-13.35465568,-13.64416858,-13.9327478,-14.22110807,-14.51035149,-14.80153014,-15.09552279,-15.39306583,-15.69467269,-16.00047602,-16.30990916,-16.6215127,-16.9328912,-17.24086798,-17.54203461,-17.8331122,-18.11119658,-18.37417993,-18.62100011,-18.85190232,-19.06822913,-19.27215586,-19.46652894,-19.65467634,-19.83980672,-20.02466126,-20.21113752,-20.4000496,-20.59121679,-20.7833625,-20.97448902,-21.16196097,-21.34286205,-21.51431616,-21.67399184,-21.82031567,-21.95269745,-22.07155989,-22.17802172,-22.27374319,-22.36009908,-22.43816448,-22.5081428,-22.56972739,-22.62254136,-22.66629827,-22.70157193,-22.72918459,-22.75055397,-22.7671342,-22.77987949,-22.78921867,-22.7950228,-22.79700249,-22.79477206,-22.78808952,-22.77703172,-22.76231916,-22.744415
1,-6.312484247,-6.256037343,-6.20474859,-6.158686827,-6.117791039,-6.082139221,-6.051775911,-6.026873426,-6.006937163,-5.992520736,-5.983393183,-5.979602035,-5.980874579,-5.98754913,-5.999329083,-6.016349766,-6.038454301,-6.065626555,-6.097818333,-6.134991869,-6.177085754,-6.224048026,-6.27573751,-6.332203643,-6.39330835,-6.458937869,-6.529053463,-6.60353687,-6.68230728,-6.765249184,-6.852252723,-6.94319251,-7.037949215,-7.13640458,-7.238383958,-7.343763424,-7.452390874,-7.564080655,-7.678678585,-7.796018867,-7.915928222,-8.03817277,-8.162599903,-8.289016482,-8.417218318,-8.546966374,-8.678129412,-8.810448511,-8.943737051,-9.077806595,-9.212429753,-9.347399021,-9.482551667,-9.617694089,-9.752614121,-9.887142124,-10.02110963,-10.15434607,-10.28669346,-10.41797725,-10.54808384,-10.67686185,-10.80415672,-10.92987385,-11.05388848,-11.1760638,-11.29631013,-11.41452405,-11.53062546,-11.64451296,-11.75610592,-11.86532779,-11.9721398,-12.07645725,-12.17826006,-12.27749813,-12.37416218,-12.46824569,-12.55979567,-12.64877627,-12.73526187,-12.81930077,-12.90098085,-12.98035668,-13.05753152,-13.13261706,-13.20571444,-13.27690645,-13.34633547,-13.41409905,-13.48029996,-13.54505835,-13.60845888,-13.67055934,-13.73142561,-13.79119814,-13.84983382,-13.9073976,-13.96388124,-14.01934844,-14.07373515
1,-6.955884408,-6.987775644,-7.020357936,-7.052889609,-7.084723025,-7.115492281,-7.14518122,-7.174035687,-7.202523957,-7.231293331,-7.261186757,-7.293285459,-7.328837116,-7.369180266,-7.415588559,-7.469258546,-7.531154539,-7.60198237,-7.682056243,-7.771180084,-7.868627738,-7.973141822,-8.083049945,-8.196405846,-8.311084644,-8.42508357,-8.536681027,-8.644619424,-8.748250701,-8.847319389,-8.941911302,-9.032282992,-9.118578435,-9.200885446,-9.279097495,-9.352915744,-9.422124847,-9.486110308,-9.544354758,-9.596271412,-9.641249347,-9.678773459,-9.708449848,-9.729986207,-9.742825126,-9.747461369,-9.743025253,-9.729616928,-9.707133634,-9.675761384,-9.63597567,-9.588476834,-9.534267806,-9.474632994,-9.411029067,-9.345015069,-9.278152913,-9.211997755,-9.147812904,-9.086646928,-9.029206905,-8.975716255,-8.925972227,-8.879235983,-8.834401956,-8.789878914,-8.744018649,-8.694878867,-8.64050132,-8.579374999,-8.509846771,-8.430881315,-8.34151806,-8.241381005,-8.130364471,-8.008975447,-7.878072201,-7.739050207,-7.59357831,-7.443580206,-7.290937654,-7.137377737,-6.984432853,-6.833332536,-6.684981166,-6.539976783,-6.398539638,-6.260580997,-6.125858053,-5.993907339,-5.864385436,-5.736953237,-5.61146707,-5.488001608,-5.366848295,-5.248446791,-5.133430465,-5.022503082,-4.916354367,-4.815848292,-4.721467799
1,1.889079353,1.904050362,1.917355094,1.928931555,1.938641768,1.946351768,1.951873287,1.954989022,1.955446065,1.953032436,1.947409586,1.9383414,1.925525335,1.908719844,1.887661727,1.862146962,1.832070839,1.797249749,1.757649895,1.713236286,1.664061665,1.610176901,1.551750179,1.488924613,1.421935065,1.351063598,1.276590845,1.198898716,1.118309702,1.035209894,0.950017117,0.863134186,0.774938744,0.685879852,0.596333693,0.506669336,0.417241229,0.328384053,0.240385348,0.153516512,0.067983332,-0.016029121,-0.098365966,-0.178917646,-0.257573402,-0.334293201,-0.408996892,-0.481626238,-0.55214541,-0.620514036,-0.686672542,-0.75052129,-0.812016666,-0.871030176,-0.927474023,-0.981232757,-1.032216223,-1.080322237,-1.125456942,-1.167588736,-1.206657509,-1.242648669,-1.275563785,-1.305494838,-1.332463417,-1.356649385,-1.378182132,-1.39722478,-1.414028611,-1.428738261,-1.441613109,-1.4528229,-1.462566155,-1.471038844,-1.478436813,-1.484968369,-1.49088051,-1.496373305,-1.501752719,-1.507143742,-1.512779121,-1.518808004,-1.525287096,-1.532218495,-1.53955982,-1.547146551,-1.554759021,-1.562101546,-1.568981242,-1.575050756,-1.580164086,-1.58402096,-1.586556377,-1.58753918,-1.586996433,-1.584881247,-1.581218565,-1.576056086,-1.569514303,-1.561706772,-1.552736643
1,-3.226542159,-3.244648695,-3.262628608,-3.280536707,-3.298390318,-3.316141,-3.334121566,-3.352505488,-3.371572554,-3.391707338,-3.413388868,-3.437111518,-3.463522835,-3.493291739,-3.527214847,-3.566089878,-3.610844955,-3.662307196,-3.721460258,-3.789103952,-3.866069058,-3.953113334,-4.05081801,-4.159695357,-4.280115032,-4.41222354,-4.556058738,-4.71151341,-4.878305765,-5.055958668,-5.243893744,-5.441381855,-5.647514082,-5.861281371,-6.081503731,-6.306939663,-6.536213003,-6.767894877,-7.00047448,-7.232518906,-7.462579465,-7.689339336,-7.911583587,-8.128274193,-8.338529287,-8.541623575,-8.737061292,-8.924472142,-9.103696155,-9.274769651,-9.437925449,-9.593503121,-9.741826089,-9.883593401,-10.01925058,-10.14956575,-10.27509915,-10.39644683,-10.51419016,-10.62872543,-10.74048049,-10.84968408,-10.95649477,-11.06098953,-11.1630972,-11.26268712,-11.35952395,-11.45332087,-11.54375886,-11.63047651,-11.71308304,-11.79122336,-11.86456793,-11.93278608,-11.99559287,-12.05279558,-12.10427062,-12.14990267,-12.18965251,-12.22352755,-12.25159899,-12.2740078,-12.29090691,-12.30243713,-12.30887624,-12.31047974,-12.30755098,-12.3003841,-12.28955564,-12.27526666,-12.25798481,-12.23811961,-12.21603008,-12.19203424,-12.16641613,-12.13939226,-12.1111382,-12.0817672,-12.05139218,-12.01997975,-11.98758651
1,-0.881031522,-0.842743026,-0.80567625,-0.770188619,-0.736624989,-0.705409328,-0.676825694,-0.65108698,-0.6282623,-0.608323486,-0.590933297,-0.576044959,-0.563402119,-0.552842213,-0.544195557,-0.537427111,-0.532359557,-0.529025743,-0.527412743,-0.527356223,-0.52887749,-0.531675199,-0.535458563,-0.54014345,-0.545297196,-0.550807726,-0.556201831,-0.561711466,-0.566655425,-0.570835726,-0.573776305,-0.574777809,-0.573006488,-0.567524589,-0.557310464,-0.541333488,-0.518623827,-0.488366702,-0.450010315,-0.403364447,-0.348635053,-0.286619633,-0.218530184,-0.145889603,-0.070527149,0.005889871,0.081722273,0.155481038,0.22612657,0.292858466,0.355201225,0.413038041,0.466346758,0.515507341,0.560795439,0.602609219,0.641313171,0.677238472,0.710688835,0.742052208,0.771813623,0.800532908,0.828929368,0.857938776,0.88872634,0.922699357,0.961520176,1.006994254,1.060912633,1.124956666,1.20048379,1.288421046,1.389110905,1.502270847,1.626707644,1.760589722,1.901532721,2.046610398,2.192688159,2.336564816,2.475215846,2.605946298,2.726596719,2.835506478,2.931748632,3.014916415,3.085265491,3.143606129,3.191327775,3.230274039,3.262503733,3.290284758,3.315720978,3.34083203,3.367311679,3.39643107,3.429259749,3.466113234,3.506841854,3.550779945,3.596558272
1,5.096492416,5.206194841,5.322498972,5.444118543,5.569880843,5.698782768,5.829913988,5.962605036,6.096403293,6.231022761,6.366401613,6.502553924,6.639736394,6.777736601,6.916931678,7.057172452,7.198390786,7.340456076,7.4831719,7.62637757,7.769912262,7.913658237,8.057483865,8.20120424,8.344575872,8.487212085,8.628658312,8.768419075,8.905921357,9.040551455,9.171673221,9.298546873,9.420516353,9.536864083,9.646868317,9.749808791,9.845489242,9.933269046,10.01299314,10.08445309,10.14756866,10.20241109,10.2490507,10.28757507,10.31800017,10.34022333,10.35409555,10.35915853,10.35522225,10.34152872,10.31758294,10.28281497,10.2368666,10.17949191,10.11077289,10.03141272,9.941552794,9.8431923,9.735733482,9.621477909,9.500748676,9.374636112,9.243907838,9.109484126,8.972460063,8.834112068,8.69483728,8.557106053,8.421458992,8.289693034,8.163697988,8.045061128,7.936117807,7.839151189,7.756574503,7.68976154,7.64123314,7.611978741,7.602242474,7.611370408,7.63940298,7.684652776,7.745771339,7.821113202,7.908226115,8.005616846,8.110905442,8.222812961,8.339297132,8.458965519,8.580483069,8.702765712,8.824847322,8.945788978,9.064677593,9.180392829,9.29200196,9.398644681,9.499518224,9.593784559,9.681162703
1,10.31884215,10.38137909,10.42109116,10.4410174,10.44462907,10.43639092,10.42013419,10.39954765,10.37850425,10.35932335,10.34429387,10.33438196,10.32996023,10.33075548,10.33596146,10.34436674,10.35456525,10.36517747,10.37417141,10.38044793,10.38252046,10.37925877,10.36984837,10.3537289,10.3307156,10.3009063,10.26458378,10.22245356,10.17494557,10.12291931,10.06708677,10.00792551,9.945970417,9.881239348,9.813965532,9.74393804,9.670923945,9.59451692,9.514315762,9.429816283,9.340504287,9.245859717,9.145425358,9.03873636,8.925390551,8.805062581,8.677470815,8.542402634,8.399764589,8.24945124,8.091463597,7.925785777,7.752448368,7.571565737,7.383213212,7.187551824,6.984862292,6.775392012,6.559494744,6.337656988,6.110358491,5.878251459,5.641999366,5.402463501,5.160464996,4.917009721,4.67302131,4.429583889,4.187710954,3.948458778,3.712765394,3.481561305,3.255606976,3.035599062,2.822019253,2.615288546,2.415587559,2.223114302,2.037917354,1.860187345,1.690161219,1.528351921,1.375227013,1.231798502,1.099155314,0.978064121,0.869764133,0.774976623,0.694672923,0.628388871,0.576517278,0.538139755,0.512084776,0.496628989,0.489831551,0.489490377,0.49353059,0.499979839,0.507114935,0.513760829,0.518785638
1,8.609854459,8.543869542,8.475201325,8.404223951,8.331317614,8.256869358,8.181235021,8.104789465,8.027877555,7.950851573,7.874012634,7.797660865,7.722088133,7.647566975,7.574363155,7.502711905,7.433077305,7.365113266,7.299679032,7.236671062,7.176368764,7.118995146,7.064772565,7.013908956,6.96660753,6.923033209,6.883354156,6.847725068,6.816281657,6.789127224,6.766333807,6.747989247,6.734103752,6.724684232,6.719718397,6.719183408,6.722985561,6.731033047,6.743258412,6.759535056,6.779795055,6.803714371,6.831420662,6.862621768,6.89721768,6.935046862,6.976100208,7.019979521,7.066764131,7.116226809,7.168301047,7.222810129,7.279637435,7.338649894,7.399749113,7.462820049,7.527767285,7.594511823,7.662981904,7.733126672,7.804910941,7.878322751,7.953362194,8.030048347,8.108412577,8.188479454,8.270300486,8.353891512,8.439284117,8.526502899,8.615546288,8.706398918,8.799036673,8.893404545,8.989426527,9.087021435,9.186064262,9.286434409,9.387965938,9.490470117,9.593753151,9.697581949,9.801703131,9.905835172,10.00968893,10.11294594,10.21528615,10.31636989,10.41584519,10.51336462,10.60857626,10.7011141,10.79064087,10.87680509,10.959283,11.03772968,11.11184081,11.18128541,11.24573963,11.30518504,11.35906916
1,-6.506880121,-6.558212847,-6.594394308,-6.61507897,-6.621788645,-6.614440892,-6.594321377,-6.562367024,-6.519266074,-6.466047913,-6.402991756,-6.33039962,-6.248289422,-6.156211178,-6.053524001,-5.940070533,-5.815186206,-5.678316558,-5.529602905,-5.369358823,-5.198388683,-5.017942947,-4.829671368,-4.636324056,-4.440322756,-4.244923811,-4.053374711,-3.868923795,-3.694701186,-3.533722307,-3.388623458,-3.261878155,-3.155414904,-3.070965482,-3.009537605,-2.972367826,-2.96031081,-2.973372961,-3.011851541,-3.075775957,-3.16394368,-3.275214071,-3.407611019,-3.558674201,-3.725299663,-3.904233665,-4.091933822,-4.284151524,-4.47723826,-4.666807771,-4.850556912,-5.024314406,-5.185859308,-5.333055302,-5.464741556,-5.579803716,-5.678448296,-5.760091744,-5.825865132,-5.876676413,-5.913890593,-5.938956026,-5.953725752,-5.959969378,-5.959720692,-5.954861155,-5.947160291,-5.938499744,-5.930525001,-5.924934828,-5.922470667,-5.924230571,-5.930712894,-5.941653835,-5.956520618,-5.974791923,-5.995424409,-6.017263256,-6.039566837,-6.061297343,-6.081801588,-6.100220553,-6.116001634,-6.128521802,-6.137299106,-6.141962196,-6.142203071,-6.13785673,-6.128950371,-6.115322355,-6.097728669,-6.077173892,-6.053844041,-6.02910863,-6.003997478,-5.979887161,-5.958027169,-5.93958971,-5.925861413,-5.917531951,-5.915827495
1,-2.305358393,-2.379015939,-2.459537041,-2.251938285,-1.707342254,-1.09988323,-0.621838386,-0.209536207,0.192248241,0.488256764,0.612056239,0.640797947,0.728468703,0.919206939,1.102728067,1.204952608,1.316788979,1.520370849,1.777268325,2.047565961,2.270782387,2.344962565,2.221681714,1.983264893,1.779803625,1.623278246,1.362937729,1.020455075,0.716810798,0.416948653,0.087456384,-0.206662159,-0.340740686,-0.303803305,-0.286580968,-0.43063734,-0.738247148,-1.170737251,-1.650890186,-2.198055416,-2.861315581,-3.490471881,-4.049749163,-4.766576067,-5.654617726,-6.437651406,-7.00393532,-7.414715765,-7.700407598,-8.04177199,-8.616722871,-9.212965471,-9.648816389,-10.03390172,-10.33029572,-10.37504861,-10.16472004,-9.83277893,-9.474748102,-9.100152811,-8.802845146,-8.754332882,-8.942658356,-9.14901415,-9.230754718,-9.234216601,-9.248439871,-9.284203263,-9.287440685,-9.216638932,-9.10449919,-9.014924522,-8.929935741,-8.787677232,-8.583568932,-8.36074309,-8.148644063,-7.939788385,-7.73080489,-7.55907494,-7.457383772,-7.412406839,-7.388249229,-7.333657446,-7.203049148,-6.95351589,-6.633613447,-6.502634759,-6.75384957,-7.167442729,-7.340655842,-7.204609981,-6.937184244,-6.582049688,-6.116983836,-5.669193404,-5.421332661,-5.430509139,-5.629544695,-5.875916884,-6.034275691
1,-2.245392113,-2.137500963,-2.031057434,-1.926595075,-1.824618819,-1.72557773,-1.629853228,-1.537763042,-1.449558827,-1.365441769,-1.285530879,-1.209894919,-1.138572176,-1.071537629,-1.008764015,-0.950151212,-0.89559828,-0.844971964,-0.798160903,-0.754998983,-0.715349774,-0.679089785,-0.64604985,-0.616111058,-0.589199948,-0.565103637,-0.543836012,-0.525190535,-0.509187782,-0.495807178,-0.485051036,-0.476906332,-0.471406738,-0.468629721,-0.46865014,-0.471637592,-0.477708741,-0.487059242,-0.499813251,-0.51629492,-0.53664277,-0.561171027,-0.590149851,-0.623836381,-0.662526821,-0.706470045,-0.755948449,-0.811177357,-0.872437093,-0.939910932,-1.013687976,-1.094004826,-1.180843416,-1.274264805,-1.374217541,-1.480627228,-1.593318565,-1.712071639,-1.836629296,-1.966644775,-2.101724852,-2.241450983,-2.385325466,-2.532852551,-2.683469835,-2.83660171,-2.991684114,-3.148115927,-3.305279272,-3.462587872,-3.619440675,-3.775263829,-3.929504094,-4.08160738,-4.231076996,-4.377442174,-4.520253637,-4.659092898,-4.793621784,-4.923516038,-5.048487112,-5.168308528,-5.282805232,-5.391798891,-5.495179732,-5.592863935,-5.68478744,-5.770921322,-5.851251315,-5.925784734,-5.994558326,-6.05759928,-6.114964248,-6.1667507,-6.212946657,-6.253811424,-6.289319852,-6.319587308,-6.344845142,-6.365128599,-6.38058135
1,2.650544137,2.625386116,2.63070573,2.633388346,2.612416237,2.568865908,2.521488689,2.485247481,2.45917976,2.439215265,2.437735781,2.482561608,2.595745051,2.776020892,2.999681088,3.228089119,3.416433672,3.526888005,3.542471327,3.472685502,3.347849427,3.209542463,3.100876477,3.056206124,3.089544043,3.189909927,3.325922568,3.459226944,3.55696387,3.598608764,3.579975464,3.513237708,3.422107718,3.329431938,3.24444122,3.16142073,3.069199915,2.963101597,2.850370953,2.748900421,2.678662445,2.649989875,2.660209672,2.696179391,2.739532744,2.772574233,2.781844156,2.757407944,2.693483261,2.593092287,2.471903725,2.353091202,2.255823128,2.187057413,2.145631813,2.130073724,2.13973288,2.16959038,2.208095321,2.243063714,2.267460493,2.278812808,2.275933414,2.256449176,2.217451778,2.158366327,2.085201702,2.008425151,1.940522945,1.892877409,1.870724606,1.867670832,1.862925783,1.830737501,1.75478959,1.637823239,1.499495753,1.367620912,1.267257301,1.213538055,1.208251826,1.240339475,1.289074201,1.329563855,1.341541454,1.316658656,1.259950374,1.186569728,1.116391974,1.068724402,1.056945282,1.083809181,1.139092451,1.204342032,1.262834688,1.307500539,1.344388793,1.388450114,1.454002496,1.54115185,1.630045287
1,-1.954698903,-1.963282988,-1.972414803,-1.982070056,-1.992266534,-2.002963624,-2.014169953,-2.025868707,-2.038055004,-2.050698847,-2.063806005,-2.077316807,-2.09125105,-2.105599129,-2.120305242,-2.135388439,-2.150848992,-2.166612213,-2.182734889,-2.199172246,-2.215930882,-2.233008816,-2.250414711,-2.268143257,-2.286173933,-2.304547364,-2.323271752,-2.342353346,-2.361770125,-2.381568352,-2.401738322,-2.422316426,-2.443282147,-2.464660978,-2.486487954,-2.508741603,-2.531459922,-2.554602187,-2.578266415,-2.602382033,-2.626998828,-2.65210171,-2.677684349,-2.703785568,-2.730356692,-2.757407278,-2.784939221,-2.812900672,-2.841301212,-2.870117345,-2.899288243,-2.928789925,-2.958593053,-2.988617224,-3.018840079,-3.049193172,-3.079580785,-3.109972854,-3.14028634,-3.170435658,-3.200341179,-3.229938135,-3.259118343,-3.287803263,-3.31589915,-3.343371645,-3.370076291,-3.395993096,-3.421000797,-3.445015483,-3.468042513,-3.48992132,-3.510641363,-3.530156084,-3.548358637,-3.565265384,-3.580795013,-3.594907736,-3.607583408,-3.618770678,-3.628507072,-3.636721931,-3.64344209,-3.648656675,-3.652364912,-3.654578539,-3.655309634,-3.65457862,-3.652416337,-3.648822399,-3.643837729,-3.637506239,-3.629819633,-3.620831123,-3.610519679,-3.598939953,-3.586129959,-3.57209367,-3.556819723,-3.540364173,-3.522732636
