0,-3.725859519,-3.702644632,-3.67701463,-3.648824089,-3.618031845,-3.584529292,-3.548185713,-3.509011856,-3.466893135,-3.421700598,-3.373406403,-3.321924885,-3.267174671,-3.209128333,-3.147697278,-3.082854305,-3.014600131,-2.942870642,-2.867675946,-2.789070941,-2.706970756,-2.62164947,-2.532998519,-2.441136371,-2.346213464,-2.248339355,-2.147664594,-2.044380921,-1.938704377,-1.830836843,-1.721022975,-1.609484953,-1.496499789,-1.382375437,-1.267388242,-1.151841174,-1.036020152,-0.920266867,-0.804869683,-0.690161154,-0.576405703,-0.463922888,-0.353010592,-0.243929724,-0.136917171,-0.032215828,0.069916873,0.16931714,0.26581632,0.359236668,0.449442397,0.536356589,0.619851019,0.699887492,0.776388482,0.849421564,0.918859702,0.984792241,1.047231692,1.106207581,1.161810086,1.214122984,1.263235622,1.309241759,1.352267505,1.392425838,1.429841998,1.46467178,1.497039106,1.527078295,1.554942582,1.580759089,1.604732699,1.626900397,1.647506547,1.666603315,1.684349584,1.700870248,1.716273799,1.730675676,1.744177904,1.756873542,1.768890571,1.780248369,1.7910471,1.801377624,1.811242326,1.820734655,1.829849286,1.838629477,1.847172458,1.855317891,1.86319341,1.870747438,1.877943825,1.884772069,1.89121306,1.897203955,1.902652686,1.907534217,1.911759295
0,1.167300018,1.176412327,1.187761404,1.201302201,1.217032844,1.234874676,1.254843863,1.276928374,1.301071254,1.327279404,1.355519173,1.385774397,1.418042658,1.452276155,1.488473442,1.526610295,1.566668185,1.608605545,1.652431127,1.698061801,1.745509562,1.794703944,1.845620192,1.898202977,1.952383493,2.008083884,2.065258429,2.123804307,2.183625195,2.244637666,2.306703782,2.369706003,2.433541468,2.498048817,2.563068912,2.628470306,2.694094785,2.759762754,2.825314761,2.89055417,2.955332486,3.019479223,3.082785014,3.145116682,3.206281615,3.266122576,3.324507972,3.381269296,3.436265923,3.489403319,3.540547622,3.589626951,3.636555365,3.681265135,3.723719197,3.76389055,3.801760038,3.837374434,3.870741649,3.90192878,3.930993921,3.958046372,3.983194448,4.006560885,4.028298317,4.048569591,4.067567701,4.085414607,4.102416315,4.118667655,4.134412603,4.149839626,4.165142037,4.180512063,4.196108947,4.212093448,4.228618803,4.245788413,4.263737165,4.282507919,4.302183922,4.322787085,4.344332311,4.366801062,4.390167667,4.414371111,4.43931677,4.464932225,4.491133058,4.517757939,4.544710997,4.571847647,4.599037673,4.626156759,4.653046189,4.679580859,4.705626956,4.73105609,4.755754753,4.779595292,4.802484628
0,-2.038846945,-2.066609762,-2.0914698,-2.113396082,-2.132298768,-2.148246986,-2.161077275,-2.170826275,-2.177503934,-2.180925059,-2.181336795,-2.178518712,-2.172644246,-2.163631053,-2.1515892,-2.13640079,-2.118289644,-2.097222601,-2.073247536,-2.046441404,-2.016867879,-1.984612149,-1.949756907,-1.912399436,-1.872631858,-1.830554068,-1.786280184,-1.739927559,-1.691613207,-1.641467135,-1.589602484,-1.536157436,-1.481282173,-1.425110258,-1.367790434,-1.309466386,-1.25027244,-1.190373945,-1.129908424,-1.069045446,-1.007903235,-0.946657736,-0.885452504,-0.824427405,-0.763723467,-0.703489022,-0.643850197,-0.584949213,-0.526913051,-0.469861951,-0.413900657,-0.359145694,-0.305704751,-0.253673995,-0.203154599,-0.154206408,-0.106908665,-0.061337713,-0.017546641,0.024419554,0.064524145,0.102734766,0.13901695,0.173359464,0.205761033,0.236222955,0.264760556,0.291381564,0.316108426,0.338968224,0.36003997,0.379318652,0.3969093,0.412816244,0.427120916,0.439900133,0.451213962,0.461156476,0.469784459,0.477201693,0.483499175,0.488735022,0.49301263,0.496427936,0.499064855,0.501017898,0.502377025,0.503214061,0.503653078,0.50376828,0.503629607,0.50331679,0.502929634,0.502533562,0.502189058,0.502008836,0.501984272,0.502232953,0.502788166,0.503701148,0.505004964
0,2.017922127,2.027790149,2.037756112,2.047793587,2.057890831,2.068023516,2.078177757,2.08836119,2.098530246,2.108719563,2.118919909,2.129141243,2.139378397,2.149649834,2.160006735,2.170443212,2.180982636,2.191690275,2.20255479,2.21363956,2.224979545,2.236614975,2.24859137,2.260939451,2.2737063,2.286931776,2.300662925,2.314922964,2.329752364,2.345184671,2.361242137,2.377937992,2.395302003,2.413338487,2.432074616,2.451463663,2.471546981,2.492299124,2.51371362,2.535768611,2.558443063,2.581719402,2.605560116,2.629939096,2.654825477,2.680170857,2.705938114,2.732077343,2.758538792,2.78526709,2.812215914,2.839335258,2.86657166,2.893846691,2.921131956,2.948358102,2.975487899,3.002460761,3.029232003,3.055768625,3.082018988,3.107973787,3.133576193,3.158813525,3.183679443,3.208127647,3.232168028,3.255776557,3.27895786,3.301684374,3.323952207,3.345765748,3.367106126,3.387954627,3.408299564,3.428129899,3.447422205,3.466142648,3.484274137,3.501769962,3.518602591,3.534719393,3.550092047,3.564668401,3.578390714,3.591222747,3.603121963,3.614015669,3.623911232,3.632708113,3.640383753,3.646902007,3.652254233,3.656368201,3.659260651,3.660872306,3.661239248,3.660314151,3.658107715,3.654620006,3.649845589
0,0.7283063,0.746511677,0.772958736,0.807341759,0.835102977,0.843284801,0.828813146,0.797864733,0.757964799,0.703254706,0.635225107,0.558890268,0.483462793,0.422033869,0.385767351,0.375979538,0.393760016,0.423519282,0.460808202,0.496585674,0.530297527,0.562592356,0.600136182,0.652423213,0.726736286,0.820226489,0.922060461,1.016697691,1.090620402,1.145579298,1.180276848,1.2048159,1.235646815,1.284417737,1.357174928,1.445984554,1.530258643,1.611030179,1.689185229,1.776920919,1.880625524,1.998205047,2.117805361,2.229338984,2.323063714,2.407603448,2.490297857,2.567013804,2.612773482,2.610127067,2.576396835,2.541036606,2.540791678,2.605025391,2.747735202,2.919635603,3.03519305,3.033089685,2.88856829,2.688522461,2.533753916,2.4848263,2.569877952,2.740553205,2.949615437,3.149040381,3.315238236,3.440998215,3.527121569,3.588060057,3.633174078,3.663387443,3.680335958,3.667929752,3.623070626,3.573699955,3.546926258,3.546339911,3.546290245,3.522111549,3.459776944,3.365080788,3.276007479,3.227404956,3.244355683,3.300946237,3.355339789,3.359768616,3.291255449,3.156565264,2.993971355,2.85609064,2.759360569,2.699490634,2.660015075,2.619892118,2.575014566,2.525853685,2.474244464,2.415329867,2.348583728
0,0.015708251,0.025549878,0.032792022,0.037692227,0.039851173,0.039371039,0.036133119,0.029992073,0.021094167,0.00912632,-0.005668418,-0.023608629,-0.044645282,-0.068790332,-0.096043288,-0.126463974,-0.160204521,-0.196969302,-0.237035545,-0.280294387,-0.326765617,-0.376394005,-0.429151834,-0.485009554,-0.543899207,-0.605759128,-0.670499153,-0.738028148,-0.808255891,-0.881043396,-0.956291072,-1.033824747,-1.113510578,-1.195187397,-1.278700303,-1.3638578,-1.450503192,-1.538454207,-1.627526631,-1.717536621,-1.808315611,-1.899680048,-1.991474006,-2.083512774,-2.175637929,-2.267698304,-2.359536122,-2.451016484,-2.541989408,-2.632330601,-2.721910937,-2.810614713,-2.898307918,-2.98489868,-3.070260329,-3.154296828,-3.236915489,-3.318040249,-3.397551811,-3.475387149,-3.551462048,-3.625698366,-3.698046866,-3.768454139,-3.836843374,-3.903186533,-3.967440316,-4.029580994,-4.089568428,-4.147408989,-4.20309575,-4.256604762,-4.307941482,-4.357139733,-4.404207467,-4.449130801,-4.491945042,-4.532676356,-4.571331512,-4.607907314,-4.642475473,-4.674976792,-4.705436044,-4.733855004,-4.760225291,-4.784514352,-4.806724887,-4.826818311,-4.844763984,-4.860487958,-4.874029899,-4.885218374,-4.894119363,-4.900622919,-4.904669702,-4.906248929,-4.905142828,-4.901550244,-4.895193425,-4.8861135,-4.874220264
0,1.930945885,1.944574272,1.956462057,1.966559095,1.974843587,1.981261546,1.985788866,1.988360217,1.988966207,1.987639967,1.984300403,1.978909082,1.971478551,1.961901818,1.950359091,1.936670612,1.920860453,1.902950939,1.882947128,1.860818902,1.836586099,1.810266257,1.781851629,1.751390134,1.71886918,1.684342587,1.647809187,1.609293964,1.568865617,1.526522183,1.482322476,1.436315196,1.38854299,1.339054353,1.28790342,1.235133077,1.180814767,1.125016869,1.067793015,1.009218196,0.949341247,0.888252591,0.826028887,0.762715239,0.698400785,0.633183234,0.567113494,0.500283359,0.432774677,0.364661323,0.296026244,0.226960628,0.157523822,0.087810957,0.017907612,-0.052124258,-0.122183453,-0.192204056,-0.262104432,-0.331805609,-0.401239276,-0.470328722,-0.538981948,-0.607156735,-0.674752498,-0.741731402,-0.808015439,-0.873527754,-0.938217306,-1.002026784,-1.064879863,-1.126744074,-1.18755167,-1.24725246,-1.305785002,-1.363129737,-1.419217147,-1.474005213,-1.527471224,-1.579563349,-1.630242901,-1.679481304,-1.727250854,-1.77352927,-1.818268022,-1.861449516,-1.903068291,-1.943083953,-1.9814861,-2.018266875,-2.053408018,-2.0868992,-2.118735851,-2.148903542,-2.177407629,-2.204220823,-2.229375321,-2.252848223,-2.274660404,-2.294815002,-2.313297608
0,-3.68844423,-3.66360912,-3.641067133,-3.620903798,-3.603276541,-3.588312518,-3.576107094,-3.566855737,-3.560642249,-3.557614999,-3.557896625,-3.561626721,-3.568968681,-3.579939944,-3.59473756,-3.613465357,-3.636254228,-3.663096338,-3.694198455,-3.729582781,-3.769321715,-3.813487378,-3.862121949,-3.915270624,-3.972996258,-4.035188573,-4.102014465,-4.173388681,-4.24930909,-4.329742182,-4.414660839,-4.50401524,-4.597734639,-4.695769979,-4.798009088,-4.904418424,-5.014840028,-5.129202022,-5.247356514,-5.369208953,-5.49460216,-5.623383258,-5.755425898,-5.89053824,-6.028552663,-6.169305824,-6.312592423,-6.458244786,-6.606050103,-6.755816038,-6.90733102,-7.060380344,-7.214755653,-7.37022281,-7.52656553,-7.683552839,-7.840966101,-7.998556669,-8.156111556,-8.313388945,-8.470155169,-8.626176589,-8.781225526,-8.935077089,-9.087510762,-9.238314209,-9.387249449,-9.534127014,-9.678744474,-9.820913939,-9.96043498,-10.09713065,-10.23086377,-10.36143731,-10.48871818,-10.61256013,-10.73285106,-10.84945901,-10.96226894,-11.07118597,-11.17613,-11.27700283,-11.3737234,-11.46623707,-11.55449441,-11.6384142,-11.71799271,-11.79315909,-11.86389955,-11.93018143,-11.99197973,-12.0493086,-12.10214231,-12.15047964,-12.19433942,-12.2337118,-12.2686434,-12.29913258,-12.32519369,-12.34685981,-12.36415144
0,-4.18234642,-4.152584859,-4.127355157,-4.106604383,-4.090410583,-4.078588943,-4.071288096,-4.068294059,-4.069692094,-4.075409906,-4.085392768,-4.09962694,-4.118080139,-4.140610911,-4.167302883,-4.198054159,-4.23284107,-4.271636204,-4.314368188,-4.361053416,-4.411633404,-4.466113442,-4.524366331,-4.586488522,-4.652412988,-4.722104398,-4.795563078,-4.8727476,-4.953651122,-5.038269781,-5.126543873,-5.218510869,-5.314101439,-5.413294552,-5.516085119,-5.622412645,-5.732288052,-5.845624928,-5.962400147,-6.082560386,-6.206064971,-6.332838035,-6.462807409,-6.595917376,-6.732090516,-6.871206797,-7.013193308,-7.157931116,-7.305308635,-7.455220485,-7.607505197,-7.762041553,-7.918666297,-8.077224855,-8.237549798,-8.399441108,-8.562730509,-8.727214511,-8.89266863,-9.0588893,-9.225632607,-9.39265993,-9.559737897,-9.726596702,-9.892973204,-10.05859779,-10.22320764,-10.38651393,-10.54823,-10.70806166,-10.86573256,-11.02096999,-11.17347659,-11.32298892,-11.46921199,-11.61190664,-11.75079036,-11.88566882,-12.01626644,-12.14240641,-12.26388207,-12.38050217,-12.49210443,-12.59858031,-12.69979053,-12.79563835,-12.88603844,-12.97097238,-13.05033748,-13.12417771,-13.19245595,-13.25519151,-13.31242959,-13.36421431,-13.41059155,-13.45158883,-13.48745686,-13.51809868,-13.54365748,-13.56421453,-13.57987914
0,-2.725607821,-2.745561453,-2.768765427,-2.79529492,-2.825227191,-2.858572558,-2.895266304,-2.935516253,-2.979276187,-3.026539389,-3.0773184,-3.131626734,-3.189433374,-3.250719918,-3.315469274,-3.383587703,-3.455037938,-3.529742665,-3.607599096,-3.688505468,-3.772348319,-3.859002429,-3.948293151,-4.040086067,-4.134200465,-4.230466157,-4.328659794,-4.42860907,-4.530080133,-4.632865908,-4.736734513,-4.841470075,-4.946822657,-5.052579765,-5.158478991,-5.264303142,-5.369821466,-5.474802878,-5.579040794,-5.682299904,-5.784377334,-5.885075858,-5.984210762,-6.081608193,-6.177066873,-6.270462132,-6.361653888,-6.450500761,-6.536882585,-6.620706257,-6.70186923,-6.780323728,-6.855999885,-6.928855504,-6.998856499,-7.066001354,-7.130286081,-7.191710808,-7.25032436,-7.306139916,-7.35923115,-7.409650473,-7.457460279,-7.502759632,-7.545633892,-7.586187211,-7.624519775,-7.660755509,-7.695005415,-7.727401931,-7.758076233,-7.787145754,-7.814748037,-7.840999725,-7.86608809,-7.890085896,-7.913134512,-7.93538084,-7.956928432,-7.97790416,-7.998410481,-8.018543927,-8.038405835,-8.058072065,-8.077642673,-8.097162483,-8.116692007,-8.136296825,-8.155998808,-8.175836704,-8.195804665,-8.215915397,-8.236148448,-8.256501829,-8.276937851,-8.297416095,-8.317884728,-8.338282687,-8.358561044,-8.378619545,-8.398380457
0,0.660078299,0.61502921,0.566263983,0.513805176,0.457679734,0.39791578,0.334583099,0.267709114,0.197396276,0.123692203,0.046684538,-0.033531964,-0.116837474,-0.203149149,-0.292325669,-0.384224208,-0.478733007,-0.57569609,-0.674953079,-0.776336852,-0.879691023,-0.984844359,-1.091618145,-1.199836074,-1.309287846,-1.419808443,-1.531221099,-1.643292519,-1.755872938,-1.868767176,-1.981754181,-2.094675817,-2.207348516,-2.319591337,-2.431224958,-2.542080329,-2.652007729,-2.760829945,-2.868404853,-2.974603721,-3.079267307,-3.182285969,-3.283531649,-3.382910264,-3.480305301,-3.575634599,-3.668813531,-3.759770277,-3.848430602,-3.934749311,-4.018673521,-4.100172528,-4.179193365,-4.255730611,-4.329762407,-4.401273388,-4.47026564,-4.536744318,-4.600698024,-4.662167686,-4.721133312,-4.777661884,-4.831733187,-4.883409653,-4.932713739,-4.979678046,-5.024325585,-5.066710334,-5.106868838,-5.144839487,-5.180670134,-5.21439375,-5.246062475,-5.27571259,-5.303394677,-5.329158387,-5.353032074,-5.375080588,-5.395313571,-5.413826927,-5.430625161,-5.445775489,-5.459277159,-5.47124889,-5.481679031,-5.490634733,-5.49813621,-5.504259342,-5.509014012,-5.512471324,-5.514669307,-5.515634743,-5.515413105,-5.514079702,-5.511623698,-5.508125225,-5.50361317,-5.498132057,-5.491707065,-5.484399983,-5.476217666
0,-0.510604568,-0.487899616,-0.465973599,-0.444932857,-0.424626884,-0.405078041,-0.386270356,-0.368236134,-0.35094539,-0.334427079,-0.318755536,-0.303919653,-0.29000766,-0.277091935,-0.265169593,-0.254412159,-0.244874799,-0.236686035,-0.229902763,-0.224658798,-0.221036103,-0.219221251,-0.219272396,-0.221310079,-0.225445155,-0.231813064,-0.240478494,-0.251607609,-0.265175218,-0.281360153,-0.300204228,-0.321743283,-0.346152805,-0.373270172,-0.403285584,-0.436162009,-0.471919473,-0.510542995,-0.552068041,-0.596346418,-0.643462231,-0.693300828,-0.745804799,-0.800911356,-0.858531965,-0.918583832,-0.980966755,-1.045597825,-1.11234027,-1.181109047,-1.251794005,-1.324285161,-1.398482379,-1.47427064,-1.551564408,-1.630260846,-1.710272585,-1.791528669,-1.873944152,-1.957452604,-2.041982838,-2.127475721,-2.213887396,-2.301158766,-2.389243117,-2.478111915,-2.567719711,-2.658017729,-2.74897306,-2.84054621,-2.932677603,-3.025324391,-3.118439498,-3.211925867,-3.305718436,-3.399729695,-3.493853292,-3.587992831,-3.682033699,-3.775827735,-3.869226345,-3.962084477,-4.054233437,-4.145502963,-4.235696615,-4.324615912,-4.412081231,-4.497855044,-4.581739339,-4.6635261,-4.743005564,-4.819925542,-4.894113387,-4.965336121,-5.033391906,-5.098078293,-5.159201829,-5.216567936,-5.270138417,-5.319601772,-5.364896552
0,0.335981941,0.351099047,0.363654461,0.373584116,0.380866971,0.385398918,0.387249165,0.386474008,0.382900726,0.37663145,0.367547569,0.355887128,0.341458829,0.32427973,0.304558855,0.282136781,0.25712979,0.229555252,0.199551477,0.167039525,0.132150951,0.094951682,0.055506379,0.013880244,-0.029805159,-0.075505215,-0.12309643,-0.172496108,-0.223600518,-0.276286602,-0.330454393,-0.385979119,-0.442753345,-0.500657559,-0.559565466,-0.619354796,-0.679903482,-0.741075849,-0.802753872,-0.86481819,-0.927139858,-0.989590276,-1.052064047,-1.114437946,-1.17661041,-1.238476862,-1.299922754,-1.360861451,-1.421183797,-1.480840987,-1.539727038,-1.597787512,-1.65494446,-1.711149962,-1.766361457,-1.820511763,-1.873584207,-1.925555056,-1.976391207,-2.026071295,-2.074602373,-2.121974384,-2.16818274,-2.213246558,-2.257176648,-2.299979432,-2.341684536,-2.382297417,-2.421867262,-2.46039976,-2.497948305,-2.534535598,-2.570170977,-2.604900019,-2.6387575,-2.671762544,-2.703954252,-2.735348251,-2.76598269,-2.795869606,-2.825033878,-2.853499896,-2.881267874,-2.908385927,-2.93484479,-2.96060646,-2.985739179,-3.010226111,-3.034062363,-3.05724666,-3.0797729,-3.101625529,-3.122799012,-3.14327608,-3.163043779,-3.182099082,-3.200401114,-3.217934817,-3.234685725,-3.250640518,-3.265765825
0,-0.741613982,-0.736830024,-0.734113889,-0.733453209,-0.734858096,-0.738665735,-0.744352343,-0.752537327,-0.762834017,-0.775601411,-0.790760503,-0.808354845,-0.828556052,-0.851206378,-0.876549128,-0.904561831,-0.935253863,-0.96867779,-1.004880846,-1.04389875,-1.085737379,-1.130396798,-1.177908142,-1.228253634,-1.281423358,-1.337399537,-1.396161535,-1.457667981,-1.521882917,-1.588725437,-1.658157588,-1.730131095,-1.804504763,-1.881221952,-1.960219223,-2.041359169,-2.124540958,-2.209646407,-2.296557007,-2.385148724,-2.475311291,-2.566879844,-2.659727418,-2.753737903,-2.848733798,-2.94459118,-3.041176663,-3.138319137,-3.23589875,-3.333773747,-3.431792899,-3.529810003,-3.627690011,-3.725297661,-3.82250041,-3.91919143,-4.015216769,-4.110461776,-4.204786233,-4.298086911,-4.390256535,-4.481183423,-4.570744986,-4.658845574,-4.74539574,-4.830278823,-4.91341729,-4.994722591,-5.074089862,-5.15143023,-5.226680461,-5.299739229,-5.37054473,-5.439013216,-5.505066383,-5.568651556,-5.629679052,-5.688102099,-5.743859336,-5.796894093,-5.847119959,-5.894510317,-5.939022429,-5.980609667,-6.019224589,-6.054855828,-6.087456986,-6.117013663,-6.143507184,-6.166773393,-6.187181749,-6.204373302,-6.21851311,-6.229540983,-6.237571561,-6.242527586,-6.244350596,-6.243387,-6.239399229,-6.232596994,-6.222862638
0,2.007167607,2.001069748,1.990800138,1.977229212,1.959424948,1.93790568,1.912348201,1.882872991,1.849370042,1.811805651,1.770175318,1.724502423,1.674737198,1.620833031,1.562844742,1.500744237,1.434512454,1.364212406,1.289852706,1.211457533,1.129044321,1.04268442,0.952437986,0.858368702,0.760551166,0.659052788,0.554000885,0.445497941,0.333649921,0.21860255,0.100495135,-0.020533454,-0.14430925,-0.270659442,-0.399398011,-0.530354301,-0.663318155,-0.798078817,-0.934440242,-1.072158767,-1.211025342,-1.350796736,-1.4912577,-1.632169928,-1.773289346,-1.914374632,-2.055192558,-2.195490027,-2.335028627,-2.473603555,-2.610982985,-2.746914928,-2.881197252,-3.013620295,-3.143975283,-3.272066783,-3.397714787,-3.520740537,-3.64096871,-3.75824568,-3.87244178,-3.983389886,-4.090986555,-4.195135831,-4.29572552,-4.392660919,-4.485855894,-4.575238223,-4.660763057,-4.74240271,-4.820070254,-4.893772957,-4.963487736,-5.029194395,-5.090869655,-5.148551147,-5.202239393,-5.251939434,-5.297674364,-5.339467821,-5.377355104,-5.411303038,-5.441478069,-5.467932931,-5.490621816,-5.509615463,-5.524979804,-5.536742787,-5.545014681,-5.549812363,-5.551239873,-5.549386929,-5.544245948,-5.53582045,-5.524411229,-5.509671632,-5.492290142,-5.471756181,-5.448440496,-5.422294074,-5.393355941
0,0.452794206,0.453803956,0.452852506,0.449731755,0.444267089,0.436459022,0.426016772,0.412876138,0.396891735,0.377921319,0.355826803,0.330489244,0.301781121,0.269579746,0.233788193,0.194300355,0.151027017,0.103882451,0.052798652,-0.00229825,-0.061436226,-0.124665439,-0.192004738,-0.263466009,-0.339056521,-0.418757533,-0.502521703,-0.590309781,-0.682057613,-0.777696822,-0.87712147,-0.980222669,-1.086874573,-1.196943179,-1.310266887,-1.426661342,-1.545950143,-1.667915051,-1.792349175,-1.919015873,-2.047651711,-2.178034337,-2.309861779,-2.442885441,-2.5767874,-2.711292195,-2.846098484,-2.980888191,-3.115375264,-3.24923032,-3.382165754,-3.51385184,-3.644013885,-3.772348187,-3.898559554,-4.022373613,-4.143531548,-4.261777692,-4.376858903,-4.488574328,-4.59669704,-4.701048501,-4.801455128,-4.897762294,-4.989863301,-5.077635032,-5.160991173,-5.239877227,-5.314266102,-5.384124847,-5.449482867,-5.510349999,-5.566798349,-5.618889188,-5.666731716,-5.710427324,-5.750094648,-5.785905564,-5.81800991,-5.846553971,-5.871740708,-5.89378722,-5.912873575,-5.929197116,-5.942965551,-5.954405358,-5.963739201,-5.971128692,-5.976827364,-5.981016238,-5.983900329,-5.985675924,-5.986446935,-5.986537759,-5.985962687,-5.9849232,-5.983561624,-5.981984077,-5.980302199,-5.97864097,-5.977030684
0,-6.405792088,-6.398832404,-6.391156164,-6.382718739,-6.373601694,-6.363782476,-6.353273515,-6.342187641,-6.330501246,-6.318270279,-6.305532952,-6.292336396,-6.27871551,-6.264753144,-6.250460024,-6.235918624,-6.221184884,-6.206272,-6.191297195,-6.176308963,-6.161328011,-6.146445296,-6.131727221,-6.117210426,-6.102999981,-6.089086819,-6.075615246,-6.062582149,-6.050081531,-6.038159222,-6.026876742,-6.016322075,-6.006481265,-5.997489031,-5.989338839,-5.98208035,-5.975803789,-5.970506562,-5.966248782,-5.963026135,-5.960916164,-5.959911091,-5.960003114,-5.961228153,-5.963572186,-5.967052576,-5.971606682,-5.977222876,-5.983913595,-5.991580811,-6.000160465,-6.009684947,-6.020053025,-6.031176651,-6.042999457,-6.055458708,-6.068446244,-6.081886195,-6.095715285,-6.109806162,-6.124092739,-6.138490198,-6.152888983,-6.167207944,-6.181358595,-6.195270082,-6.208824235,-6.22196407,-6.23461235,-6.246703977,-6.258171542,-6.268953602,-6.278996014,-6.288244018,-6.296678597,-6.304265138,-6.310980982,-6.316795782,-6.32172347,-6.325746064,-6.328892444,-6.331130993,-6.332562322,-6.333131016,-6.332955549,-6.331987945,-6.33032705,-6.328015579,-6.325106864,-6.321652844,-6.317735771,-6.313397748,-6.308729503,-6.303785145,-6.298668498,-6.293416921,-6.288131592,-6.282868447,-6.277703809,-6.272721744,-6.26798247
0,0.257467885,0.259602441,0.261850887,0.264146425,0.266426979,0.26858536,0.270604291,0.272337334,0.273699813,0.274655239,0.27507716,0.274872606,0.273973711,0.272285036,0.26972703,0.266226105,0.261711866,0.256108807,0.249394991,0.241473872,0.232336617,0.22192614,0.21023872,0.197252375,0.182966164,0.167387017,0.15053316,0.132422265,0.113099875,0.092608452,0.071007557,0.048358745,0.024733802,0.000218613,-0.025096225,-0.051119237,-0.077738341,-0.104857413,-0.132354942,-0.160113758,-0.188009351,-0.215925199,-0.24371936,-0.271269789,-0.29844228,-0.325114956,-0.351143508,-0.376405725,-0.400783347,-0.424140398,-0.446371693,-0.467374491,-0.487018369,-0.505241769,-0.521959639,-0.53705801,-0.55049731,-0.562213523,-0.572162998,-0.580311909,-0.586634417,-0.59107184,-0.593662622,-0.59442766,-0.593358323,-0.590456362,-0.585768367,-0.579345296,-0.571234389,-0.561495082,-0.550177639,-0.537444259,-0.523266267,-0.507780271,-0.491089593,-0.473303428,-0.454512938,-0.434826273,-0.414367066,-0.393255242,-0.371599077,-0.349519579,-0.327138642,-0.304576466,-0.281947163,-0.259368714,-0.236945882,-0.214800328,-0.19303244,-0.171750167,-0.151050833,-0.131035593,-0.111786864,-0.093392627,-0.075937159,-0.059492606,-0.044123605,-0.029901461,-0.01687356,-0.005094494,0.005407179
0,0.255373643,0.264430522,0.273902543,0.283638702,0.293481101,0.303220672,0.312647976,0.321565173,0.329676345,0.336736134,0.342457564,0.346561365,0.34876622,0.348580785,0.345977523,0.340885312,0.332331403,0.320445086,0.305386453,0.28619225,0.263057604,0.235789276,0.204154942,0.168092839,0.12752262,0.082345331,0.032636195,-0.021616529,-0.080412769,-0.143576167,-0.210992828,-0.282498531,-0.357861323,-0.436870657,-0.519240333,-0.60466195,-0.692772809,-0.783232152,-0.875680115,-0.969640768,-1.064723306,-1.16048139,-1.256412097,-1.352097582,-1.447052785,-1.540792255,-1.632890374,-1.722846394,-1.810255547,-1.894725923,-1.975789078,-2.053121784,-2.126431428,-2.195357031,-2.25966629,-2.319150474,-2.373575849,-2.422923681,-2.467004919,-2.505664825,-2.539016798,-2.567387858,-2.590303554,-2.608241857,-2.621025157,-2.629431285,-2.632913254,-2.632286315,-2.627564048,-2.618995478,-2.607263423,-2.59226734,-2.57431523,-2.554166886,-2.531663422,-2.507679705,-2.482163111,-2.455613312,-2.428318309,-2.400658895,-2.372923899,-2.345411036,-2.318380462,-2.292140328,-2.266992777,-2.242949987,-2.220425302,-2.199526239,-2.180352635,-2.163084424,-2.147909358,-2.134683685,-2.12385474,-2.114749273,-2.108217517,-2.103695798,-2.101436603,-2.101130856,-2.102939692,-2.106576783,-2.112144181
0,-3.190587736,-3.172359042,-3.154950008,-3.138413108,-3.122840281,-3.108316991,-3.094940885,-3.082798508,-3.07199356,-3.062615739,-3.054799622,-3.048630045,-3.044370144,-3.041743331,-3.041260936,-3.042859384,-3.046627383,-3.052655449,-3.061051722,-3.071855243,-3.085095338,-3.100865624,-3.119157634,-3.140083457,-3.163446278,-3.189427788,-3.217911984,-3.248856626,-3.282217554,-3.31792216,-3.355807488,-3.395892339,-3.437997738,-3.481988302,-3.527742673,-3.575075584,-3.62381725,-3.673810645,-3.724832154,-3.776667649,-3.829097268,-3.881921319,-3.934870508,-3.98772229,-4.040228884,-4.092122431,-4.143157604,-4.193092414,-4.241718383,-4.288789042,-4.334091318,-4.377426061,-4.418604756,-4.457451612,-4.493822292,-4.527588187,-4.558645463,-4.586918667,-4.612341155,-4.63487126,-4.6545022,-4.671049817,-4.68494793,-4.695881264,-4.704029783,-4.709477762,-4.712409596,-4.712779306,-4.71081505,-4.706633653,-4.70036243,-4.692161397,-4.682210499,-4.670650731,-4.657662003,-4.643408257,-4.628064462,-4.611796737,-4.594747495,-4.577103376,-4.559019497,-4.540625348,-4.522095272,-4.503508177,-4.485026651,-4.466765239,-4.448832955,-4.431318602,-4.414330064,-4.397953215,-4.382252845,-4.367291084,-4.353117747,-4.339827516,-4.327424269,-4.315943354,-4.305434317,-4.295912737,-4.287389776,-4.279885135,-4.273388009
1,1.260470573,1.213693934,1.170404515,1.130545327,1.094076928,1.060969732,1.031102062,1.004519754,0.981079207,0.960731354,0.943537422,0.929415027,0.918330706,0.910336887,0.905444258,0.903715399,0.905152524,0.90991162,0.918069304,0.929737016,0.944948722,0.963906274,0.986681669,1.013380607,1.044093194,1.078891489,1.117811642,1.160874908,1.2081023,1.259456784,1.314829247,1.374136563,1.437210404,1.503839806,1.573797173,1.646803239,1.722541143,1.800644213,1.88069496,1.962266907,2.044900567,2.128081424,2.211266354,2.293932627,2.375515788,2.4554165,2.533123669,2.608059229,2.679594838,2.747253779,2.810506738,2.86885635,2.921847246,2.968968071,3.010123218,3.044666264,3.072596073,3.093495554,3.107395184,3.114162349,3.11381093,3.106020892,3.091709682,3.070315824,3.042407806,3.008225735,2.968163227,2.922670493,2.872190321,2.817287873,2.75852771,2.696529805,2.631932103,2.565380421,2.497533991,2.429035396,2.360543013,2.292643345,2.225932645,2.160954423,2.098259776,2.038160956,1.981121754,1.927595288,1.877671191,1.831664042,1.789703511,1.751932138,1.718378026,1.689034388,1.663880031,1.642815329,1.625685124,1.612418869,1.602652263,1.596369603,1.593176085,1.59292983,1.595365284,1.600204274,1.607259057
1,-0.712998887,-0.687014735,-0.65933786,-0.630084705,-0.59934462,-0.567229958,-0.533820017,-0.499177456,-0.463431716,-0.426655251,-0.388975187,-0.350469063,-0.311300929,-0.271598709,-0.231512534,-0.191208717,-0.150851012,-0.110622174,-0.070640748,-0.031074944,0.00796465,0.046326328,0.083887853,0.120560244,0.156225961,0.190771927,0.224103586,0.256119166,0.286714776,0.315781477,0.343216332,0.368947395,0.392885191,0.41498365,0.43513651,0.453368175,0.469593383,0.483803782,0.495971421,0.506111418,0.514197495,0.520261032,0.52432788,0.526416641,0.526569269,0.524834593,0.521274553,0.515921528,0.508854125,0.500093233,0.489748768,0.477862359,0.464510678,0.449777926,0.433730552,0.416495981,0.398163659,0.378826465,0.35856497,0.337522272,0.315770074,0.293410601,0.27053369,0.247219704,0.223514925,0.199503298,0.175239302,0.150749399,0.126040983,0.101149105,0.076087004,0.050819671,0.025389392,-0.000261473,-0.026095704,-0.052094646,-0.078278011,-0.104569489,-0.130943776,-0.157299761,-0.18352431,-0.209492239,-0.235035466,-0.260002376,-0.284223492,-0.307462745,-0.329540923,-0.350273884,-0.369452189,-0.386924173,-0.402478656,-0.415979671,-0.427308523,-0.436323281,-0.442950155,-0.447126343,-0.448858624,-0.44814265,-0.444995152,-0.439516429,-0.431811594
1,3.34712963,3.296744213,3.251344911,3.211005698,3.175822393,3.145956813,3.121181714,3.101704686,3.087563458,3.07872701,3.075196652,3.076924391,3.084029532,3.096110769,3.113579871,3.136185154,3.163925486,3.196757854,3.234573244,3.277413992,3.32519215,3.377840437,3.435333628,3.497623161,3.564639989,3.636352084,3.712700356,3.793631009,3.879092674,3.969024138,4.063361597,4.162059893,4.265031602,4.372219677,4.483539554,4.598913998,4.718229951,4.841408468,4.968323218,5.098860299,5.232882782,5.370235356,5.510780497,5.654314715,5.800682043,5.949662897,6.101055666,6.254621947,6.410124656,6.567300628,6.725902125,6.885615007,7.046169311,7.207268893,7.368570547,7.529783369,7.690571169,7.850604258,8.009534396,8.167040452,8.322756068,8.476367034,8.627521053,8.775898051,8.921177258,9.063037522,9.201166772,9.335284103,9.465102071,9.59035549,9.710788901,9.826192648,9.936331492,10.0410329,10.14009579,10.23339575,10.32079992,10.40218538,10.47747786,10.54660783,10.60954074,10.66626479,10.71674433,10.76118386,10.79936275,10.8314946,10.85765028,10.87794969,10.89242019,10.90147137,10.90498345,10.90320053,10.8963257,10.88468217,10.86828369,10.84726964,10.82216046,10.79294067,10.7598608,10.72316113,10.68304206
1,4.266213404,4.27655759,4.295891602,4.323148826,4.357247005,4.397104537,4.44148028,4.489272458,4.539414009,4.590870294,4.642783178,4.694395013,4.745162182,4.794583486,4.842410968,4.888528656,4.932946975,4.97592152,5.017681838,5.058731007,5.099583628,5.140871295,5.183262681,5.227513071,5.274308921,5.324346411,5.378266624,5.436635635,5.499954557,5.568603756,5.642851326,5.722908547,5.808909939,5.900850229,5.998721709,6.102459229,6.211929494,6.327013792,6.447578291,6.573480386,6.704600686,6.840809193,6.982057529,7.128307407,7.279616579,7.436079405,7.597864558,7.765224818,7.938446108,8.117894151,8.303963495,8.49705103,8.697568299,8.905923415,9.122450926,9.347420452,9.580984242,9.823175685,10.07387386,10.33269329,10.59911932,10.87234762,11.15133003,11.43483321,11.72146267,12.00966851,12.29792069,12.58459203,12.86820584,13.14732078,13.42053434,13.68658753,13.94430902,14.19261788,14.43046462,14.65694361,14.87117397,15.07236209,15.25972016,15.43256267,15.59027165,15.73222285,15.85795287,15.96707897,16.0595317,16.13511641,16.19411012,16.2371118,16.26409589,16.27623849,16.27370321,16.25738594,16.2284136,16.18742244,16.13555038,16.07387568,16.00341285,15.92544856,15.84101073,15.75085076,15.65614127
1,5.386010068,5.310193714,5.240961602,5.17829893,5.122112724,5.072365366,5.028960197,4.991701647,4.960445878,4.935271483,4.915739625,4.901715475,4.893199883,4.88989281,4.891693983,4.89844704,4.909685502,4.925691005,4.94608354,4.97082957,4.999823111,5.033013473,5.070324016,5.111731223,5.157233907,5.20686651,5.260681146,5.318721756,5.381041187,5.447773972,5.519016318,5.594930039,5.675589658,5.761074049,5.851590443,5.947196918,6.04801115,6.154084863,6.265488486,6.382253847,6.50434582,6.631774433,6.764433015,6.90219692,7.044926982,7.192409388,7.344419459,7.500674067,7.660837159,7.824575867,7.991455275,8.161079426,8.332992403,8.506715701,8.681771096,8.857630148,9.033734569,9.209610672,9.384682336,9.558464455,9.730422417,9.900045263,10.06687785,10.2304615,10.39037866,10.54626939,10.69779438,10.8446552,10.9866027,11.12347813,11.25511085,11.38137597,11.50222996,11.61765883,11.72771631,11.83246295,11.9320536,12.0266559,12.11643708,12.20163638,12.28253486,12.35930634,12.43249973,12.50217826,12.56876417,12.63258207,12.69395161,12.75318357,12.81059518,12.86647008,12.92107053,12.97466288,13.02744099,13.07960913,13.13131,13.1826584,13.23376998,13.28467406,13.33539849,13.38593725,13.43620381
1,-4.441560428,-4.520254121,-4.596928865,-4.671004064,-4.742044046,-4.809811311,-4.874340868,-4.935869034,-4.994810574,-5.051770289,-5.107477811,-5.162780786,-5.218642874,-5.276060779,-5.335738685,-5.399257097,-5.466777349,-5.53939726,-5.616933752,-5.700404796,-5.789413462,-5.883667517,-5.982665542,-6.085525162,-6.191036657,-6.298078458,-6.405264185,-6.511320427,-6.61506497,-6.715691128,-6.812261239,-6.904162062,-6.991377713,-7.073973223,-7.152596972,-7.227391412,-7.299675673,-7.370219363,-7.440014027,-7.510393406,-7.581629638,-7.654932326,-7.7302995,-7.808684621,-7.889955128,-7.974202275,-8.061457211,-8.151674668,-8.244573849,-8.339871388,-8.437231725,-8.536160766,-8.636065768,-8.736536342,-8.837173029,-8.937053504,-9.037261233,-9.13635064,-9.234939646,-9.333238718,-9.431383144,-9.529721571,-9.62872707,-9.7287265,-9.830067493,-9.932955972,-10.0375004,-10.14348552,-10.250363,-10.3573252,-10.46325111,-10.56672033,-10.66615161,-10.75984736,-10.84591038,-10.92247496,-10.98785882,-11.04056904,-11.07822332,-11.10270284,-11.11104086,-11.10377596,-11.08187283,-11.04593806,-10.99704913,-10.93681646,-10.86666862,-10.78799271,-10.70389659,-10.61541021,-10.52402123,-10.43277292,-10.34218389,-10.25360627,-10.16816535,-10.08641446,-10.00880311,-9.935541579,-9.86690568,-9.802849,-9.743491941
1,5.368940528,5.355209135,5.350527782,5.354984236,5.368679669,5.391520115,5.42298044,5.463329766,5.512048289,5.568931729,5.633578912,5.705609575,5.784563342,5.869513869,5.959883319,6.054537445,6.152513228,6.252414311,6.353213275,6.453396819,6.551630792,6.646551368,6.736846817,6.821319849,6.898793172,6.968312124,7.028991558,7.080115805,7.121278794,7.152050189,7.172298796,7.182037765,7.181662275,7.17129099,7.151645824,7.123136902,7.086646657,7.042789765,6.992500228,6.936705575,6.876352532,6.812426388,6.745949476,6.677986267,6.609681316,6.541978513,6.47612132,6.413207162,6.354351826,6.300609701,6.253302871,6.213166649,6.181237102,6.158550235,6.145820862,6.143741157,6.152792721,6.173162927,6.204826654,6.247635632,6.300314915,6.362508431,6.43270639,6.509554829,6.591558762,6.677295124,6.765357614,6.85442838,6.943294832,7.030895003,7.116262161,7.198491092,7.27679546,7.350523848,7.4189794,7.481852371,7.538562911,7.588813405,7.63239153,7.669290939,7.699476602,7.723126993,7.740490543,7.751826821,7.757402074,7.757413931,7.752042947,7.741410132,7.725690739,7.705609052,7.680789707,7.652914759,7.622144296,7.589693686,7.556323863,7.523342568,7.491536605,7.461715193,7.4342151,7.409169555,7.386285791
1,-0.244645508,-0.244145797,-0.243358517,-0.24213011,-0.240334467,-0.237853537,-0.234557886,-0.230290029,-0.224923323,-0.218330937,-0.210417992,-0.201076156,-0.190200393,-0.177747437,-0.1636651,-0.147903549,-0.130450899,-0.111365291,-0.090652179,-0.0683493,-0.044526827,-0.019271123,0.007320821,0.035162111,0.064147154,0.094206682,0.125261175,0.157234239,0.190060587,0.223714896,0.258205059,0.293510054,0.329689446,0.366777693,0.404876367,0.444070873,0.484485607,0.526249928,0.569492409,0.614369887,0.6610378,0.709625255,0.760294041,0.813151121,0.868347995,0.925920363,0.985985119,1.048583487,1.113746682,1.181461915,1.251711374,1.324408088,1.399476109,1.476824281,1.556276127,1.637681455,1.720841039,1.805556825,1.89160642,1.978755658,2.066711603,2.155294026,2.244225348,2.333234326,2.422100679,2.510601614,2.598503175,2.685589599,2.771652774,2.856528592,2.940016897,3.021975859,3.102230667,3.180655269,3.257124045,3.331493437,3.403715317,3.473596332,3.54116537,3.606266895,3.668886923,3.7289787,3.786438812,3.84129824,3.893517703,3.943062353,3.989921376,4.03408772,4.075555253,4.114334343,4.150439329,4.183874838,4.214693738,4.242895924,4.268524163,4.291677925,4.312332586,4.330584513,4.346480752,4.360122972,4.371506452
1,4.188904801,4.196219029,4.213962815,4.24275914,4.282503807,4.333924277,4.397079409,4.472240648,4.559736968,4.659735695,4.772387448,4.897849254,5.036155363,5.187351483,5.351405494,5.528097164,5.717304446,5.918726843,6.132005717,6.35673026,6.592348806,6.838299435,7.093947218,7.358524752,7.631214736,7.911219584,8.197599598,8.489319645,8.785414441,9.08483316,9.386474072,9.689232451,9.991986048,10.29358085,10.59294004,10.88892523,11.1804825,11.4665508,11.74613711,12.0182412,12.28202757,12.53658839,12.78121198,13.0151638,13.23786809,13.44874358,13.64734626,13.83333865,14.00640482,14.16638246,14.31312841,14.44662586,14.56695775,14.67408387,14.76836344,14.85020886,14.91970738,14.9772001,15.02350886,15.05886719,15.08387992,15.09917373,15.10535958,15.10318036,15.09325831,15.07627748,15.05286843,15.02383529,14.98983274,14.95155398,14.90957919,14.8645986,14.81716389,14.76784518,14.7171544,14.66550962,14.61339808,14.56114465,14.50907833,14.45753,14.40670668,14.35682686,14.30807091,14.26062821,14.2145848,14.17005757,14.12715089,14.08597093,14.04658294,14.00906132,13.9734194,13.93977807,13.90817556,13.87868801,13.85135601,13.82620079,13.80329628,13.78264061,13.76427364,13.74822316,13.734476
1,-4.731579306,-4.799828101,-4.86984778,-4.939953915,-5.008082715,-5.072645815,-5.132543395,-5.186893796,-5.235423909,-5.27817054,-5.315881836,-5.349418128,-5.380250106,-5.409752417,-5.439092427,-5.47002198,-5.503563976,-5.540356069,-5.580880763,-5.624749305,-5.671533825,-5.71988266,-5.768472163,-5.815120579,-5.857873047,-5.894452638,-5.922543247,-5.94068485,-5.946636806,-5.939762743,-5.918676076,-5.883396033,-5.83404261,-5.771361126,-5.696410374,-5.610526166,-5.515620823,-5.413182814,-5.305428854,-5.194143889,-5.081321637,-4.968605347,-4.857921319,-4.750520144,-4.648015126,-4.551199906,-4.461304812,-4.378828323,-4.30442923,-4.238459796,-4.181029603,-4.132170969,-4.091696186,-4.059178426,-4.034069064,-4.015763372,-4.003747145,-3.997311928,-3.995827693,-3.999276947,-4.007725165,-4.021473487,-4.041121165,-4.067262382,-4.100905008,-4.142834252,-4.193709448,-4.25406712,-4.323807418,-4.402864744,-4.49077593,-4.586699619,-4.689618763,-4.798160216,-4.910709009,-5.025559965,-5.140880703,-5.254437627,-5.364706914,-5.469866983,-5.568162241,-5.658866634,-5.741150097,-5.814756938,-5.879842574,-5.936891759,-5.98684833,-6.030740234,-6.069647235,-6.104623236,-6.13678723,-6.166741707,-6.195160798,-6.222504486,-6.249242148,-6.275626338,-6.301718478,-6.327796954,-6.353831875,-6.379534802,-6.403837736
1,4.103553048,4.010817134,3.9222463,3.838095276,3.758451368,3.683244445,3.612115698,3.544527877,3.479866798,3.41741159,3.356423036,3.296243259,3.236260737,3.176049118,3.115233662,3.053573956,2.990874874,2.926963438,2.861671003,2.794757504,2.726167566,2.655504103,2.5825073,2.50687004,2.428240701,2.346374632,2.261107903,2.172460729,2.080621141,1.985909965,1.88879329,1.789730259,1.689180421,1.587566902,1.485346855,1.382984971,1.280950411,1.179737303,1.079838358,0.98168833,0.886167699,0.793519149,0.704536545,0.619777072,0.539597114,0.464330905,0.393925047,0.328179324,0.266660611,0.208758453,0.153797317,0.101057471,0.049893179,-0.000167014,-0.049320115,-0.097449323,-0.144190289,-0.188915377,-0.230506805,-0.268470629,-0.300845202,-0.326573819,-0.344039631,-0.351637785,-0.348080115,-0.33215982,-0.302906424,-0.260113172,-0.203467003,-0.133487118,-0.051004626,0.042920313,0.146618188,0.258174335,0.375380332,0.495958036,0.61768973,0.738498278,0.856757913,0.971221211,1.080989736,1.185583234,1.284861574,1.378946315,1.468073301,1.552601283,1.632776531,1.708668492,1.780255586,1.847331455,1.909651115,1.967113997,2.019775746,2.067969603,2.112226737,2.153161333,2.191535459,2.227854684,2.262850637,2.296940657,2.33078148
1,0.509720028,0.448259661,0.389648356,0.334352088,0.282166535,0.232893937,0.186100794,0.140991777,0.096852222,0.052761265,0.008026132,-0.03812158,-0.08630028,-0.137014738,-0.190944971,-0.248684337,-0.310849637,-0.378117428,-0.450923534,-0.529589387,-0.614444123,-0.705260094,-0.801917292,-0.90372575,-1.010118896,-1.120255109,-1.233400232,-1.348803818,-1.466496917,-1.586222832,-1.708386136,-1.833584177,-1.962729952,-2.096204484,-2.234890151,-2.378925828,-2.528358092,-2.682622373,-2.840939225,-3.001896715,-3.163881806,-3.324472935,-3.48197083,-3.633303782,-3.776316125,-3.908701745,-4.028501247,-4.13431838,-4.225243467,-4.301124698,-4.3614421,-4.406590873,-4.436961653,-4.453281104,-4.456489315,-4.447463058,-4.427374506,-4.397759861,-4.35983673,-4.315388126,-4.266103423,-4.213382883,-4.158635818,-4.102980528,-4.047547394,-3.992833254,-3.939488034,-3.887613523,-3.83718788,-3.788019182,-3.739754558,-3.692195601,-3.644960956,-3.597832857,-3.550854601,-3.504019431,-3.457714397,-3.412861253,-3.370684611,-3.333105032,-3.301954879,-3.281648877,-3.273350724,-3.280136531,-3.304213251,-3.346784997,-3.40771464,-3.486353084,-3.580735384,-3.687877859,-3.803961917,-3.924651937,-4.045539812,-4.162482062,-4.272506969,-4.373081621,-4.46307365,-4.542309684,-4.611498071,-4.671953701,-4.725543077
1,17.75055404,17.59211313,17.40316949,17.18294091,16.93091188,16.64654278,16.3297336,15.98075223,15.60040286,15.19006821,14.75178379,14.28811886,13.80207908,13.29703313,12.77639784,12.24373622,11.70244335,11.15570093,10.60650259,10.0576251,9.511624995,8.970848118,8.437534208,7.913615066,7.401198231,6.902185788,6.418703037,5.952680344,5.506251378,5.081218397,4.679433725,4.302352758,3.951011162,3.626102336,3.327683061,3.055226239,2.807661497,2.583598147,2.381182311,2.198359214,2.03280419,1.882104671,1.744047867,1.615971418,1.496197251,1.382841711,1.274885754,1.171913661,1.074505924,0.984161734,0.903051856,0.834249811,0.781183386,0.74677466,0.733617889,0.743026768,0.775181302,0.828902797,0.901907988,0.990997837,1.092501077,1.20294962,1.319306544,1.439612569,1.563052543,1.689902674,1.821350563,1.959476168,2.106584554,2.265151483,2.437300514,2.624415361,2.827134022,3.045081743,3.276778094,3.519724556,3.770400301,4.024689733,4.278161919,4.526435025,4.76574983,4.993356218,5.20749589,5.407647182,5.594164881,5.76849439,5.93237399,6.087891355,6.236579426,6.379233649,6.516002627,6.646196885,6.768511988,6.881607299,6.983513775,7.072668985,7.147159612,7.205766209,7.247067293,7.270339854,7.275180924
1,-1.018459531,-0.977209982,-0.930977718,-0.878913312,-0.819038172,-0.750513753,-0.672217092,-0.583433345,-0.483666092,-0.372680832,-0.250577883,-0.117721479,0.02548634,0.178342176,0.340344793,0.510746324,0.688755133,0.87360304,1.064484689,1.260577079,1.46101764,1.664851731,1.871146902,2.07884996,2.286931237,2.494303733,2.699826511,2.902471938,3.101394607,3.295962197,3.485838097,3.670912716,3.851197445,4.026726802,4.197323325,4.362570746,4.521607286,4.673168752,4.815584226,4.946846871,5.064764803,5.16779191,5.254120803,5.323099232,5.374663653,5.409376172,5.428657279,5.433639284,5.426152436,5.407796128,5.380075579,5.344438703,5.302237822,5.254599779,5.202891721,5.147946623,5.090731375,5.032019155,4.972188548,4.91164828,4.850540529,4.788784565,4.726140243,4.662323444,4.596788554,4.529076291,4.458365515,4.383688357,4.304340386,4.21942734,4.128031939,4.029624196,3.92386714,3.810918971,3.691186838,3.565369844,3.434324653,3.298953028,3.160171437,3.018672007,2.875090588,2.729888617,2.583466051,2.436102602,2.288163977,2.140085337,1.992303148,1.84537298,1.699829685,1.556098451,1.414773928,1.276478241,1.141920306,1.011757085,0.886953607,0.767802348,0.65561648,0.550956808,0.45446647,0.366786695,0.288461605
1,-5.252324195,-5.19320697,-5.138946224,-5.089814739,-5.04595753,-5.007508606,-4.974507233,-4.946903261,-4.924639353,-4.907508318,-4.895419654,-4.888125901,-4.885358677,-4.887010938,-4.892636903,-4.902170526,-4.915368495,-4.93204128,-4.95204586,-4.975283999,-5.001671243,-5.031196484,-5.063852587,-5.099697922,-5.138805749,-5.181266503,-5.227228621,-5.276843793,-5.330267089,-5.387552283,-5.449024436,-5.514732848,-5.584802171,-5.659340046,-5.738429235,-5.822124191,-5.910419777,-6.003309896,-6.100721441,-6.202548792,-6.308650249,-6.418862597,-6.53294566,-6.650638092,-6.771655406,-6.895630266,-7.022205704,-7.150954635,-7.28145572,-7.41324637,-7.545834402,-7.67872253,-7.811408084,-7.943393175,-8.074177923,-8.203264955,-8.330196072,-8.45451837,-8.57582287,-8.693758848,-8.808008715,-8.91829621,-9.024331036,-9.126140491,-9.223347764,-9.316088976,-9.404310101,-9.48805195,-9.567388991,-9.642442039,-9.713328235,-9.780203516,-9.84326003,-9.902672039,-9.958613022,-10.01130431,-10.06094746,-10.10773927,-10.15185516,-10.19351067,-10.23292191,-10.27024912,-10.30568606,-10.33938716,-10.37152096,-10.40220898,-10.43158984,-10.45977155,-10.48685969,-10.51290764,-10.53797845,-10.56209183,-10.58524778,-10.60742411,-10.62857029,-10.64859423,-10.66741783,-10.68489033,-10.70086511,-10.71517226,-10.72758343
1,3.94313532,3.976034552,4.010388475,4.046060195,4.082778234,4.120183317,4.157874653,4.195429128,4.232417159,4.268549882,4.303361898,4.336669038,4.368299544,4.398136577,4.426117316,4.452269591,4.476686845,4.499401205,4.520557063,4.540265233,4.558486391,4.575315224,4.590432414,4.60358764,4.614320369,4.62194763,4.625774252,4.624937883,4.618661673,4.606095866,4.586632968,4.559728539,4.525000632,4.482233538,4.431240723,4.372074203,4.304961391,4.230222298,4.148393459,4.06061844,3.967625078,3.87081672,3.771511938,3.671125788,3.571124912,3.472808841,3.377401375,3.285997594,3.199494694,3.118590952,3.043830418,2.975676036,2.914269463,2.859646899,2.8117252,2.77021858,2.734762327,2.704907334,2.680068019,2.659790636,2.643333882,2.629988003,2.61907049,2.61004277,2.602408209,2.595855397,2.590063019,2.584840375,2.57999357,2.575401235,2.570914711,2.566442497,2.561826549,2.556944041,2.551638855,2.545759012,2.539166965,2.531587721,2.522935787,2.513119766,2.502127884,2.489990782,2.476760883,2.462546737,2.447471878,2.431641705,2.415172113,2.398141577,2.380701266,2.36279285,2.344506468,2.325782907,2.306478903,2.286332588,2.264974736,2.242099258,2.217072815,2.1894208,2.158581027,2.123930867,2.084878988
1,-8.540950854,-8.441582622,-8.34837043,-8.261286253,-8.180269743,-8.105289249,-8.036337753,-7.973419249,-7.916549863,-7.865704373,-7.820876035,-7.782366761,-7.749702066,-7.723463277,-7.703501825,-7.689947857,-7.683090006,-7.682652552,-7.688919097,-7.702255142,-7.722646841,-7.750189384,-7.784934899,-7.827237644,-7.877093785,-7.934655122,-8.000039252,-8.073316476,-8.154574821,-8.2438612,-8.34120886,-8.446639305,-8.560134694,-8.681627299,-8.811042578,-8.948265481,-9.093156978,-9.245535974,-9.40518241,-9.571848142,-9.745251426,-9.925078776,-10.11098163,-10.3025714,-10.49945661,-10.70118557,-10.90730329,-11.11733556,-11.33077504,-11.54708793,-11.7657591,-11.98625116,-12.20798017,-12.43043057,-12.65304252,-12.87525951,-13.09654015,-13.31634087,-13.5341563,-13.7494889,-13.96185214,-14.17079232,-14.37584957,-14.57665465,-14.77280353,-14.96396586,-15.1498087,-15.33008227,-15.50452695,-15.67294013,-15.83516755,-15.99105295,-16.14052615,-16.283512,-16.42001665,-16.55001161,-16.67356349,-16.79075488,-16.90168972,-17.0065005,-17.10535328,-17.1984509,-17.28600091,-17.36823274,-17.44538438,-17.51772354,-17.5855237,-17.64908873,-17.70868225,-17.76459456,-17.81713266,-17.86656081,-17.91317968,-17.95725664,-17.99904785,-18.03879894,-18.07675031,-18.1131012,-18.14802846,-18.18171409,-18.21429646
1,5.850019514,5.870588785,5.891504349,5.911467779,5.928904336,5.942230187,5.950064786,5.950729471,5.942776128,5.92483863,5.89578589,5.854453294,5.799958462,5.731555858,5.648682443,5.550865891,5.437747892,5.30900164,5.164438886,5.003788108,4.826840858,4.633418799,4.423312151,4.196437732,3.95271279,3.692275361,3.415389902,3.122572954,2.814586018,2.492498044,2.157667794,1.811817076,1.457013797,1.095628392,0.730321523,0.364032557,-0.000168116,-0.359140592,-0.70968565,-1.048791608,-1.373598434,-1.681600213,-1.970634511,-2.239043866,-2.485649261,-2.709834406,-2.911414224,-3.090788002,-3.248746178,-3.386515223,-3.505503724,-3.60739196,-3.694024707,-3.767233056,-3.828847181,-3.880596336,-3.923983297,-3.960460038,-3.991301598,-4.017538004,-4.040115385,-4.059713569,-4.076868817,-4.092020231,-4.105417994,-4.117256739,-4.127502898,-4.136130612,-4.142988459,-4.147905878,-4.150515393,-4.150523515,-4.147478944,-4.140976806,-4.130562223,-4.115772524,-4.096173338,-4.071315411,-4.040774654,-4.004123885,-3.960961628,-3.910853998,-3.853370347,-3.788138594,-3.714839017,-3.633191502,-3.543133765,-3.444744419,-3.338343957,-3.224472166,-3.103956603,-2.977730101,-2.847050807,-2.713267478,-2.577836757,-2.442280964,-2.308124121,-2.176839976,-2.049842447,-1.928443962,-1.813842334
1,3.088227262,3.063658847,3.028631397,2.984388432,2.932396329,2.87450716,2.812665706,2.749027832,2.6857959,2.625155404,2.569293991,2.520114781,2.479582469,2.449144327,2.43008209,2.423429692,2.429551031,2.448742458,2.481031285,2.525963794,2.582825433,2.650531487,2.727989102,2.813759351,2.906292047,3.003977775,3.105225038,3.208431721,3.312100638,3.41493959,3.515632372,3.613153473,3.706849462,3.795867394,3.879858023,3.958550365,4.031783867,4.099644295,4.162234164,4.2197933,4.272619761,4.321370226,4.366325182,4.408205216,4.44759614,4.485224083,4.521724909,4.557830139,4.594382702,4.631748437,4.670773596,4.712032933,4.75603093,4.803159124,4.853815598,4.908126268,4.96627032,5.0280305,5.09334664,5.161807631,5.232858418,5.305989502,5.380410267,5.455277212,5.529684561,5.602529782,5.672966162,5.739807887,5.801962243,5.858395372,5.908352268,5.950981359,5.985632365,6.011880359,6.029447369,6.038433688,6.03904382,6.031776179,6.017229228,5.996366853,5.970179972,5.939624682,5.905718922,5.869295119,5.831047219,5.79135105,5.750387566,5.708079263,5.664056796,5.617751132,5.568374513,5.515104072,5.457053955,5.393348691,5.323292667,5.246315862,5.162134846,5.070715091,4.972321744,4.86750675,4.756994937
1,-11.25919297,-11.08411127,-10.89581288,-10.69378114,-10.4793147,-10.25544864,-10.02773058,-9.80321275,-9.589669415,-9.394266098,-9.22228149,-9.076512865,-8.95722629,-8.863370142,-8.792557263,-8.742789708,-8.712249157,-8.699688523,-8.704241249,-8.725248967,-8.761837109,-8.813302111,-8.879172736,-8.959338254,-9.054178616,-9.164637728,-9.292033416,-9.437941147,-9.60390455,-9.791127876,-10.00007507,-10.23018473,-10.47964391,-10.74543385,-11.02362735,-11.31011629,-11.60122657,-11.89426265,-12.18752938,-12.48036648,-12.7725438,-13.06405906,-13.35465568,-13.64416858,-13.9327478,-14.22110807,-14.51035149,-14.80153014,-15.09552279,-15.39306583,-15.69467269,-16.00047602,-16.30990916,-16.6215127,-16.9328912,-17.24086798,-17.54203461,-17.8331122,-18.11119658,-18.37417993,-18.62100011,-18.85190232,-19.06822913,-19.27215586,-19.46652894,-19.65467634,-19.83980672,-20.02466126,-20.21113752,-20.4000496,-20.59121679,-20.7833625,-20.97448902,-21.16196097,-21.34286205,-21.51431616,-21.67399184,-21.82031567,-21.95269745,-22.07155989,-22.17802172,-22.27374319,-22.36009908,-22.43816448,-22.5081428,-22.56972739,-22.62254136,-22.66629827,-22.70157193,-22.72918459,-22.75055397,-22.7671342,-22.77987949,-22.78921867,-22.7950228,-22.79700249,-22.79477206,-22.78808952,-22.77703172,-22.76231916,-22.744415
1,-6.312484247,-6.256037343,-6.20474859,-6.158686827,-6.117791039,-6.082139221,-6.051775911,-6.026873426,-6.006937163,-5.992520736,-5.983393183,-5.979602035,-5.980874579,-5.98754913,-5.999329083,-6.016349766,-6.038454301,-6.065626555,-6.097818333,-6.134991869,-6.177085754,-6.224048026,-6.27573751,-6.332203643,-6.39330835,-6.458937869,-6.529053463,-6.60353687,-6.68230728,-6.765249184,-6.852252723,-6.94319251,-7.037949215,-7.13640458,-7.238383958,-7.343763424,-7.452390874,-7.564080655,-7.678678585,-7.796018867,-7.915928222,-8.03817277,-8.162599903,-8.289016482,-8.417218318,-8.546966374,-8.678129412,-8.810448511,-8.943737051,-9.077806595,-9.212429753,-9.347399021,-9.482551667,-9.617694089,-9.752614121,-9.887142124,-10.02110963,-10.15434607,-10.28669346,-10.41797725,-10.54808384,-10.67686185,-10.80415672,-10.92987385,-11.05388848,-11.1760638,-11.29631013,-11.41452405,-11.53062546,-11.64451296,-11.75610592,-11.86532779,-11.9721398,-12.07645725,-12.17826006,-12.27749813,-12.37416218,-12.46824569,-12.55979567,-12.64877627,-12.73526187,-12.81930077,-12.90098085,-12.98035668,-13.05753152,-13.13261706,-13.20571444,-13.27690645,-13.34633547,-13.41409905,-13.48029996,-13.54505835,-13.60845888,-13.67055934,-13.73142561,-13.79119814,-13.84983382,-13.9073976,-13.96388124,-14.01934844,-14.07373515
1,-6.955884408,-6.987775644,-7.020357936,-7.052889609,-7.084723025,-7.115492281,-7.14518122,-7.174035687,-7.202523957,-7.231293331,-7.261186757,-7.293285459,-7.328837116,-7.369180266,-7.415588559,-7.469258546,-7.531154539,-7.60198237,-7.682056243,-7.771180084,-7.868627738,-7.973141822,-8.083049945,-8.196405846,-8.311084644,-8.42508357,-8.536681027,-8.644619424,-8.748250701,-8.847319389,-8.941911302,-9.032282992,-9.118578435,-9.200885446,-9.279097495,-9.352915744,-9.422124847,-9.486110308,-9.544354758,-9.596271412,-9.641249347,-9.678773459,-9.708449848,-9.729986207,-9.742825126,-9.747461369,-9.743025253,-9.729616928,-9.707133634,-9.675761384,-9.63597567,-9.588476834,-9.534267806,-9.474632994,-9.411029067,-9.345015069,-9.278152913,-9.211997755,-9.147812904,-9.086646928,-9.029206905,-8.975716255,-8.925972227,-8.879235983,-8.834401956,-8.789878914,-8.744018649,-8.694878867,-8.64050132,-8.579374999,-8.509846771,-8.430881315,-8.34151806,-8.241381005,-8.130364471,-8.008975447,-7.878072201,-7.739050207,-7.59357831,-7.443580206,-7.290937654,-7.137377737,-6.984432853,-6.833332536,-6.684981166,-6.539976783,-6.398539638,-6.260580997,-6.125858053,-5.993907339,-5.864385436,-5.736953237,-5.61146707,-5.488001608,-5.366848295,-5.248446791,-5.133430465,-5.022503082,-4.916354367,-4.815848292,-4.721467799
1,1.889079353,1.904050362,1.917355094,1.928931555,1.938641768,1.946351768,1.951873287,1.954989022,1.955446065,1.953032436,1.947409586,1.9383414,1.925525335,1.908719844,1.887661727,1.862146962,1.832070839,1.797249749,1.757649895,1.713236286,1.664061665,1.610176901,1.551750179,1.488924613,1.421935065,1.351063598,1.276590845,1.198898716,1.118309702,1.035209894,0.950017117,0.863134186,0.774938744,0.685879852,0.596333693,0.506669336,0.417241229,0.328384053,0.240385348,0.153516512,0.067983332,-0.016029121,-0.098365966,-0.178917646,-0.257573402,-0.334293201,-0.408996892,-0.481626238,-0.55214541,-0.620514036,-0.686672542,-0.75052129,-0.812016666,-0.871030176,-0.927474023,-0.981232757,-1.032216223,-1.080322237,-1.125456942,-1.167588736,-1.206657509,-1.242648669,-1.275563785,-1.305494838,-1.332463417,-1.356649385,-1.378182132,-1.39722478,-1.414028611,-1.428738261,-1.441613109,-1.4528229,-1.462566155,-1.471038844,-1.478436813,-1.484968369,-1.49088051,-1.496373305,-1.501752719,-1.507143742,-1.512779121,-1.518808004,-1.525287096,-1.532218495,-1.53955982,-1.547146551,-1.554759021,-1.562101546,-1.568981242,-1.575050756,-1.580164086,-1.58402096,-1.586556377,-1.58753918,-1.586996433,-1.584881247,-1.581218565,-1.576056086,-1.569514303,-1.561706772,-1.552736643
1,-3.226542159,-3.244648695,-3.262628608,-3.280536707,-3.298390318,-3.316141,-3.334121566,-3.352505488,-3.371572554,-3.391707338,-3.413388868,-3.437111518,-3.463522835,-3.493291739,-3.527214847,-3.566089878,-3.610844955,-3.662307196,-3.721460258,-3.789103952,-3.866069058,-3.953113334,-4.05081801,-4.159695357,-4.280115032,-4.41222354,-4.556058738,-4.71151341,-4.878305765,-5.055958668,-5.243893744,-5.441381855,-5.647514082,-5.861281371,-6.081503731,-6.306939663,-6.536213003,-6.767894877,-7.00047448,-7.232518906,-7.462579465,-7.689339336,-7.911583587,-8.128274193,-8.338529287,-8.541623575,-8.737061292,-8.924472142,-9.103696155,-9.274769651,-9.437925449,-9.593503121,-9.741826089,-9.883593401,-10.01925058,-10.14956575,-10.27509915,-10.39644683,-10.51419016,-10.62872543,-10.74048049,-10.84968408,-10.95649477,-11.06098953,-11.1630972,-11.26268712,-11.35952395,-11.45332087,-11.54375886,-11.63047651,-11.71308304,-11.79122336,-11.86456793,-11.93278608,-11.99559287,-12.05279558,-12.10427062,-12.14990267,-12.18965251,-12.22352755,-12.25159899,-12.2740078,-12.29090691,-12.30243713,-12.30887624,-12.31047974,-12.30755098,-12.3003841,-12.28955564,-12.27526666,-12.25798481,-12.23811961,-12.21603008,-12.19203424,-12.16641613,-12.13939226,-12.1111382,-12.0817672,-12.05139218,-12.01997975,-11.98758651
1,-0.881031522,-0.842743026,-0.80567625,-0.770188619,-0.736624989,-0.705409328,-0.676825694,-0.65108698,-0.6282623,-0.608323486,-0.590933297,-0.576044959,-0.563402119,-0.552842213,-0.544195557,-0.537427111,-0.532359557,-0.529025743,-0.527412743,-0.527356223,-0.52887749,-0.531675199,-0.535458563,-0.54014345,-0.545297196,-0.550807726,-0.556201831,-0.561711466,-0.566655425,-0.570835726,-0.573776305,-0.574777809,-0.573006488,-0.567524589,-0.557310464,-0.541333488,-0.518623827,-0.488366702,-0.450010315,-0.403364447,-0.348635053,-0.286619633,-0.218530184,-0.145889603,-0.070527149,0.005889871,0.081722273,0.155481038,0.22612657,0.292858466,0.355201225,0.413038041,0.466346758,0.515507341,0.560795439,0.602609219,0.641313171,0.677238472,0.710688835,0.742052208,0.771813623,0.800532908,0.828929368,0.857938776,0.88872634,0.922699357,0.961520176,1.006994254,1.060912633,1.124956666,1.20048379,1.288421046,1.389110905,1.502270847,1.626707644,1.760589722,1.901532721,2.046610398,2.192688159,2.336564816,2.475215846,2.605946298,2.726596719,2.835506478,2.931748632,3.014916415,3.085265491,3.143606129,3.191327775,3.230274039,3.262503733,3.290284758,3.315720978,3.34083203,3.367311679,3.39643107,3.429259749,3.466113234,3.506841854,3.550779945,3.596558272
1,5.096492416,5.206194841,5.322498972,5.444118543,5.569880843,5.698782768,5.829913988,5.962605036,6.096403293,6.231022761,6.366401613,6.502553924,6.639736394,6.777736601,6.916931678,7.057172452,7.198390786,7.340456076,7.4831719,7.62637757,7.769912262,7.913658237,8.057483865,8.20120424,8.344575872,8.487212085,8.628658312,8.768419075,8.905921357,9.040551455,9.171673221,9.298546873,9.420516353,9.536864083,9.646868317,9.749808791,9.845489242,9.933269046,10.01299314,10.08445309,10.14756866,10.20241109,10.2490507,10.28757507,10.31800017,10.34022333,10.35409555,10.35915853,10.35522225,10.34152872,10.31758294,10.28281497,10.2368666,10.17949191,10.11077289,10.03141272,9.941552794,9.8431923,9.735733482,9.621477909,9.500748676,9.374636112,9.243907838,9.109484126,8.972460063,8.834112068,8.69483728,8.557106053,8.421458992,8.289693034,8.163697988,8.045061128,7.936117807,7.839151189,7.756574503,7.68976154,7.64123314,7.611978741,7.602242474,7.611370408,7.63940298,7.684652776,7.745771339,7.821113202,7.908226115,8.005616846,8.110905442,8.222812961,8.339297132,8.458965519,8.580483069,8.702765712,8.824847322,8.945788978,9.064677593,9.180392829,9.29200196,9.398644681,9.499518224,9.593784559,9.681162703
1,10.31884215,10.38137909,10.42109116,10.4410174,10.44462907,10.43639092,10.42013419,10.39954765,10.37850425,10.35932335,10.34429387,10.33438196,10.32996023,10.33075548,10.33596146,10.34436674,10.35456525,10.36517747,10.37417141,10.38044793,10.38252046,10.37925877,10.36984837,10.3537289,10.3307156,10.3009063,10.26458378,10.22245356,10.17494557,10.12291931,10.06708677,10.00792551,9.945970417,9.881239348,9.813965532,9.74393804,9.670923945,9.59451692,9.514315762,9.429816283,9.340504287,9.245859717,9.145425358,9.03873636,8.925390551,8.805062581,8.677470815,8.542402634,8.399764589,8.24945124,8.091463597,7.925785777,7.752448368,7.571565737,7.383213212,7.187551824,6.984862292,6.775392012,6.559494744,6.337656988,6.110358491,5.878251459,5.641999366,5.402463501,5.160464996,4.917009721,4.67302131,4.429583889,4.187710954,3.948458778,3.712765394,3.481561305,3.255606976,3.035599062,2.822019253,2.615288546,2.415587559,2.223114302,2.037917354,1.860187345,1.690161219,1.528351921,1.375227013,1.231798502,1.099155314,0.978064121,0.869764133,0.774976623,0.694672923,0.628388871,0.576517278,0.538139755,0.512084776,0.496628989,0.489831551,0.489490377,0.49353059,0.499979839,0.507114935,0.513760829,0.518785638
1,8.609854459,8.543869542,8.475201325,8.404223951,8.331317614,8.256869358,8.181235021,8.104789465,8.027877555,7.950851573,7.874012634,7.797660865,7.722088133,7.647566975,7.574363155,7.502711905,7.433077305,7.365113266,7.299679032,7.236671062,7.176368764,7.118995146,7.064772565,7.013908956,6.96660753,6.923033209,6.883354156,6.847725068,6.816281657,6.789127224,6.766333807,6.747989247,6.734103752,6.724684232,6.719718397,6.719183408,6.722985561,6.731033047,6.743258412,6.759535056,6.779795055,6.803714371,6.831420662,6.862621768,6.89721768,6.935046862,6.976100208,7.019979521,7.066764131,7.116226809,7.168301047,7.222810129,7.279637435,7.338649894,7.399749113,7.462820049,7.527767285,7.594511823,7.662981904,7.733126672,7.804910941,7.878322751,7.953362194,8.030048347,8.108412577,8.188479454,8.270300486,8.353891512,8.439284117,8.526502899,8.615546288,8.706398918,8.799036673,8.893404545,8.989426527,9.087021435,9.186064262,9.286434409,9.387965938,9.490470117,9.593753151,9.697581949,9.801703131,9.905835172,10.00968893,10.11294594,10.21528615,10.31636989,10.41584519,10.51336462,10.60857626,10.7011141,10.79064087,10.87680509,10.959283,11.03772968,11.11184081,11.18128541,11.24573963,11.30518504,11.35906916
1,-6.506880121,-6.558212847,-6.594394308,-6.61507897,-6.621788645,-6.614440892,-6.594321377,-6.562367024,-6.519266074,-6.466047913,-6.402991756,-6.33039962,-6.248289422,-6.156211178,-6.053524001,-5.940070533,-5.815186206,-5.678316558,-5.529602905,-5.369358823,-5.198388683,-5.017942947,-4.829671368,-4.636324056,-4.440322756,-4.244923811,-4.053374711,-3.868923795,-3.694701186,-3.533722307,-3.388623458,-3.261878155,-3.155414904,-3.070965482,-3.009537605,-2.972367826,-2.96031081,-2.973372961,-3.011851541,-3.075775957,-3.16394368,-3.275214071,-3.407611019,-3.558674201,-3.725299663,-3.904233665,-4.091933822,-4.284151524,-4.47723826,-4.666807771,-4.850556912,-5.024314406,-5.185859308,-5.333055302,-5.464741556,-5.579803716,-5.678448296,-5.760091744,-5.825865132,-5.876676413,-5.913890593,-5.938956026,-5.953725752,-5.959969378,-5.959720692,-5.954861155,-5.947160291,-5.938499744,-5.930525001,-5.924934828,-5.922470667,-5.924230571,-5.930712894,-5.941653835,-5.956520618,-5.974791923,-5.995424409,-6.017263256,-6.039566837,-6.061297343,-6.081801588,-6.100220553,-6.116001634,-6.128521802,-6.137299106,-6.141962196,-6.142203071,-6.13785673,-6.128950371,-6.115322355,-6.097728669,-6.077173892,-6.053844041,-6.02910863,-6.003997478,-5.979887161,-5.958027169,-5.93958971,-5.925861413,-5.917531951,-5.915827495
1,-2.305358393,-2.379015939,-2.459537041,-2.251938285,-1.707342254,-1.09988323,-0.621838386,-0.209536207,0.192248241,0.488256764,0.612056239,0.640797947,0.728468703,0.919206939,1.102728067,1.204952608,1.316788979,1.520370849,1.777268325,2.047565961,2.270782387,2.344962565,2.221681714,1.983264893,1.779803625,1.623278246,1.362937729,1.020455075,0.716810798,0.416948653,0.087456384,-0.206662159,-0.340740686,-0.303803305,-0.286580968,-0.43063734,-0.738247148,-1.170737251,-1.650890186,-2.198055416,-2.861315581,-3.490471881,-4.049749163,-4.766576067,-5.654617726,-6.437651406,-7.00393532,-7.414715765,-7.700407598,-8.04177199,-8.616722871,-9.212965471,-9.648816389,-10.03390172,-10.33029572,-10.37504861,-10.16472004,-9.83277893,-9.474748102,-9.100152811,-8.802845146,-8.754332882,-8.942658356,-9.14901415,-9.230754718,-9.234216601,-9.248439871,-9.284203263,-9.287440685,-9.216638932,-9.10449919,-9.014924522,-8.929935741,-8.787677232,-8.583568932,-8.36074309,-8.148644063,-7.939788385,-7.73080489,-7.55907494,-7.457383772,-7.412406839,-7.388249229,-7.333657446,-7.203049148,-6.95351589,-6.633613447,-6.502634759,-6.75384957,-7.167442729,-7.340655842,-7.204609981,-6.937184244,-6.582049688,-6.116983836,-5.669193404,-5.421332661,-5.430509139,-5.629544695,-5.875916884,-6.034275691
1,-2.245392113,-2.137500963,-2.031057434,-1.926595075,-1.824618819,-1.72557773,-1.629853228,-1.537763042,-1.449558827,-1.365441769,-1.285530879,-1.209894919,-1.138572176,-1.071537629,-1.008764015,-0.950151212,-0.89559828,-0.844971964,-0.798160903,-0.754998983,-0.715349774,-0.679089785,-0.64604985,-0.616111058,-0.589199948,-0.565103637,-0.543836012,-0.525190535,-0.509187782,-0.495807178,-0.485051036,-0.476906332,-0.471406738,-0.468629721,-0.46865014,-0.471637592,-0.477708741,-0.487059242,-0.499813251,-0.51629492,-0.53664277,-0.561171027,-0.590149851,-0.623836381,-0.662526821,-0.706470045,-0.755948449,-0.811177357,-0.872437093,-0.939910932,-1.013687976,-1.094004826,-1.180843416,-1.274264805,-1.374217541,-1.480627228,-1.593318565,-1.712071639,-1.836629296,-1.966644775,-2.101724852,-2.241450983,-2.385325466,-2.532852551,-2.683469835,-2.83660171,-2.991684114,-3.148115927,-3.305279272,-3.462587872,-3.619440675,-3.775263829,-3.929504094,-4.08160738,-4.231076996,-4.377442174,-4.520253637,-4.659092898,-4.793621784,-4.923516038,-5.048487112,-5.168308528,-5.282805232,-5.391798891,-5.495179732,-5.592863935,-5.68478744,-5.770921322,-5.851251315,-5.925784734,-5.994558326,-6.05759928,-6.114964248,-6.1667507,-6.212946657,-6.253811424,-6.289319852,-6.319587308,-6.344845142,-6.365128599,-6.38058135
1,2.650544137,2.625386116,2.63070573,2.633388346,2.612416237,2.568865908,2.521488689,2.485247481,2.45917976,2.439215265,2.437735781,2.482561608,2.595745051,2.776020892,2.999681088,3.228089119,3.416433672,3.526888005,3.542471327,3.472685502,3.347849427,3.209542463,3.100876477,3.056206124,3.089544043,3.189909927,3.325922568,3.459226944,3.55696387,3.598608764,3.579975464,3.513237708,3.422107718,3.329431938,3.24444122,3.16142073,3.069199915,2.963101597,2.850370953,2.748900421,2.678662445,2.649989875,2.660209672,2.696179391,2.739532744,2.772574233,2.781844156,2.757407944,2.693483261,2.593092287,2.471903725,2.353091202,2.255823128,2.187057413,2.145631813,2.130073724,2.13973288,2.16959038,2.208095321,2.243063714,2.267460493,2.278812808,2.275933414,2.256449176,2.217451778,2.158366327,2.085201702,2.008425151,1.940522945,1.892877409,1.870724606,1.867670832,1.862925783,1.830737501,1.75478959,1.637823239,1.499495753,1.367620912,1.267257301,1.213538055,1.208251826,1.240339475,1.289074201,1.329563855,1.341541454,1.316658656,1.259950374,1.186569728,1.116391974,1.068724402,1.056945282,1.083809181,1.139092451,1.204342032,1.262834688,1.307500539,1.344388793,1.388450114,1.454002496,1.54115185,1.630045287
1,-1.954698903,-1.963282988,-1.972414803,-1.982070056,-1.992266534,-2.002963624,-2.014169953,-2.025868707,-2.038055004,-2.050698847,-2.063806005,-2.077316807,-2.09125105,-2.105599129,-2.120305242,-2.135388439,-2.150848992,-2.166612213,-2.182734889,-2.199172246,-2.215930882,-2.233008816,-2.250414711,-2.268143257,-2.286173933,-2.304547364,-2.323271752,-2.342353346,-2.361770125,-2.381568352,-2.401738322,-2.422316426,-2.443282147,-2.464660978,-2.486487954,-2.508741603,-2.531459922,-2.554602187,-2.578266415,-2.602382033,-2.626998828,-2.65210171,-2.677684349,-2.703785568,-2.730356692,-2.757407278,-2.784939221,-2.812900672,-2.841301212,-2.870117345,-2.899288243,-2.928789925,-2.958593053,-2.988617224,-3.018840079,-3.049193172,-3.079580785,-3.109972854,-3.14028634,-3.170435658,-3.200341179,-3.229938135,-3.259118343,-3.287803263,-3.31589915,-3.343371645,-3.370076291,-3.395993096,-3.421000797,-3.445015483,-3.468042513,-3.48992132,-3.510641363,-3.530156084,-3.548358637,-3.565265384,-3.580795013,-3.594907736,-3.607583408,-3.618770678,-3.628507072,-3.636721931,-3.64344209,-3.648656675,-3.652364912,-3.654578539,-3.655309634,-3.65457862,-3.652416337,-3.648822399,-3.643837729,-3.637506239,-3.629819633,-3.620831123,-3.610519679,-3.598939953,-3.586129959,-3.57209367,-3.556819723,-3.540364173,-3.522732636
