0,-12.93482587,-12.8569967,-12.76031291,-12.64512408,-12.51052154,-12.35685796,-12.18485097,-11.99574356,-11.79104013,-11.57286685,-11.34267215,-11.1032657,-10.85606258,-10.60307148,-10.34587812,-10.08570878,-9.823488214,-9.559924349,-9.295516678,-9.030528014,-8.765141101,-8.499433611,-8.233484366,-7.967385871,-7.701276594,-7.435315675,-7.169661577,-6.904411113,-6.639494498,-6.37474457,-6.110507126,-5.844616399,-5.577161831,-5.306705819,-5.031511182,-4.749945706,-4.460376485,-4.161360014,-3.851665254,-3.530425277,-3.197187177,-2.851954987,-2.4952006,-2.127809243,-1.751043075,-1.366460169,-0.975750726,-0.580842293,-0.183530904,0.214485512,0.61113624,1.005507077,1.39575988,1.781381331,2.161422391,2.53533769,2.902743956,3.263344991,3.617099526,3.964052319,4.304317506,4.638090105,4.965650091,5.287273946,5.603319509,5.914223267,6.220441988,6.52240173,6.820485796,7.115064395,7.406501101,7.694984405,7.980544671,8.263098924,8.54217226,8.8171509,9.087061453,9.350696727,9.606476639,9.852424174,10.08632815,10.30511555,10.50797761,10.68991121,10.84907857,10.98234986,11.087991,11.16171972,11.20496295,11.21364622,11.18866038,11.12804389,11.03603571,10.91454071,10.76434268,10.59034093,10.39837349,10.19301537,9.979845206,9.765198662,9.554940479
0,-3.691555269,-3.534255299,-3.349581484,-3.136999244,-2.896792814,-2.630222713,-2.339676891,-2.028880256,-1.702836812,-1.367635161,-1.030067421,-0.697386831,-0.376455453,-0.073720546,0.205865675,0.458812749,0.683630473,0.879995937,1.049605212,1.195194777,1.319988913,1.427413538,1.520497257,1.60211259,1.67349405,1.735499252,1.787298411,1.827717136,1.855013903,1.867491923,1.86350419,1.842385735,1.804045258,1.749574709,1.680683293,1.60035556,1.512340698,1.421134692,1.33156656,1.249010644,1.178773144,1.127702382,1.097504822,1.095358591,1.124908872,1.18997345,1.293354632,1.437182759,1.62406564,1.853318786,2.126148857,2.441830077,2.799226454,3.197031028,3.629825975,4.097408759,4.594051503,5.115449035,5.657085646,6.213922045,6.7807371,7.352171191,7.923234998,8.488826675,9.044100433,9.58479586,10.1073723,10.60932978,11.08894872,11.54556551,11.9792225,12.39081412,12.78187318,13.15397541,13.50914143,13.84907639,14.17547586,14.48964665,14.79237125,15.08408747,15.3648666,15.63439557,15.89197723,16.13666992,16.3670644,16.58148181,16.77777234,16.95331403,17.10526233,17.23069771,17.32670278,17.39084535,17.42116688,17.41939865,17.38367091,17.31725826,17.22395353,17.10851965,16.97661154,16.83454829,16.68845948
0,-4.247299307,-4.343272564,-4.433516172,-4.511815562,-4.572181308,-4.609535301,-4.618792409,-4.59467332,-4.541981749,-4.452490235,-4.329198966,-4.177727582,-3.9977366,-3.795505304,-3.576373039,-3.346176956,-3.111340272,-2.877970329,-2.65260402,-2.441727759,-2.248280669,-2.079548602,-1.938793214,-1.829115598,-1.752889008,-1.712103693,-1.705726652,-1.735917221,-1.801472825,-1.900755832,-2.032235055,-2.193582422,-2.38071137,-2.592732251,-2.824951715,-3.073941016,-3.336391282,-3.608773084,-3.887489915,-4.169217475,-4.450328622,-4.728224667,-4.999069249,-5.260707139,-5.510258046,-5.745083961,-5.962504922,-6.160345635,-6.336744709,-6.488699419,-6.615910127,-6.715050151,-6.785628109,-6.826137947,-6.833693954,-6.811246261,-6.753974499,-6.66228196,-6.535947804,-6.373818258,-6.175862972,-5.941538771,-5.671042654,-5.363015508,-5.019691325,-4.639623201,-4.22407512,-3.774048569,-3.290602025,-2.774994893,-2.228881655,-1.654399827,-1.053963372,-0.430002025,0.21480726,0.877427579,1.554614711,2.242900718,2.938489878,3.637774869,4.337001968,5.032005148,5.718584743,6.392741204,7.050526638,7.688070198,8.30145091,8.887224551,9.442293117,9.963810814,10.44938289,10.8959558,11.30427301,11.67078889,11.99811826,12.28520382,12.53349103,12.74502181,12.92161887,13.06758986,13.18496436
0,-11.79292197,-11.58448136,-11.36086856,-11.1294813,-10.90213219,-10.68959705,-10.50226432,-10.3502226,-10.2411697,-10.1794118,-10.17070914,-10.21813829,-10.31873982,-10.47370343,-10.68019109,-10.93458517,-11.23288919,-11.57082818,-11.94357651,-12.3465147,-12.7747999,-13.22345995,-13.68776718,-14.1630789,-14.64494648,-15.12927879,-15.61224736,-16.09049115,-16.5610653,-17.02166003,-17.47053659,-17.90666462,-18.32964693,-18.73973499,-19.13777035,-19.52507731,-19.90339872,-20.27449711,-20.64021861,-21.00199962,-21.3609949,-21.71753729,-22.07133659,-22.42130901,-22.76556433,-23.10153702,-23.42600531,-23.73541487,-24.02598744,-24.29415231,-24.53629222,-24.74915171,-24.93005326,-25.07771094,-25.19078327,-25.26865216,-25.31197236,-25.32187157,-25.30016447,-25.24834773,-25.16891012,-25.06477964,-24.93874546,-24.79111561,-24.62514058,-24.44232398,-24.24403231,-24.03126472,-23.80482282,-23.56505651,-23.3122843,-23.04664575,-22.76863199,-22.47853391,-22.17754478,-21.86759802,-21.55070597,-21.22993101,-20.90863923,-20.59057102,-20.27959718,-19.97944794,-19.69356807,-19.42494592,-19.176088,-18.94941067,-18.74603893,-18.5683832,-18.41724464,-18.29487539,-18.20037925,-18.13553841,-18.09978823,-18.09194846,-18.11101642,-18.15419686,-18.21775895,-18.29895604,-18.39291295,-18.49503866,-18.60113495
0,3.940449673,4.194006501,4.586517746,5.11509366,5.748768288,6.450863688,7.151186729,7.754038486,8.197917802,8.462679169,8.564164429,8.548018686,8.487440562,8.450605765,8.446542564,8.44726423,8.418496249,8.340959316,8.214077433,8.072148329,7.942615158,7.837711678,7.77263607,7.742430138,7.732921176,7.714984482,7.675466892,7.63156658,7.580141004,7.544464317,7.533041852,7.548023441,7.586029799,7.6096559,7.606873332,7.591659686,7.568988237,7.530859439,7.472664693,7.40636032,7.346913119,7.307323323,7.296215744,7.319743794,7.359575013,7.388012277,7.389486378,7.355401989,7.279505386,7.164844993,7.037828251,6.927672244,6.851793295,6.818985062,6.837649639,6.904786405,7.013597748,7.132200217,7.243179503,7.349691304,7.463899806,7.588514874,7.70725406,7.810376373,7.916734946,8.039697529,8.169555953,8.28465116,8.385313478,8.490797922,8.606731188,8.723889652,8.845417254,8.983525503,9.137802394,9.300194474,9.467632369,9.639157036,9.816950787,9.998057052,10.18884217,10.39702154,10.62679827,10.8674205,11.10574241,11.33724875,11.56627194,11.78871014,12.00843309,12.2372166,12.49597523,12.81268271,13.19433652,13.59092542,13.9494162,14.27908257,14.63389376,15.01011972,15.35461138,15.61980574,15.74660935
0,-18.90826749,-18.94190497,-18.9294932,-18.86265128,-18.75500891,-18.59850172,-18.40460421,-18.1823998,-17.9429628,-17.70044217,-17.47226894,-17.26218509,-17.09321876,-16.97619236,-16.9144535,-16.92317742,-16.99439368,-17.13891034,-17.34796344,-17.61921342,-17.9342542,-18.28987787,-18.66907072,-19.05669096,-19.43840849,-19.80015867,-20.12854849,-20.40927008,-20.64199767,-20.81152731,-20.91115357,-20.95465894,-20.92625533,-20.83772108,-20.69068529,-20.48726262,-20.24017943,-19.94783896,-19.62030075,-19.25839231,-18.86892113,-18.45551307,-18.02006701,-17.56429741,-17.09005451,-16.59795141,-16.08807828,-15.56038973,-15.01480403,-14.4505481,-13.86695155,-13.2637263,-12.63951415,-11.99555037,-11.33149841,-10.64863394,-9.948958833,-9.2352906,-8.511560795,-7.782353538,-7.052566309,-6.327593217,-5.612908146,-4.913428631,-4.233603718,-3.577099595,-2.946492806,-2.342929475,-1.766399779,-1.21588182,-0.689354809,-0.184004682,0.303616584,0.777450849,1.24130842,1.698561063,2.15200238,2.6039103,3.055184962,3.505281206,3.952302113,4.393077451,4.822824859,5.235582389,5.62442537,5.981686035,6.300052983,6.570192414,6.789095168,6.948965116,7.048917966,7.085024806,7.064176344,6.990211464,6.869868511,6.714489414,6.540390513,6.356076281,6.179074619,6.019900384,5.887873229
0,-19.13039769,-19.00084133,-18.83176647,-18.62662831,-18.38982577,-18.12667047,-17.84317215,-17.54584791,-17.24146402,-16.93678363,-16.6382879,-16.35167387,-16.08215332,-15.83459648,-15.6110727,-15.41435754,-15.24548554,-15.10173472,-14.98515293,-14.89201716,-14.81975699,-14.76512499,-14.72452887,-14.69429632,-14.67078974,-14.65054766,-14.63051483,-14.60795312,-14.58061002,-14.54760403,-14.50647993,-14.45708895,-14.39967062,-14.3332707,-14.25904531,-14.17716498,-14.08817429,-13.99085097,-13.88804727,-13.77740763,-13.6582591,-13.52940566,-13.38858323,-13.23255768,-13.06176674,-12.86507742,-12.64514905,-12.39478273,-12.1096257,-11.78507136,-11.41700691,-11.00164271,-10.53559599,-10.01421738,-9.437581521,-8.80215812,-8.106941797,-7.351578298,-6.536588717,-5.6633526,-4.73418856,-3.752610006,-2.723061043,-1.651903961,-0.544873729,0.588536138,1.741294111,2.903543649,4.06566899,5.217825902,6.350194263,7.453749646,8.520158707,9.541989251,10.51308887,11.42833856,12.28398933,13.07739414,13.80674672,14.47167915,15.07188797,15.60799156,16.08126496,16.49225554,16.84526394,17.14043724,17.38059517,17.56845847,17.70398205,17.79832172,17.84653087,17.85440617,17.82612724,17.76549643,17.6767876,17.56438318,17.43285959,17.28687517,17.13061849,16.96894638,16.80632251
0,4.053982932,3.881029952,3.71701215,3.572379921,3.45397362,3.366976702,3.313772763,3.293986647,3.304911386,3.341752067,3.397285729,3.465582954,3.538194246,3.607340631,3.665293126,3.704710023,3.718699276,3.699424876,3.643629859,3.544907244,3.399562779,3.204591518,2.958467073,2.660715165,2.312898354,1.916882821,1.474990217,0.992728325,0.474166621,-0.07567458,-0.651540911,-1.248149273,-1.860253506,-2.482838134,-3.110965649,-3.739697555,-4.364151499,-4.979326113,-5.580042183,-6.160919781,-6.716429951,-7.240972026,-7.728953438,-8.174144724,-8.575865937,-8.923060419,-9.215224433,-9.447603308,-9.616930164,-9.720539958,-9.755987024,-9.717943492,-9.602843822,-9.412993092,-9.14149017,-8.788226221,-8.352462984,-7.834917839,-7.235542771,-6.559152478,-5.816067787,-5.005254862,-4.139159752,-3.227564703,-2.281648364,-1.313513774,-0.335503197,0.640177107,1.602001717,2.539821139,3.44504109,4.310830434,5.132275122,5.906308453,6.631590855,7.308308262,7.937953439,8.52329616,9.067883527,9.575967835,10.05191719,10.50021527,10.92460467,11.3283705,11.71312844,12.07926856,12.42549972,12.74940791,13.04639317,13.31310585,13.54244773,13.72983114,13.87065506,13.96144038,14.00182169,13.99323963,13.93981663,13.8473055,13.72473044,13.58214815,13.42897849
0,-16.01651071,-16.15582628,-16.29213712,-16.42579677,-16.55825741,-16.69073518,-16.82541121,-16.96516921,-17.11252254,-17.27001254,-17.44003472,-17.62381448,-17.82177304,-18.03324319,-18.25643476,-18.48836406,-18.72512559,-18.96223963,-19.19484805,-19.41815467,-19.62783376,-19.82013761,-19.99256773,-20.14168673,-20.27201555,-20.38123064,-20.47242878,-20.55005472,-20.61837712,-20.68243958,-20.74720939,-20.81885967,-20.90280062,-21.00333699,-21.12444296,-21.26933911,-21.43973919,-21.63582905,-21.85561882,-22.09576797,-22.35167504,-22.61334953,-22.87424088,-23.12361641,-23.34985953,-23.54156805,-23.68428723,-23.7702256,-23.78675702,-23.72195136,-23.5681334,-23.31813314,-22.96682543,-22.51131442,-21.95131332,-21.28925123,-20.53004536,-19.68437293,-18.75904974,-17.76579332,-16.71750618,-15.62602795,-14.50324099,-13.35854306,-12.20060399,-11.03585148,-9.868928858,-8.702893331,-7.539379967,-6.379286983,-5.222750938,-4.069731043,-2.920571836,-1.776401971,-0.639213257,0.48787988,1.600238135,2.692352439,3.7573303,4.787551435,5.775110893,6.711701603,7.589320155,8.400394297,9.137803656,9.796006167,10.37005682,10.85774065,11.25531371,11.56645452,11.78999326,11.92983399,11.99216265,11.98581526,11.91446802,11.79082332,11.62509652,11.42746542,11.20902201,10.98038386,10.75145001
0,-10.66017916,-10.5391652,-10.38778391,-10.20902644,-10.00630986,-9.782726867,-9.546851445,-9.30224812,-9.056118325,-8.814931502,-8.584905222,-8.371834583,-8.18089186,-8.016135383,-7.880352826,-7.776879289,-7.70613548,-7.670513185,-7.665489421,-7.690923826,-7.746322977,-7.826971788,-7.929928167,-8.050300476,-8.185833299,-8.331166034,-8.483014197,-8.637226744,-8.790478957,-8.939845046,-9.082248066,-9.215317493,-9.336932178,-9.445343495,-9.539022435,-9.615981813,-9.67606672,-9.717603454,-9.739639542,-9.741271103,-9.721301815,-9.679363699,-9.613947896,-9.52201484,-9.407910586,-9.265815411,-9.096754668,-8.900116607,-8.674125393,-8.420929534,-8.138407743,-7.827475816,-7.488619991,-7.122645441,-6.730624799,-6.314067314,-5.874715533,-5.414495355,-4.935587394,-4.440409533,-3.931433048,-3.411406081,-2.883111338,-2.349356197,-1.812985375,-1.276854136,-0.743792337,-0.216651076,0.301740621,0.808540617,1.301014292,1.776503051,2.232543657,2.666902821,3.077647643,3.463052993,3.822141936,4.152678766,4.458150628,4.735634302,4.987175105,5.214258169,5.41872942,5.602955265,5.769423387,5.920873521,6.060073351,6.189795037,6.312747203,6.431412922,6.547945527,6.664371063,6.782604759,6.903637912,7.028581218,7.157962598,7.291832114,7.429969172,7.572076616,7.716754266,7.86425681
0,-29.70540646,-29.64012424,-29.53945199,-29.40318276,-29.23331386,-29.03226901,-28.80374856,-28.55178297,-28.28070709,-27.99485239,-27.69865076,-27.39551834,-27.08825831,-26.77925512,-26.46945662,-26.15908943,-25.8472839,-25.53337665,-25.21501467,-24.890045,-24.55649279,-24.21252704,-23.85635174,-23.48754897,-23.10569219,-22.71184365,-22.30692136,-21.89350497,-21.47423564,-21.05217742,-20.6300599,-20.2106951,-19.79642051,-19.38922207,-18.98997726,-18.59858822,-18.21430152,-17.8353017,-17.45894997,-17.08214862,-16.70117082,-16.31233218,-15.91191908,-15.49584226,-15.06145202,-14.60550491,-14.12578381,-13.62043216,-13.08823797,-12.5287421,-11.94179238,-11.32817449,-10.68930316,-10.02736415,-9.345367398,-8.647093261,-7.937029318,-7.220383501,-6.502775627,-5.789999922,-5.087964315,-4.402255186,-3.737889103,-3.099267146,-2.489872309,-1.912307471,-1.368026678,-0.857907121,-0.381768233,0.061137024,0.471925365,0.851914145,1.202281944,1.524357666,1.819459904,2.087623416,2.32907939,2.543825174,2.731495632,2.892380071,3.02535673,3.131433371,3.210957809,3.26501928,3.29545784,3.30445396,3.294679478,3.269150843,3.23098094,3.18324715,3.128990178,3.070787209,3.011010555,2.951419224,2.893242468,2.837194472,2.783648573,2.732530056,2.682942643,2.634201319,2.58530448
0,-4.21922232,-4.191451175,-4.146801859,-4.078816848,-3.98068021,-3.85180033,-3.691665384,-3.504894142,-3.299893804,-3.083826124,-2.87079301,-2.675946848,-2.504807904,-2.373380033,-2.291326859,-2.267649768,-2.302897959,-2.401430298,-2.562338165,-2.782702527,-3.054711691,-3.370594532,-3.718769157,-4.087231556,-4.462656753,-4.833111586,-5.180140272,-5.491527762,-5.764592006,-5.975819885,-6.122904282,-6.203675894,-6.209180715,-6.141717566,-6.003156648,-5.799885549,-5.53809382,-5.225529316,-4.871487773,-4.488651488,-4.080863063,-3.65804298,-3.229451943,-2.79380648,-2.360469902,-1.928275282,-1.497970508,-1.068065918,-0.636758995,-0.200942387,0.242759996,0.69818202,1.169270172,1.659669371,2.172779203,2.710995771,3.276228751,3.87016385,4.493965529,5.148021059,5.83159993,6.542897305,7.278795961,8.035139014,8.806357562,9.58572749,10.365621,11.13801731,11.89513528,12.62974189,13.33488815,14.00667258,14.63999569,15.2325733,15.78308955,16.29112865,16.75716436,17.1824409,17.56867606,17.91793432,18.23252396,18.51486786,18.767497,18.99286316,19.19336478,19.37127472,19.52879134,19.66794394,19.79058317,19.89825651,19.99247897,20.07468562,20.14551462,20.20527993,20.25620078,20.29633876,20.32957917,20.35513621,20.37521956,20.39197089,20.40758541
0,0.670492704,0.481487951,0.364864556,0.332160603,0.398646542,0.553247674,0.804903348,1.141098222,1.547604896,2.006169694,2.495284577,2.99272073,3.475528182,3.921365286,4.310123673,4.629478361,4.859228985,4.995844163,5.032995057,4.972543642,4.814796204,4.568220745,4.246239707,3.862359629,3.430260903,2.967511255,2.490174841,2.013217633,1.549809851,1.110782306,0.704328595,0.335801599,0.00867659,-0.276334381,-0.520833662,-0.725184096,-0.891072152,-1.023742318,-1.125003194,-1.195411889,-1.240390441,-1.258161401,-1.250682938,-1.217758008,-1.159239412,-1.073861343,-0.959542656,-0.81645924,-0.643316914,-0.438120389,-0.200157641,0.069110576,0.371713496,0.706488107,1.07344748,1.472534705,1.903222789,2.366388247,2.857137057,3.380159604,3.929128273,4.505645229,5.106358658,5.728546943,6.369422305,7.025995234,7.694869485,8.372310259,9.054188403,9.736451422,10.41512987,11.08627489,11.74606306,12.39091827,13.01785058,13.62456038,14.20936152,14.77116217,15.30957039,15.82473717,16.31740353,16.78852762,17.23894096,17.66949152,18.08075573,18.47276405,18.84493882,19.1959268,19.52364253,19.82555268,20.09865506,20.34001177,20.54615017,20.71739353,20.85082216,20.94788653,21.01112819,21.04617149,21.05683343,21.05074778,21.03338997
0,1.836993782,1.807341292,1.792067224,1.796206134,1.821965155,1.870227491,1.945166218,2.047520064,2.166411696,2.304455712,2.449712848,2.594827647,2.732489906,2.853848262,2.950520207,3.014994814,3.039232672,3.021606643,2.949141275,2.83033234,2.651096466,2.416546984,2.126697331,1.783387945,1.39022855,0.952978407,0.476466185,-0.025755997,-0.552425379,-1.091488815,-1.633388163,-2.169034496,-2.690169001,-3.189682015,-3.656045627,-4.092342769,-4.485024065,-4.835074783,-5.138581442,-5.392587007,-5.598083519,-5.749706925,-5.853587072,-5.900383739,-5.898362704,-5.842233573,-5.731011563,-5.567210986,-5.349353279,-5.07858234,-4.754587403,-4.384007024,-3.962284913,-3.496627768,-2.989540258,-2.444158649,-1.866602159,-1.262407779,-0.636349606,0.005338294,0.656587903,1.312228737,1.966640585,2.614950001,3.253411828,3.878473648,4.487207792,5.077960349,5.649286629,6.200513538,6.732335238,7.244832829,7.738900857,8.216931627,8.680487322,9.129906339,9.571243478,10.00510715,10.43326079,10.85880838,11.28397818,11.71008292,12.13806645,12.56841779,13.00021427,13.43173404,13.86087124,14.28420254,14.69735159,15.09697917,15.47591791,15.83159981,16.15821648,16.45218288,16.71076016,16.92826369,17.11029172,17.25135379,17.35564495,17.42662062,17.46571762
0,-6.305816417,-6.454567132,-6.553556568,-6.606207715,-6.604839681,-6.552836325,-6.452066665,-6.308374043,-6.129571239,-5.925636055,-5.704962736,-5.480955222,-5.262294616,-5.058907608,-4.879819437,-4.732960321,-4.622931931,-4.554247119,-4.529828641,-4.543819848,-4.600819429,-4.69858106,-4.826009544,-4.98319645,-5.160655788,-5.354104654,-5.555470881,-5.75888992,-5.956870818,-6.145061064,-6.320483123,-6.476701049,-6.612836661,-6.723670723,-6.814162062,-6.879820579,-6.920967857,-6.937826081,-6.930667264,-6.899905346,-6.844591439,-6.763931212,-6.657343958,-6.522585683,-6.359637745,-6.165251026,-5.939795024,-5.679206758,-5.384620984,-5.054444033,-4.687979711,-4.287787252,-3.852801943,-3.385985468,-2.890213581,-2.368537361,-1.824558361,-1.262908916,-0.688824061,-0.106966881,0.47747929,1.058545218,1.631139571,2.190535423,2.731459749,3.249474173,3.741412418,4.203648575,4.631767868,5.028017202,5.389624609,5.715535008,6.00674176,6.265163284,6.492609716,6.690834101,6.862290917,7.009180814,7.13489022,7.240224263,7.327294306,7.396307134,7.44761642,7.481026232,7.493892657,7.485741175,7.45492564,7.39627668,7.310422446,7.193721866,7.046907389,6.868494381,6.662165238,6.430922116,6.180308487,5.915844171,5.645068813,5.376574037,5.119217151,4.881967298,4.668633067
0,-5.033523454,-4.942490634,-4.845190745,-4.748260975,-4.659197456,-4.585758249,-4.534972701,-4.513613328,-4.527126207,-4.580390497,-4.675035946,-4.812648314,-4.990803794,-5.207593575,-5.45964344,-5.741824097,-6.049290585,-6.376556555,-6.718312738,-7.069585946,-7.425850117,-7.783129475,-8.137981101,-8.487519583,-8.829181442,-9.160789814,-9.480200844,-9.785282811,-10.07383786,-10.34343613,-10.59147502,-10.81508149,-11.01107784,-11.17601232,-11.30786662,-11.40252776,-11.45550507,-11.46607029,-11.43126242,-11.34855184,-11.21668422,-11.0343247,-10.80208248,-10.52020612,-10.18986882,-9.812537746,-9.390472508,-8.926157248,-8.422266399,-7.881581781,-7.306813271,-6.700555406,-6.065267782,-5.403140573,-4.716246621,-4.006568055,-3.276139422,-2.527074791,-1.761737028,-0.982867662,-0.193624182,0.60231793,1.400836558,2.197444436,2.987239133,3.765328742,4.526751323,5.26682332,5.98119272,6.66611495,7.318462298,7.935928262,8.517053199,9.061137935,9.568313147,10.03958507,10.47649886,10.88110036,11.25572253,11.60289887,11.92503084,12.22420885,12.50237251,12.76076826,13.00034338,13.22145341,13.42387592,13.60715009,13.77071828,13.91359634,14.03528912,14.13527448,14.21357708,14.27131479,14.30869899,14.32874391,14.33361658,14.32621734,14.30952443,14.28725191,14.26201678
0,-18.98887472,-18.97426519,-18.90323494,-18.77329856,-18.58889406,-18.35656795,-18.08291317,-17.77713401,-17.4491028,-17.10897397,-16.76687902,-16.43193026,-16.11225725,-15.81481191,-15.5448596,-15.30578635,-15.09932758,-14.92550516,-14.78280124,-14.66831952,-14.57815534,-14.50804246,-14.45328276,-14.40966276,-14.37236824,-14.33787531,-14.30286932,-14.26515949,-14.2232532,-14.17638835,-14.12464491,-14.06920984,-14.01114801,-13.95237793,-13.89492576,-13.84091938,-13.79243895,-13.75114456,-13.7187044,-13.69621756,-13.68478882,-13.68414558,-13.6951461,-13.71751505,-13.75094893,-13.79485366,-13.84871113,-13.91178367,-13.98306696,-14.06218752,-14.14727894,-14.23714487,-14.33011845,-14.42406978,-14.51676572,-14.60558364,-14.68775376,-14.76068475,-14.82152348,-14.8677538,-14.8971018,-14.90756736,-14.89753099,-14.86732523,-14.81545219,-14.74256996,-14.64989555,-14.5381446,-14.41072078,-14.26763382,-14.11157779,-13.94505152,-13.76918601,-13.58598035,-13.39733066,-13.20485585,-13.0099245,-12.81590166,-12.62507981,-12.44068021,-12.26644631,-12.10687589,-11.96534715,-11.84795343,-11.75867112,-11.70212909,-11.68294844,-11.7038635,-11.76686388,-11.87394785,-12.02379447,-12.21374216,-12.43913628,-12.69300262,-12.96761452,-13.25289341,-13.53862111,-13.81475026,-14.07140366,-14.30043154,-14.49536124
0,-27.48967936,-27.29056532,-27.03220233,-26.71495934,-26.34210773,-25.92025388,-25.45509364,-24.95796572,-24.44045978,-23.91497257,-23.39446038,-22.89152438,-22.41764835,-21.98282688,-21.59526873,-21.26078042,-20.98296408,-20.76312604,-20.60005554,-20.49256709,-20.43506076,-20.42363597,-20.44971094,-20.50860413,-20.59307198,-20.69600528,-20.81123647,-20.93316746,-21.05713105,-21.17994892,-21.29758598,-21.40984865,-21.51644184,-21.61599665,-21.71098824,-21.80272354,-21.89302549,-21.98441018,-22.07909527,-22.17913086,-22.28632196,-22.40258843,-22.52780437,-22.6623429,-22.80607855,-22.95697329,-23.11384772,-23.27335136,-23.4343571,-23.59104468,-23.74084871,-23.87956653,-24.00297502,-24.10556731,-24.18593036,-24.23804068,-24.25868177,-24.24631795,-24.19664696,-24.10801475,-23.97965858,-23.80979945,-23.60019876,-23.34983325,-23.05958238,-22.73287608,-22.3709596,-21.97706165,-21.55467677,-21.10767976,-20.64046088,-20.15750657,-19.66351373,-19.16316719,-18.66146443,-18.16348097,-17.67443032,-17.19988844,-16.74555721,-16.31617958,-15.91994369,-15.56186872,-15.24840117,-14.98586286,-14.78001508,-14.6358038,-14.56017647,-14.55305416,-14.61523751,-14.75170506,-14.95911919,-15.23910577,-15.58028269,-15.98077082,-16.4329022,-16.92544621,-17.44787425,-17.9885865,-18.53564936,-19.07724699,-19.60250118
0,-21.80790626,-21.74020297,-21.6386406,-21.5175105,-21.37372014,-21.21432241,-21.04937821,-20.88584382,-20.73185172,-20.59776045,-20.48516744,-20.40439308,-20.3585333,-20.34662634,-20.36813059,-20.42789573,-20.51725782,-20.63614863,-20.77902611,-20.94301936,-21.12133282,-21.31219341,-21.51170888,-21.71704424,-21.925746,-22.13653428,-22.34813559,-22.55966901,-22.77061202,-22.98007534,-23.18710335,-23.39050206,-23.58896778,-23.78050459,-23.96264886,-24.13164922,-24.28784087,-24.42463634,-24.54216453,-24.63405307,-24.69785017,-24.73148141,-24.72880397,-24.69171905,-24.61238192,-24.48822728,-24.31948992,-24.10728625,-23.84445226,-23.53093757,-23.16993959,-22.76434003,-22.30778884,-21.80779525,-21.26476787,-20.68058464,-20.05938957,-19.40382115,-18.71702141,-18.00321106,-17.26578968,-16.50882185,-15.73682658,-14.95353024,-14.16317469,-13.37026854,-12.57864296,-11.79235119,-11.01537088,-10.25110714,-9.503064212,-8.774156718,-8.067055686,-7.384487908,-6.728430056,-6.10045554,-5.502830512,-4.936963786,-4.403989692,-3.906151202,-3.445227053,-3.02264327,-2.640551052,-2.301650278,-2.008436666,-1.760048332,-1.565991277,-1.41863391,-1.325132399,-1.281027787,-1.293893713,-1.354679888,-1.464072573,-1.61890152,-1.811496347,-2.038976497,-2.290772763,-2.564722489,-2.850742088,-3.141949905,-3.436679355
0,-11.9803053,-11.86548166,-11.70221005,-11.4967862,-11.26455749,-11.01278541,-10.75671512,-10.50981713,-10.2848981,-10.09387789,-9.946510975,-9.848607039,-9.811133308,-9.826890168,-9.904666006,-10.03910245,-10.22912954,-10.46867718,-10.75005018,-11.06778395,-11.41389444,-11.78083427,-12.16104059,-12.54727205,-12.93299633,-13.31249935,-13.68093116,-14.03444085,-14.36997784,-14.68553646,-14.9803402,-15.25337649,-15.50552053,-15.73640288,-15.94835836,-16.14053793,-16.31426775,-16.46900004,-16.6045937,-16.71975399,-16.81271163,-16.88193058,-16.92430769,-16.9366018,-16.91596148,-16.85809748,-16.76051879,-16.62321116,-16.44006614,-16.21131747,-15.93616031,-15.61483209,-15.24421079,-14.83364291,-14.37865199,-13.88508748,-13.35682533,-12.79874685,-12.21654692,-11.61636305,-11.00454687,-10.38760358,-9.771906814,-9.163680468,-8.568726888,-7.992523006,-7.439745249,-6.91417633,-6.418950464,-5.956333638,-5.527949801,-5.134440535,-4.775926484,-4.452223301,-4.162169209,-3.904800394,-3.678562709,-3.481727177,-3.312794406,-3.169273377,-3.052510297,-2.957517004,-2.886763669,-2.838586217,-2.812737572,-2.808497575,-2.826980705,-2.867559038,-2.929718758,-3.014381697,-3.119623144,-3.245396455,-3.390173169,-3.553286876,-3.730716719,-3.921292636,-4.121326716,-4.327329597,-4.535586967,-4.742093425,-4.943237188
1,1.565787856,1.078523104,0.727664295,0.557488099,0.602231611,0.856759288,1.300045237,1.894632193,2.592196761,3.341295678,4.092625035,4.802587797,5.435056465,5.96327642,6.369028499,6.644543739,6.781379037,6.78375136,6.658629139,6.415894226,6.072314442,5.645716338,5.151144663,4.606938112,4.029028846,3.433119606,2.830002799,2.231780693,1.646903297,1.081665701,0.539767588,0.022563138,-0.470520898,-0.941641184,-1.393763456,-1.829900994,-2.252680581,-2.66382209,-3.063224845,-3.448500828,-3.815114806,-4.156885746,-4.465562534,-4.737043571,-4.963819608,-5.143652203,-5.277112239,-5.367392722,-5.420611412,-5.442747903,-5.440178168,-5.417032816,-5.374976683,-5.313370672,-5.228263665,-5.115401227,-4.971252894,-4.794798121,-4.583507946,-4.340968738,-4.071059137,-3.77869357,-3.467898381,-3.140068159,-2.798905074,-2.440864366,-2.061742123,-1.657708063,-1.22125089,-0.748041604,-0.235195209,0.317825298,0.908810619,1.532776128,2.182223271,2.848965344,3.523142362,4.195690866,4.859161867,5.507529931,6.136081596,6.740705476,7.317649579,7.862649815,8.370591066,8.834773587,9.246858821,9.596289419,9.871055775,10.06066667,10.15088444,10.13904352,10.0190902,9.79894761,9.492527854,9.13039929,8.742082937,8.369948127,8.046496649,7.811621378,7.686735075
1,33.68623976,34.08014074,34.60606485,35.23878952,35.94530314,36.68609737,37.41861642,38.10257054,38.70776533,39.21465161,39.61491052,39.90601147,40.08790781,40.16568792,40.14643672,40.04636449,39.88233099,39.67141991,39.42648939,39.15700886,38.87180029,38.58182132,38.30187021,38.05180522,37.85310138,37.718787,37.64920761,37.62513043,37.61302972,37.57429611,37.47778122,37.30614611,37.05460914,36.74281623,36.40411363,36.0843758,35.82456194,35.65241269,35.57569485,35.58291992,35.65207523,35.75547443,35.8820088,36.03348158,36.21613306,36.43162576,36.66833746,36.90283055,37.10749214,37.25663016,37.32832044,37.30202112,37.15465875,36.87350268,36.46025187,35.93793304,35.34750703,34.73774712,34.15186289,33.62269519,33.17285551,32.81348905,32.54987579,32.37672645,32.28112823,32.2418015,32.23427054,32.23831603,32.23677171,32.22276905,32.18852033,32.13639041,32.07227382,32.01363364,31.9834183,32.00780681,32.09331788,32.23417632,32.40303331,32.56636748,32.69451965,32.76849441,32.77831174,32.72503739,32.61307203,32.45397249,32.26152255,32.04301901,31.80183281,31.54001045,31.26760837,31.00312125,30.7771575,30.61798588,30.54325306,30.55095492,30.62048493,30.72033346,30.82304482,30.91665592,31.00606052
1,-8.646252064,-8.769337774,-8.860809706,-8.900072974,-8.871984606,-8.769821505,-8.59188903,-8.344941865,-8.042296738,-7.700859455,-7.339838103,-6.976714684,-6.627776693,-6.305462043,-6.017997277,-5.769303267,-5.559324891,-5.385078719,-5.241870684,-5.122363424,-5.021918904,-4.934300495,-4.85494846,-4.780752337,-4.709860916,-4.641552818,-4.576012864,-4.514109346,-4.457271893,-4.407082006,-4.365171739,-4.332770919,-4.310867813,-4.299665429,-4.299877014,-4.311590331,-4.334928532,-4.369354608,-4.41504905,-4.471263801,-4.537432706,-4.612127408,-4.694178342,-4.782149002,-4.874737274,-4.971098469,-5.071038153,-5.175286699,-5.285540873,-5.40488795,-5.536268187,-5.683873755,-5.852044746,-6.044175631,-6.262842701,-6.509038263,-6.781841453,-7.077994731,-7.392041155,-7.716068389,-8.040218517,-8.353292006,-8.643501989,-8.899620956,-9.1105316,-9.268120791,-9.369550771,-9.409486533,-9.388087267,-9.307201311,-9.171484013,-8.983311576,-8.747739496,-8.468819357,-8.148838415,-7.791609044,-7.399870785,-6.976340296,-6.523409656,-6.043116344,-5.536722592,-5.006444114,-4.451629053,-3.874138351,-3.275414271,-2.658829908,-2.02961578,-1.393967901,-0.762697174,-0.147062847,0.440877863,0.988775808,1.485511123,1.921797851,2.291363926,2.591468629,2.824844634,2.99579149,3.114938468,3.195090925,3.251730384
1,-8.729981252,-8.188140582,-7.516678057,-6.727219205,-5.843125714,-4.88641472,-3.887339658,-2.866323228,-1.844552066,-0.845245753,0.101839698,0.968182072,1.737906556,2.385411522,2.914670201,3.332257425,3.657710803,3.925370907,4.173771407,4.443304374,4.770676954,5.184746555,5.704332066,6.331046742,7.054485552,7.851251071,8.688357861,9.532472958,10.35450529,11.13602879,11.87020222,12.56198001,13.21962028,13.86062389,14.48709292,15.09578992,15.67121002,16.203963,16.68641164,17.12201952,17.5268587,17.92685238,18.35569297,18.84637641,19.4238544,20.09637721,20.84809662,21.63974175,22.41813142,23.12569034,23.71678396,24.17177409,24.48931765,24.69916286,24.84012082,24.94835618,25.05393126,25.16724847,25.29374399,25.42551927,25.5638615,25.72287268,25.92747546,26.21881815,26.62234678,27.14885559,27.78510449,28.50021069,29.25979251,30.03613756,30.81073173,31.57691077,32.33256461,33.0707446,33.78753768,34.46049027,35.06442548,35.57487021,35.96560206,36.2228126,36.35090468,36.36999477,36.30142759,36.18607967,36.03280343,35.84123821,35.58886523,35.2445916,34.77416732,34.15369455,33.38508888,32.48990179,31.50701672,30.4886161,29.48804327,28.55167408,27.71403618,26.99416081,26.40006005,25.92818055,25.57012866
1,12.10163638,12.64637248,13.17215773,13.6597513,14.09787991,14.48083594,14.79802998,15.03950146,15.1949917,15.26374292,15.25670485,15.19116295,15.09105176,14.97483799,14.85549303,14.74113834,14.63315491,14.52913227,14.4253181,14.31996949,14.21478284,14.11157401,14.00886321,13.90116684,13.7792206,13.63337404,13.4566399,13.24570022,13.00079818,12.72446524,12.41484636,12.07246043,11.69492133,11.28289298,10.84083754,10.37877158,9.914023294,9.463449807,9.038276377,8.641435541,8.268146056,7.909216003,7.554613117,7.197964776,6.838120145,6.479448609,6.129619911,5.796352236,5.484018142,5.191818423,4.91215579,4.633488918,4.343767878,4.037133249,3.714960995,3.384895648,3.0645401,2.774762968,2.536943598,2.365078347,2.262755789,2.223620567,2.238304106,2.30012435,2.407039122,2.560391858,2.762999687,3.013726431,3.306115521,3.629866681,3.973911803,4.330608264,4.697123731,5.074083993,5.463072833,5.861310622,6.260800995,6.650517647,7.025816662,7.396338337,7.784872237,8.220802975,8.730194871,9.329937085,10.02164063,10.79300182,11.62329057,12.49194836,13.38405861,14.28826613,15.19552541,16.09718885,16.98184731,17.83107127,18.61431892,19.29375425,19.82029982,20.15719657,20.30407675,20.308016,20.26867957
1,2.125045758,1.885903447,1.742299248,1.735290303,1.875688254,2.150352482,2.535609283,2.981025382,3.435103387,3.845171328,4.165701051,4.358653492,4.412681137,4.321693708,4.090079267,3.747245292,3.323255859,2.857468103,2.389984976,1.955089225,1.579171723,1.284521327,1.071151555,0.940711302,0.880025241,0.875899804,0.906970601,0.951784302,0.996471532,1.020812507,1.016486554,0.973246439,0.886799051,0.751790235,0.574456326,0.354013254,0.100468966,-0.178709357,-0.470115555,-0.760110324,-1.033076351,-1.279076797,-1.486191612,-1.65141468,-1.77358975,-1.862476818,-1.925728219,-1.975747407,-2.025061134,-2.08449809,-2.16192124,-2.263821454,-2.385209164,-2.527926224,-2.682672577,-2.840901788,-2.988661289,-3.113033594,-3.216545411,-3.281014014,-3.313529691,-3.30775942,-3.269778461,-3.199871805,-3.111027254,-2.996415797,-2.860912405,-2.703416095,-2.521606122,-2.306337812,-2.055137433,-1.759577176,-1.414242433,-1.012069768,-0.558373027,-0.048715569,0.511528829,1.118087287,1.767027974,2.455476955,3.181154341,3.949135544,4.76415117,5.636747658,6.576190248,7.601868405,8.725888772,9.958773224,11.3020913,12.74594452,14.26339082,15.81175659,17.33148537,18.75541429,20.01843156,21.07171518,21.8943932,22.50125574,22.93895722,23.27973739,23.59821035
1,-3.625780584,-2.885475259,-2.001694912,-0.983427516,0.154819294,1.407387911,2.778548427,4.249343521,5.842353999,7.530468803,9.286463379,11.07499485,12.86778435,14.65132946,16.3923791,18.07570721,19.68567109,21.21164867,22.62829526,23.94723062,25.11042122,26.09771423,26.88207007,27.44361496,27.77713263,27.89376016,27.7999805,27.51638156,27.06838558,26.44714321,25.6338643,24.61738723,23.39274305,21.98121234,20.375659,18.61167386,16.72666955,14.77715502,12.83455599,10.97732771,9.267555397,7.751128915,6.451043247,5.364078826,4.465133664,3.701611354,3.000346557,2.29904987,1.559833131,0.780457165,-0.000362268,-0.74275675,-1.416668151,-2.002916938,-2.494956416,-2.896468965,-3.211694346,-3.444511264,-3.595478488,-3.68016429,-3.714791475,-3.727287092,-3.762678997,-3.862543088,-4.04616547,-4.347255496,-4.727399577,-5.145411116,-5.529337539,-5.808615448,-5.916164097,-5.814024206,-5.494274163,-4.966977674,-4.272888129,-3.447608578,-2.536929172,-1.579159393,-0.611778756,0.331020058,1.21702973,2.017312338,2.708238046,3.27702545,3.726590187,4.075610593,4.350644034,4.579561384,4.785643644,4.981161487,5.165350336,5.33500616,5.471790436,5.57436418,5.650096078,5.698290573,5.74835142,5.826655608,5.957790179,6.182985179,6.517552581
1,-11.52393209,-10.76632976,-9.735394628,-8.38153712,-6.66103343,-4.541384872,-2.008133352,0.931851493,4.248135259,7.885841621,11.76626077,15.79273437,19.85950789,23.85842319,27.68956607,31.26963508,34.5373254,37.45138357,39.98937132,42.15021568,43.94108648,45.38931024,46.51068601,47.3301839,47.86665184,48.1556222,48.19696833,48.04349621,47.68081157,47.14151753,46.4374336,45.57856029,44.57272133,43.42866537,42.15303741,40.75170783,39.23051334,37.59493833,35.85103052,34.00563771,32.06646739,30.04397628,27.95347069,25.81524872,23.65508488,21.50517245,19.40274929,17.38833409,15.50109965,13.77579138,12.24397822,10.92318212,9.820685053,8.930027343,8.230318831,7.689625568,7.273430611,6.940727397,6.655624229,6.387426799,6.117825061,5.833541781,5.530723297,5.219861178,4.897523718,4.583100489,4.283001947,4.004179398,3.747972521,3.513910936,3.293112601,3.076305927,2.854510608,2.61715577,2.37419597,2.129402739,1.901233193,1.698324702,1.533370631,1.411188084,1.331390801,1.285759853,1.262524874,1.252622782,1.244381043,1.224604714,1.193954759,1.145881066,1.079065859,0.995624502,0.892173057,0.773820862,0.643231536,0.504415838,0.362203238,0.222103463,0.091174273,-0.026888556,-0.11958504,-0.18296316,-0.208161368
1,19.33012812,19.56134562,19.84070352,20.16928986,20.54682885,20.97170803,21.44118877,21.95209529,22.5010864,23.0857598,23.70413581,24.35505476,25.03734498,25.75040042,26.49348614,27.26504258,28.06306044,28.8848318,29.72627669,30.58176332,31.44347302,32.30193915,33.14628833,33.9646708,34.74258893,35.46376858,36.10983486,36.6626674,37.108745,37.43586809,37.64290842,37.73438958,37.72231355,37.62187965,37.45189574,37.22520016,36.95351328,36.64054602,36.29021297,35.90501908,35.48750705,35.04109801,34.56832555,34.07151539,33.55254945,33.0122571,32.45024365,31.86481701,31.25309683,30.61164029,29.93814026,29.23194041,28.49334645,27.72247662,26.91993493,26.08805462,25.23174504,24.35835873,23.4767201,22.59584906,21.72504634,20.87322339,20.0491875,19.26154026,18.51892894,17.83100595,17.20708479,16.66029222,16.20186288,15.8416609,15.58698412,15.44112109,15.39673468,15.44652439,15.57852777,15.77837372,16.03565765,16.3451763,16.70657953,17.12226114,17.59584897,18.12605267,18.70713436,19.32684235,19.96266178,20.57984868,21.13845698,21.59996881,21.9102652,22.03736144,21.95779149,21.66958111,21.19098264,20.56300727,19.83592522,19.06660651,18.30395961,17.58836768,16.94710052,16.3941635,15.93147885
1,-27.41070301,-27.10847533,-26.7375328,-26.30339185,-25.81238642,-25.27163286,-24.68880031,-24.07251714,-23.43185403,-22.77603992,-22.11407748,-21.45419816,-20.80368396,-20.16816329,-19.55146513,-18.9554826,-18.38051375,-17.8255801,-17.28878284,-16.76759116,-16.25924593,-15.76108201,-15.270601,-14.78555623,-14.30408722,-13.82490354,-13.34728846,-12.8712293,-12.39715945,-11.92607908,-11.46008351,-11.00033941,-10.55163858,-10.11689533,-9.700441453,-9.308533072,-8.943724259,-8.612642055,-8.31929595,-8.067014298,-7.858239557,-7.694135886,-7.574508046,-7.498536977,-7.462826274,-7.463724487,-7.497186363,-7.556963103,-7.636537726,-7.730346942,-7.827967644,-7.924228087,-8.011071197,-8.083638703,-8.13470934,-8.160240778,-8.156940371,-8.12185774,-8.05426057,-7.952625557,-7.816564685,-7.646769619,-7.444420942,-7.211022632,-6.949634672,-6.663659407,-6.357202773,-6.034875044,-5.701944596,-5.363038895,-5.022728582,-4.68470561,-4.351463955,-4.024495997,-3.705021507,-3.39189307,-3.08415011,-2.780324844,-2.478726306,-2.178259816,-1.878382781,-1.578970932,-1.280474869,-0.983453017,-0.688640427,-0.396611586,-0.108857789,0.174158941,0.451334166,0.721451351,0.982973398,1.233990809,1.472314813,1.694766286,1.898385781,2.07987305,2.23727469,2.367421475,2.469250229,2.542015825,2.586259269
1,10.33821975,10.33504792,10.58979042,11.15072757,11.9900515,13.0772254,14.33820506,15.72194599,17.19324021,18.72866321,20.31355343,21.93542719,23.58267993,25.24375112,26.90771737,28.56330905,30.198564,31.80448658,33.3731366,34.89643199,36.36460168,37.7606752,39.07759957,40.32047175,41.50160972,42.63396094,43.71985265,44.74472627,45.67485978,46.48704475,47.14960187,47.65982911,48.01919075,48.2245449,48.27494762,48.17216962,47.9226516,47.53941407,47.03870109,46.44129055,45.76847292,45.05229083,44.30281624,43.53354075,42.74663713,41.95068709,41.12768762,40.25860234,39.32106776,38.29713728,37.18496081,36.00106934,34.7785416,33.55743353,32.37336649,31.2553082,30.22890068,29.31251942,28.5195538,27.84109743,27.22329805,26.57932287,25.79698756,24.78952145,23.53150947,22.0887837,20.62894132,19.38497512,18.56352957,18.22198622,18.22529245,18.37063359,18.50346487,18.5507445,18.51154553,18.40781458,18.25920484,18.05990535,17.80106278,17.48451557,17.13685786,16.79862709,16.52407423,16.38628907,16.40818545,16.63546582,17.06087519,17.61873901,18.2492169,18.84115532,19.28429163,19.48565739,19.39489726,19.025072,18.48991519,17.84152633,17.20106786,16.63196787,16.18358022,15.88898002,15.77736369
1,21.19908304,21.36768666,21.6770295,22.12918302,22.6899289,23.28426421,23.80029006,24.11039468,24.09690896,23.68455877,22.88255041,21.79800713,20.60231856,19.45512024,18.45227875,17.61967988,16.91228207,16.25903314,15.58705293,14.8587714,14.05759698,13.19296927,12.28771211,11.38689653,10.53551934,9.784618764,9.174476643,8.708452912,8.338385417,7.992252459,7.61814847,7.202429008,6.756094873,6.293163281,5.809808979,5.303539834,4.774765934,4.254044205,3.785294556,3.393944772,3.072095318,2.791862735,2.541846977,2.328299038,2.169595636,2.074383586,2.047174031,2.06769038,2.101430692,2.109859004,2.060836045,1.938711343,1.750470374,1.530064497,1.33718259,1.23754602,1.283133571,1.484227712,1.820244822,2.246624808,2.718760862,3.202510045,3.679270821,4.147446184,4.62204057,5.121236274,5.659852757,6.226318368,6.790265139,7.312160582,7.755805601,8.103449998,8.350357258,8.506303262,8.587816626,8.616703257,8.625975573,8.653379325,8.754983746,8.970409458,9.32466239,9.806667978,10.38944844,11.03197276,11.69512484,12.33318733,12.91691947,13.43347653,13.8922827,14.32763931,14.78332486,15.29437282,15.86075712,16.45429637,17.023075,17.51766932,17.91394593,18.22192849,18.47787561,18.71842172,18.9525554
1,-24.9972157,-24.94964547,-24.96250488,-24.98459562,-24.95710776,-24.84195858,-24.62459828,-24.30338659,-23.86746374,-23.2916819,-22.5494694,-21.62563951,-20.5331882,-19.31700371,-18.05589288,-16.84374613,-15.76925864,-14.88054637,-14.17921294,-13.60027955,-13.07187319,-12.50497114,-11.85396328,-11.10888462,-10.31318884,-9.53307588,-8.854538933,-8.325986459,-7.935980391,-7.612823224,-7.234035573,-6.687402659,-5.915430929,-4.93095245,-3.807198158,-2.648827407,-1.548501182,-0.577348251,0.226265275,0.863652508,1.355149785,1.783309681,2.270897256,2.924704769,3.789747634,4.825398073,5.935664998,7.035219879,8.077531101,9.051219824,9.956951214,10.77940983,11.48346718,12.03977437,12.44546203,12.69068693,12.78211995,12.70627319,12.48942344,12.18642867,11.87511186,11.62571702,11.45086205,11.32298783,11.19886638,11.05839308,10.92583716,10.85815795,10.9177647,11.13390857,11.46950025,11.85034769,12.19002637,12.42257315,12.52354639,12.51804823,12.45795254,12.39767451,12.36540752,12.35729091,12.34704147,12.3169271,12.25335547,12.15001524,12.0049814,11.81827762,11.5846706,11.30262178,10.99816495,10.71860082,10.52134239,10.45334143,10.52961924,10.74179731,11.05485714,11.42412664,11.80968255,12.18078068,12.51569252,12.80062902,13.03786904
1,35.36551138,34.69532278,34.09738687,33.5185208,32.92061968,32.29925491,31.67319345,31.06853226,30.51943798,30.08989719,29.88264934,29.99936948,30.47578923,31.25632826,32.20406587,33.10983758,33.77056792,34.09241285,34.12559489,34.02931262,34.02088997,34.33350888,35.10630875,36.21875586,37.33076703,38.16680375,38.71696672,39.13993178,39.53369237,39.88827038,40.16993742,40.38752959,40.55729479,40.63513587,40.54359182,40.2888297,39.9638587,39.66122526,39.43281714,39.3101293,39.31416283,39.39158658,39.40816426,39.28224635,39.05821686,38.83574513,38.64298896,38.44613056,38.25985429,38.16394587,38.19958716,38.31500028,38.40538662,38.42982337,38.44095581,38.51209368,38.6977344,39.05701589,39.69307612,40.70401179,42.05470613,43.51510108,44.84534768,45.95256271,46.87361794,47.67402679,48.36934091,48.90988006,49.22247462,49.26447032,49.06011317,48.70582989,48.33373904,48.03470117,47.81757454,47.62656508,47.42704708,47.27195508,47.27049189,47.50580959,47.89352624,48.18671154,48.14216079,47.66197108,46.76403698,45.52031014,44.05421681,42.53096151,41.10429852,39.8608516,38.78469966,37.73704957,36.54143817,35.10264391,33.4746205,31.82196691,30.31293382,29.03504095,27.9810382,27.11555867,26.44190873
1,31.44346553,31.51874691,31.69985264,32.01506738,32.49090567,33.15041921,34.01543256,35.10326724,36.41949625,37.94901873,39.65781773,41.48835158,43.37517664,45.25747173,47.08965018,48.84679177,50.51488149,52.10182389,53.5951644,54.98593494,56.25640533,57.38525808,58.35396871,59.14445165,59.74337077,60.14080797,60.33235336,60.34386522,60.18053427,59.87658068,59.45116723,58.92808486,58.32327265,57.65463854,56.93117008,56.15047834,55.30727828,54.39839466,53.42658924,52.4080248,51.36682812,50.32840667,49.31340397,48.33359001,47.39135281,46.48288563,45.60213848,44.73955215,43.88659645,43.04038031,42.20517405,41.39315515,40.62954681,39.93585347,39.33783721,38.8529492,38.47627863,38.19852444,37.99654955,37.84794623,37.73873994,37.6669255,37.63327554,37.64072302,37.69856713,37.81801585,38.00485013,38.25481268,38.55461402,38.88395107,39.22576857,39.56749451,39.9064856,40.24296689,40.58146443,40.92796771,41.29865833,41.70724704,42.1643631,42.67240888,43.22439137,43.80703336,44.40322589,44.99812921,45.57682811,46.13078687,46.65359686,47.13811144,47.58310488,47.98965092,48.35514903,48.6786834,48.9587858,49.19226921,49.37660013,49.5126548,49.6082289,49.67811593,49.7394229,49.80872125,49.89345518
1,-1.127435216,-1.349240111,-1.386604728,-1.194368119,-0.741050381,-0.05097403,0.837360326,1.863012746,2.955142253,4.041599487,5.05630522,5.938003315,6.646090568,7.157678024,7.452281965,7.530498625,7.408090805,7.110462898,6.672175363,6.131650364,5.529089478,4.887028909,4.259074906,3.640151896,3.051756544,2.50618281,1.998773449,1.536249673,1.125151993,0.766513534,0.462737763,0.219103304,0.033781854,-0.094784364,-0.175396655,-0.21991275,-0.243312588,-0.26031379,-0.28365179,-0.314552939,-0.355551949,-0.390458924,-0.413290218,-0.415970979,-0.395079458,-0.351867041,-0.290595259,-0.219081479,-0.142686212,-0.067716166,0.000408642,0.054391977,0.091632528,0.107870892,0.099869233,0.070065491,0.016710832,-0.057474195,-0.14740128,-0.245097548,-0.340003011,-0.419459652,-0.469596028,-0.482371304,-0.444302136,-0.356642753,-0.213976366,-0.016008915,0.244377706,0.56415259,0.959012309,1.43860601,2.008504531,2.678902408,3.449646917,4.315064876,5.263335758,6.278344387,7.343122005,8.441926156,9.563487342,10.70205841,11.85700797,13.03063244,14.22499665,15.43865389,16.66325816,17.88167206,19.06789713,20.18905439,21.20936034,22.09430135,22.82101873,23.3700583,23.74385149,23.96206167,24.04920608,24.04491957,23.99531727,23.94221337,23.92947395
1,9.3153102,9.364116208,9.377765368,9.348215609,9.267750613,9.129179544,8.929252923,8.666719481,8.344223795,7.96566225,7.537634075,7.067061167,6.56035858,6.022480204,5.457201738,4.867357297,4.255723197,3.626312163,2.9857888,2.34570599,1.720305048,1.127648772,0.586229363,0.111959598,-0.284755963,-0.600573632,-0.836867113,-1.000203023,-1.098907394,-1.141411625,-1.140201616,-1.101020346,-1.029858083,-0.930501041,-0.803638058,-0.650011343,-0.470833785,-0.269358954,-0.050923927,0.17686737,0.405288013,0.624066499,0.824837833,1.00024393,1.14486972,1.255400781,1.330556052,1.370419924,1.377809602,1.358002001,1.319285022,1.272646446,1.230236721,1.204140673,1.204128755,1.236363892,1.303138787,1.402643707,1.53154414,1.685143578,1.858665542,2.048678826,2.252554984,2.468417696,2.694767599,2.930952923,3.177018555,3.434358526,3.706314185,3.998864492,4.320650396,4.683282567,5.100011371,5.583369419,6.145021184,6.792194164,7.527474713,8.348803246,9.250411031,10.22435954,11.26233004,12.35734696,13.50548555,14.7060786,15.96006688,17.2675542,18.62464464,20.02089866,21.44047598,22.86385596,24.26998325,25.63635752,26.93983526,28.15870102,29.27241019,30.26285952,31.11381037,31.81326443,32.35578434,32.74508199,32.99326045
1,8.625391985,7.908428747,7.494159261,7.425160728,7.644577102,8.179615212,8.996472766,10.03848632,11.25145108,12.57858287,13.96499804,15.36111094,16.72525574,18.02484086,19.23652862,20.34590093,21.34643683,22.23791919,23.02511244,23.71608065,24.32087149,24.85004698,25.31361684,25.72025379,26.07676171,26.38779586,26.65599405,26.87984929,27.06354099,27.20057282,27.29092129,27.33179608,27.32041409,27.2576484,27.14251306,26.97234563,26.74835933,26.4700691,26.13768036,25.7503362,25.30717327,24.80679304,24.24803548,23.62979153,22.95140097,22.21329736,21.41707376,20.56603721,19.66547317,18.7227734,17.74749119,16.7511507,15.74682913,14.74861403,13.77108215,12.82863756,11.93492402,11.10229343,10.34154151,9.661483995,9.068589156,8.567842771,8.161457854,7.850992643,7.634376624,7.510115728,7.476554388,7.533839857,7.671304995,7.88536541,8.179719992,8.545231362,8.978899341,9.476559992,10.03321665,10.64318389,11.29956462,11.99395966,12.71759881,13.45482417,14.19450988,14.91841083,15.60790333,16.24219208,16.79987169,17.25671588,17.5933823,17.8022058,17.84659553,17.73792193,17.46309103,17.0295442,16.44801479,15.74085019,14.9373617,14.07355493,13.19173123,12.33456726,11.54698314,10.8709902,10.34055649
1,3.681085658,4.276245207,5.211417505,6.548014965,8.332447703,10.58781318,13.30358499,16.42341273,19.84815398,23.44301157,27.05424583,30.52796045,33.72450478,36.53434252,38.88626327,40.74919899,42.13772663,43.10187574,43.72166869,44.09026991,44.30407266,44.4437711,44.56465688,44.68480474,44.79562088,44.85641063,44.81296307,44.59637406,44.15089369,43.41357229,42.34658995,40.93550408,39.19328014,37.1670359,34.93481549,32.58977209,30.2312743,27.94877773,25.81543645,23.87538753,22.15555101,20.66270141,19.40018838,18.36863909,17.56594461,16.9939268,16.64597702,16.51215326,16.57625933,16.8174251,17.2076237,17.72528633,18.34172614,19.02967441,19.76293861,20.51858834,21.2799874,22.03103491,22.76924663,23.49582857,24.22307594,24.97407382,25.78133061,26.68003758,27.70804657,28.89319019,30.25005974,31.76914301,33.41676414,35.13471656,36.85452755,38.51174776,40.06281417,41.49046239,42.79746234,43.9966207,45.10039409,46.1135253,47.03272909,47.84550295,48.53582406,49.08742115,49.48690891,49.7279806,49.81377111,49.75091174,49.55201575,49.23399495,48.8147771,48.31386176,47.75559052,47.16638796,46.57622393,46.01374006,45.50436802,45.06696784,44.71238966,44.43909754,44.24331287,44.11218405,44.03045915
1,-9.195961824,-9.288614161,-9.634929585,-10.25099512,-11.02785528,-11.75130538,-12.21808941,-12.36949741,-12.31628821,-12.20985902,-12.08872583,-11.89747467,-11.59593935,-11.19831028,-10.76473727,-10.36760407,-10.05463797,-9.829934002,-9.677887198,-9.589002745,-9.550372784,-9.55797489,-9.590347225,-9.638090498,-9.701327806,-9.821226685,-10.02223007,-10.31060007,-10.64639802,-10.97389547,-11.2499095,-11.46615752,-11.64093384,-11.80752382,-11.99402064,-12.19885718,-12.37404863,-12.45458913,-12.40336436,-12.2419642,-12.02246677,-11.7765215,-11.50279604,-11.19932502,-10.88908463,-10.61575941,-10.41843421,-10.31717866,-10.30616966,-10.36116783,-10.44174353,-10.49095017,-10.45834916,-10.3233918,-10.10642635,-9.853717662,-9.624003569,-9.471259034,-9.413519238,-9.424867143,-9.463086086,-9.48290105,-9.433164448,-9.263641913,-8.958873649,-8.563961094,-8.160576393,-7.820928492,-7.571956396,-7.392837912,-7.249618653,-7.1163107,-6.985614688,-6.853450265,-6.707825039,-6.536560348,-6.337285946,-6.11156938,-5.847566993,-5.516463739,-5.09563628,-4.591072567,-4.039396613,-3.487276791,-2.960996416,-2.460828095,-1.977110938,-1.51721507,-1.106713411,-0.780877599,-0.564348296,-0.451967002,-0.407478762,-0.371017928,-0.289768866,-0.12930768,0.124207694,0.467238115,0.882133793,1.343276963,1.836595889
1,-48.64879887,-48.67756076,-48.59038134,-48.38110041,-48.05280082,-47.60920177,-47.0681648,-46.46076304,-45.81071306,-45.14686982,-44.50242746,-43.9012257,-43.36462165,-42.90903355,-42.54582386,-42.28409869,-42.11930418,-42.05273117,-42.07568217,-42.18000003,-42.34925269,-42.57300239,-42.8299446,-43.11019537,-43.39623946,-43.67469304,-43.93494278,-44.16822162,-44.36691804,-44.53214296,-44.66088891,-44.75581571,-44.82089961,-44.86146127,-44.88313074,-44.89106391,-44.89157092,-44.88904185,-44.88829725,-44.89355195,-44.90872401,-44.93310401,-44.96907702,-45.01589166,-45.07200664,-45.13667022,-45.20524992,-45.27928529,-45.35525539,-45.43225084,-45.508199,-45.5828554,-45.65243192,-45.71420612,-45.76356907,-45.79525258,-45.80169493,-45.7792505,-45.71794194,-45.61398405,-45.46371616,-45.26521622,-45.01884818,-44.72671698,-44.39672979,-44.03226996,-43.64251202,-43.23561506,-42.81999888,-42.40362236,-41.99395665,-41.59680664,-41.21662095,-40.85545396,-40.51312729,-40.18678109,-39.87075679,-39.55617782,-39.23342426,-38.88936912,-38.50973012,-38.08156911,-37.59226089,-37.03098549,-36.39095756,-35.67016511,-34.87338354,-34.01281368,-33.10733877,-32.18223821,-31.26622819,-30.39011103,-29.58312022,-28.8684943,-28.2624322,-27.76954783,-27.38198191,-27.08225513,-26.84614104,-26.64272354,-26.44141116
1,-16.14925329,-15.53082551,-14.80681932,-14.04797882,-13.32983986,-12.71684455,-12.2538641,-11.95850674,-11.82363952,-11.81558467,-11.88756952,-11.9884183,-12.07529422,-12.12083705,-12.11524958,-12.0583683,-11.94914475,-11.78008573,-11.54122792,-11.23034199,-10.86168548,-10.46539961,-10.07957091,-9.737969512,-9.475008497,-9.305333691,-9.227310699,-9.232415521,-9.315643876,-9.474188563,-9.699821939,-9.971123198,-10.25597255,-10.52744275,-10.76402286,-10.95696656,-11.10901521,-11.23079344,-11.33281934,-11.41599668,-11.468008,-11.46767011,-11.3946576,-11.24044779,-11.01374758,-10.74177759,-10.46356902,-10.22042457,-10.04238051,-9.939668593,-9.900223408,-9.892136115,-9.877817521,-9.828287635,-9.735784429,-9.612750248,-9.482006655,-9.365066312,-9.27138771,-9.20222783,-9.154423913,-9.119870042,-9.088887246,-9.053842872,-9.011926683,-8.963255143,-8.907291885,-8.836594991,-8.740541929,-8.609251346,-8.434041485,-8.210390711,-7.937828461,-7.62447163,-7.286617907,-6.945840889,-6.622148342,-6.330301015,-6.075185408,-5.852013738,-5.649422605,-5.455469709,-5.261195001,-5.062041008,-4.852663241,-4.629101481,-4.389567541,-4.136421437,-3.874442743,-3.608590485,-3.344141903,-3.086470653,-2.84215981,-2.619282632,-2.425659342,-2.266778012,-2.144807775,-2.055987989,-1.991792347,-1.940612927,-1.889825215
1,24.67861741,25.06215908,25.77862037,26.84765637,28.27608617,30.04902581,32.13092324,34.46743099,36.98895036,39.61587325,42.26464126,44.85306607,47.30449049,49.55116831,51.5427884,53.23456132,54.60895863,55.66232667,56.41356351,56.89726479,57.15782492,57.25380803,57.23963667,57.16815684,57.07966079,57.0012769,56.94714683,56.91940635,56.91283786,56.92095147,56.93453965,56.94685861,56.95297973,56.94897179,56.9323221,56.90063544,56.85286353,56.78822175,56.70799652,56.61386406,56.50838247,56.3943288,56.27470978,56.15149463,56.02667805,55.90158018,55.77691871,55.65374852,55.53189158,55.41186359,55.29378615,55.17763427,55.06359262,54.95181859,54.84254021,54.73600903,54.63252222,54.5322363,54.43509397,54.34082662,54.24891507,54.15933414,54.07203222,53.98738998,53.90616768,53.82932961,53.75803736,53.69336737,53.6360558,53.58659607,53.54494999,53.51099031,53.48477923,53.46649563,53.45652029,53.4550517,53.46226268,53.47751389,53.49974903,53.52758138,53.56004662,53.59459967,53.62994151,53.66289622,53.689712,53.70623875,53.70889891,53.69492552,53.66259491,53.61124859,53.5410473,53.45234223,53.34568253,53.22206412,53.0845252,52.9378194,52.79042097,52.6531466,52.53999044,52.46492008,52.44080883
1,14.33788148,14.55790524,14.87846145,15.29581944,15.80109787,16.38313709,17.02827327,17.72549412,18.4640932,19.23627373,20.03420442,20.85027134,21.67493874,22.49431198,23.29229409,24.0502463,24.75146477,25.38164717,25.92839645,26.38532494,26.75224858,27.04102845,27.26874462,27.45771833,27.63073901,27.80417816,27.99092564,28.19505355,28.42294512,28.67227263,28.93633978,29.20278437,29.4561464,29.68223446,29.8717961,30.02095711,30.13025641,30.20374169,30.24746603,30.26632097,30.27074378,30.26851594,30.27265298,30.29371262,30.33978608,30.41600789,30.52539527,30.66855366,30.84374582,31.04645229,31.26962096,31.50229706,31.72796881,31.93182429,32.09987965,32.22339939,32.29957382,32.32348346,32.28682152,32.17829806,31.98424377,31.69281981,31.30406345,30.8245812,30.27112864,29.67298619,29.0631342,28.47540508,27.94108233,27.48184637,27.11083192,26.83635547,26.65458723,26.56618652,26.56917594,26.66231089,26.83915869,27.08603034,27.38420631,27.70978388,28.03970667,28.35696396,28.63975689,28.878639,29.064237,29.19105721,29.25963829,29.27306982,29.2375709,29.16287256,29.06215821,28.9480261,28.83086435,28.71617098,28.60426185,28.49343021,28.37911088,28.25992219,28.13598295,28.01090386,27.88837699
1,-8.320988723,-8.391667128,-8.419391571,-8.440332214,-8.492887753,-8.607376945,-8.801270203,-9.078491373,-9.432136551,-9.848433272,-10.30319992,-10.76698188,-11.20089926,-11.5657905,-11.83228287,-11.99052414,-12.05235678,-12.05026055,-12.03069023,-12.04691388,-12.14676558,-12.35735822,-12.67778965,-13.0821474,-13.52842393,-13.97238288,-14.37493038,-14.71020138,-14.96812394,-15.15159881,-15.27092838,-15.34078852,-15.36987916,-15.36559116,-15.33053388,-15.26983914,-15.1899408,-15.10206287,-15.02080812,-14.96048675,-14.93331936,-14.94448218,-14.99099954,-15.0562162,-15.10470579,-15.08035911,-14.92358403,-14.57722497,-14.02903845,-13.31865858,-12.52663724,-11.73965547,-11.02616204,-10.43275752,-9.982310778,-9.681896904,-9.520696097,-9.46889692,-9.4815281,-9.506863359,-9.507223714,-9.457819874,-9.365200289,-9.248972892,-9.131135943,-9.029905057,-8.956408113,-8.920342985,-8.928668521,-8.985749641,-9.088199402,-9.228769682,-9.39003768,-9.548570715,-9.672307517,-9.728980128,-9.691798484,-9.548424287,-9.309877943,-9.001735378,-8.662785755,-8.332039731,-8.039753772,-7.80181982,-7.619027169,-7.480325344,-7.367148882,-7.268152825,-7.179871448,-7.1077769,-7.065895365,-7.069278062,-7.128709227,-7.242492195,-7.403591527,-7.594612615,-7.795136795,-7.983624656,-8.139901705,-8.249958239,-8.300504631
1,34.38362471,34.92316688,35.45911242,35.98817465,36.50533029,37.00397695,37.47627841,37.9143964,38.3114698,38.66025826,38.95691717,39.19856003,39.38280177,39.50785871,39.57087712,39.57282516,39.51187806,39.38882247,39.20418974,38.95799062,38.64661816,38.26728048,37.81543495,37.28700721,36.67931531,35.99541926,35.2400103,34.42374667,33.55997308,32.66589335,31.76048182,30.86284073,29.99084249,29.15843129,28.37494196,27.64385908,26.96441924,26.32999099,25.73118807,25.15904652,24.60533868,24.06487975,23.53522942,23.01568818,22.50644828,22.00703834,21.51530591,21.02896325,20.54522337,20.06171743,19.57738492,19.09444845,18.61508384,18.1416018,17.67620956,17.2178285,16.76381065,16.31007334,15.85227784,15.38660945,14.91132045,14.42599361,13.93274362,13.43380176,12.93258278,12.43197646,11.93452244,11.44194826,10.95523442,10.47442181,9.998757142,9.526520091,9.055311989,8.582909127,8.108229168,7.63186586,7.155052736,6.684841215,6.228711855,5.798039646,5.405948313,5.065620025,4.789145926,4.586739177,4.465077922,4.424901145,4.463009804,4.57176239,4.739234411,4.949926073,5.186803884,5.43463357,5.684306485,5.935986641,6.200379669,6.493768982,6.831558117,7.22350158,7.66771904,8.158188557,8.683305713
1,45.33421562,45.57883147,45.83757262,46.11071462,46.39210942,46.67388427,46.94115935,47.18220265,47.3865477,47.55331441,47.68505573,47.78960235,47.87963278,47.9677474,48.06380932,48.17747594,48.30954266,48.4636627,48.63612909,48.8224513,49.01706242,49.22399439,49.43641686,49.66362341,49.90847634,50.17427866,50.45783359,50.75217387,51.04653949,51.32988677,51.59233379,51.82810198,52.03528768,52.21542743,52.37131864,52.50910719,52.63480482,52.75248061,52.86317461,52.97060251,53.06648807,53.14430662,53.19635314,53.21328867,53.18856938,53.11472247,52.98506065,52.79015755,52.52011383,52.16291772,51.71351052,51.16587707,50.51742319,49.77523339,48.94967245,48.05724086,47.1174296,46.15136714,45.18066933,44.22673087,43.30960493,42.44445978,41.64526852,40.91350315,40.24971141,39.64530891,39.09254788,38.57594722,38.08240593,37.6008748,37.12362066,36.64764014,36.17400376,35.70487529,35.24305732,34.79234144,34.35964326,33.95431218,33.59080082,33.28282343,33.03882296,32.86082952,32.74536295,32.686191,32.67814295,32.71860541,32.80505869,32.93702356,33.11326691,33.33523081,33.59988209,33.90080631,34.2258678,34.55737338,34.87684614,35.16966208,35.42881351,35.65926125,35.87904297,36.10921375,36.3784796
1,15.89562806,15.66265612,15.64510101,15.83375885,16.22421362,16.79086328,17.49919214,18.32069664,19.21510913,20.14798349,21.08761166,22.00619073,22.88012602,23.6904168,24.42062211,25.05965794,25.60504204,26.04575602,26.38084037,26.61190885,26.7436031,26.77716757,26.7255394,26.59553286,26.40125301,26.15652482,25.87583362,25.57454195,25.26375095,24.95448114,24.65446076,24.36991584,24.10097183,23.85064017,23.61408544,23.38993174,23.17026787,22.95107884,22.72751992,22.49674617,22.25685589,22.00856456,21.75523416,21.50218451,21.25667884,21.02811411,20.82200523,20.65044509,20.51982215,20.4354201,20.40100373,20.41830874,20.48734747,20.6066113,20.77435917,20.98712136,21.24007523,21.53076003,21.85530759,22.2089562,22.59218361,23.00478489,23.44817595,23.92443642,24.43592027,24.98476287,25.57261378,26.19988747,26.8655149,27.56673743,28.29905739,29.05644749,29.83143816,30.61512885,31.39799289,32.17056754,32.92409293,33.65093451,34.34529783,35.00296119,35.62104145,36.1978954,36.73205678,37.22207592,37.66573677,38.0572494,38.39636072,38.66836107,38.86831404,38.98466789,39.01107666,38.93946309,38.77276758,38.50998199,38.16503748,37.74585247,37.28198511,36.79497458,36.31005901,35.85439936,35.44864984
1,-9.681068716,-9.836932277,-10.07982788,-10.3623867,-10.62884019,-10.85113037,-11.03348671,-11.17958438,-11.30019774,-11.38920883,-11.43347258,-11.39297122,-11.2300121,-10.89986687,-10.36308555,-9.594204179,-8.567069162,-7.262847708,-5.662532451,-3.780876595,-1.67119246,0.583396821,2.898410152,5.221331914,7.543164365,9.867813408,12.18120525,14.43574936,16.59219271,18.61255995,20.49439599,22.25009022,23.89956866,25.44722071,26.91508709,28.31626772,29.6690494,30.99172584,32.28407453,33.51775614,34.68085554,35.740552,36.676716,37.47037254,38.1158377,38.62494984,39.01783436,39.29142625,39.43629687,39.44821496,39.34639291,39.18629807,39.04298243,38.97859632,39.01174322,39.1077583,39.20184042,39.22152829,39.11238901,38.84918517,38.47508841,38.04076669,37.64118232,37.34919909,37.2124745,37.25075676,37.45961491,37.81153793,38.28668344,38.83097901,39.38597168,39.89506038,40.36412412,40.84404994,41.37630961,41.93533083,42.46077253,42.91392964,43.29261709,43.62478073,43.94101628,44.2596472,44.59767243,44.97437667,45.40987107,45.91245487,46.48857426,47.11152996,47.75520944,48.39256279,49.00570155,49.57881094,50.10934764,50.59492999,51.03601316,51.42691442,51.76053774,52.01901753,52.18894365,52.25887317,52.22837844
1,25.29437683,25.66250963,26.4308735,26.20279464,25.54988868,24.42438851,22.43896432,22.62054713,22.7646933,23.04678891,22.82325057,22.67117127,22.44995548,22.43818443,22.88736894,22.27532224,22.4424548,22.62267728,22.76633908,22.869508,22.65050389,22.27688316,22.36626586,22.25969507,22.38377872,22.74848926,23.41077795,24.21983484,24.67430895,24.41359987,24.18195661,24.17109963,24.38673585,25.33036172,26.04461138,25.7655731,25.74204318,25.71534529,25.62955284,25.59883408,25.53254343,25.32960343,24.71784557,24.38363739,24.1802008,23.9312595,23.82615671,24.04491006,24.40779814,24.53081676,25.20217134,25.59610378,25.14322077,24.87702631,24.20744719,24.00427634,23.75416257,23.19253572,23.01834078,22.92815692,23.14967222,23.11296144,23.13930922,23.01444329,22.7972854,22.71275143,22.62113931,22.47347597,22.17534558,22.2710738,22.3794972,22.30208051,22.02507899,21.74822407,21.65063833,21.53402966,21.46994094,21.48826785,21.47281518,21.34939829,21.35582164,21.45802066,21.38020354,21.19130667,21.22918848,21.09658157,20.85973952,20.06213475,19.4868774,19.09346275,18.43129447,17.94247966,17.29938727,17.19452383,16.95174651,16.54043841,15.92386638,15.76534716,15.99088652,15.55443815,14.87880355
1,40.48665517,40.37877368,40.47968295,40.7526607,41.13164513,41.57177703,42.01763713,42.42173292,42.75210388,42.98407857,43.1376048,43.19949576,43.19538595,43.14514113,43.06911293,42.98350376,42.89741635,42.81152994,42.71731427,42.59315798,42.43169345,42.19732568,41.87414668,41.45038621,40.91086656,40.25173801,39.4797076,38.60112123,37.62648215,36.5734598,35.45852586,34.29787083,33.10691784,31.90059723,30.69229455,29.49363175,28.31274122,27.15553023,26.02597244,24.92636974,23.85916956,22.82342004,21.82092088,20.83922234,19.88880955,18.96492827,18.0735754,17.22327043,16.42414983,15.68619449,15.01643331,14.41758888,13.88751811,13.41850837,12.99695275,12.6112316,12.25092038,11.90535713,11.57060482,11.241826,10.91367017,10.57910325,10.22964178,9.856971046,9.454483569,9.020065537,8.555452466,8.064143928,7.551757894,7.026583844,6.497175629,5.979700631,5.490202099,5.055381189,4.695421592,4.434977827,4.287550181,4.261103185,4.35939324,4.567272421,4.87976299,5.278159115,5.744460498,6.258669654,6.805295667,7.368094198,7.932284282,8.493918738,9.046178048,9.589629799,10.12584856,10.65710379,11.17696749,11.67651438,12.14449418,12.56821504,12.93223179,13.24017534,13.47385617,13.63793772,13.74428973
1,35.38211915,35.39847507,35.4637024,35.56141552,35.67335703,35.79206929,35.93683273,36.13561067,36.38685043,36.66048178,36.91094352,37.09481338,37.18522094,37.19464689,37.17485146,37.15519277,37.12618442,37.08808834,37.04942888,37.01989828,37.0118397,37.04109897,37.12765378,37.25315947,37.31892657,37.23312508,37.04693736,36.91490335,36.93990786,37.12502719,37.4036099,37.67201602,37.86036792,37.96077462,37.99763664,38.02427664,38.08472519,38.17796737,38.27470802,38.36844258,38.47678315,38.60817877,38.74920337,38.86894586,38.94252002,38.98547844,39.0392203,39.11596505,39.20040146,39.27623196,39.32854579,39.3521039,39.34800467,39.30164204,39.19677738,39.03816929,38.85101155,38.65414711,38.46983796,38.34115579,38.29958931,38.34747852,38.46214953,38.60411179,38.70907268,38.701948,38.59094747,38.45347975,38.35972483,38.31164608,38.2624319,38.16686345,38.0336561,37.92970794,37.92701828,38.05217623,38.29035632,38.6388007,39.09841642,39.62697191,40.12529717,40.49609452,40.73038296,40.87482013,40.9338058,40.91552468,40.88504577,40.86386007,40.80304044,40.71699766,40.70189993,40.67683308,40.4871243,40.14150223,39.76135739,39.43225583,39.14487327,38.8661938,38.64591742,38.61909325,38.81023944
1,-11.7512687,-10.99924109,-9.225177166,-7.104569595,-5.430601588,-4.103924332,-3.088865385,-2.231414293,-1.026338464,0.374674839,1.302159799,1.784241103,2.292896611,3.026441717,3.995092737,5.615889099,6.947457642,6.244482678,4.248275914,2.672030521,1.982888698,1.665380939,1.194909037,0.305755427,-1.001484121,-2.594333798,-4.373880549,-6.196507254,-7.822489816,-9.041587826,-10.07592158,-11.36771228,-12.36558496,-11.95792072,-10.02367499,-8.312534884,-7.900472164,-7.941104649,-7.589414787,-7.107909204,-7.062150886,-7.659488813,-8.52972579,-9.305600813,-9.964056313,-10.6779803,-11.47034901,-12.1709493,-12.73649898,-13.304188,-13.98177443,-14.89034587,-16.09103386,-17.48037942,-18.73397136,-19.60348523,-20.08282729,-20.21193907,-19.96908573,-19.58418852,-19.38319922,-19.24381844,-18.91558795,-18.38471154,-17.79632512,-17.43201935,-17.27895934,-17.00861034,-16.59666671,-16.13279905,-15.68891231,-15.35193753,-15.04160436,-14.6826542,-14.51350149,-14.67766683,-14.95671079,-15.15672067,-15.22685133,-15.16530331,-15.01431826,-14.82586491,-14.51178152,-14.08128919,-13.787054,-13.79064736,-13.95404633,-13.96550995,-13.61109981,-13.22379276,-13.16038961,-13.14460562,-13.06463182,-13.16013026,-13.59150271,-14.23076588,-14.75774023,-15.03837687,-15.14100861,-15.152804,-15.21119136
1,-12.98239011,-12.75344235,-12.56014969,-12.37513881,-12.17610429,-11.94923007,-11.67860371,-11.37308985,-11.03587386,-10.68540723,-10.3388045,-10.01510432,-9.732327619,-9.502261888,-9.334992586,-9.234628404,-9.2008755,-9.23058267,-9.314108103,-9.441682777,-9.596613125,-9.767153793,-9.937684397,-10.09477849,-10.22731901,-10.32655443,-10.3853092,-10.39969646,-10.36929851,-10.29437901,-10.17719556,-10.02682108,-9.849156212,-9.654959944,-9.45641618,-9.266422736,-9.098098839,-8.961559529,-8.865612464,-8.812871768,-8.806111194,-8.838114268,-8.909393127,-9.007997501,-9.129115284,-9.263921168,-9.406242971,-9.549945724,-9.691099115,-9.826477363,-9.95579206,-10.07671176,-10.1892135,-10.29212463,-10.38418568,-10.46399952,-10.52919677,-10.57819303,-10.60925973,-10.62002433,-10.60693093,-10.57008852,-10.50491621,-10.40941417,-10.28179241,-10.1238288,-9.936048526,-9.724283549,-9.495722142,-9.259553185,-9.024872019,-8.802344308,-8.597631555,-8.41697654,-8.261215548,-8.129407456,-8.014925453,-7.906642323,-7.796090892,-7.668063834,-7.510960973,-7.316310863,-7.076683446,-6.79226346,-6.467805489,-6.11368089,-5.747206452,-5.386830363,-5.055571437,-4.777121685,-4.563376122,-4.435661127,-4.396523858,-4.445862016,-4.572137436,-4.759860186,-4.988292896,-5.236170855,-5.479384559,-5.701313489,-5.890652303
